NGRAM,VALUE,
lay brass,0.2
lay lay,0.2
work maggi,0.2
hard hard,0.1968503937007874
hang pictur,0.1891891891891892
pictur frame,0.16666666666666666
stay ahead,0.16666666666666666
a-gonna fall,0.14285714285714285
babi blue,0.14285714285714285
brand leopard-skin,0.14285714285714285
brand pill-box,0.14285714285714285
cassius clay,0.14285714285714285
complet roll,0.14285714285714285
complet unknown,0.14285714285714285
dear landlord,0.14285714285714285
eatin eatin,0.14285714285714285
hang frame,0.14285714285714285
happen jone,0.14285714285714285
happen mister,0.14285714285714285
highway 61,0.14285714285714285
jingle-jangl followin,0.14285714285714285
leopard-skin pill-box,0.14285714285714285
lowland prophet,0.14285714285714285
mama stuck,0.14285714285714285
mister jone,0.14285714285714285
mobil memphi,0.14285714285714285
new york,0.14285714285714285
peggi day,0.14285714285714285
philosoph fear,0.14285714285714285
pledg hopin,0.14285714285714285
prophet warehous,0.14285714285714285
sad-ey prophet,0.14285714285714285
suppos sooner,0.14285714285714285
tom pain,0.14285714285714285
unknown roll,0.14285714285714285
warehous arabian,0.14285714285714285
william zanzing,0.14285714285714285
franki lee,0.13580246913580246
desol row,0.13333333333333333
lay big,0.13333333333333333
mama insid,0.13333333333333333
stuck insid,0.13333333333333333
stuck memphi,0.13333333333333333
stuck mobil,0.13333333333333333
spend peggi,0.1320754716981132
factori daddi,0.13043478260869565
older younger,0.13043478260869565
arabian drum,0.1282051282051282
blue-ey darl,0.1282051282051282
mr. tambourin,0.1282051282051282
pictur hang,0.1282051282051282
queen jane,0.1282051282051282
warehous drum,0.1282051282051282
alon stone,0.125
dyin blanket,0.125
fear rag,0.125
insid memphi,0.125
insid mobil,0.125
piti immigr,0.125
mr. man,0.12359550561797752
chime freedom,0.12280701754385964
tambourin man,0.12195121951219512
along cove,0.12
direct complet,0.12
direct unknown,0.12
gaze chime,0.12
gaze freedom,0.12
mountain rang,0.12
sport car,0.12
world war,0.12
gate eden,0.11764705882352941
arabian gate,0.11627906976744186
sweet mari,0.11627906976744186
tambourin play,0.11627906976744186
tonight mari,0.11627906976744186
tonight sweet,0.11627906976744186
a-gonna blue-ey,0.1111111111111111
bid farewel,0.1111111111111111
critic fear,0.1111111111111111
daddi food,0.1111111111111111
daddi lookin,0.1111111111111111
disgrac fear,0.1111111111111111
fall blue-ey,0.1111111111111111
food tombston,0.1111111111111111
lookin tombston,0.1111111111111111
philosoph critic,0.1111111111111111
philosoph disgrac,0.1111111111111111
shoe daddi,0.1111111111111111
stay stay,0.1111111111111111
throw troubl,0.1111111111111111
brand hat,0.1076923076923077
leopard-skin hat,0.1076923076923077
pill-box hat,0.1076923076923077
drum gate,0.10638297872340426
mr. play,0.10638297872340426
pawn game,0.10638297872340426
blowin wind,0.10344827586206896
daddi alley,0.10344827586206896
factori lookin,0.10344827586206896
factori shoe,0.10344827586206896
man play,0.10204081632653061
alley lookin,0.10144927536231885
critic rag,0.1
disgrac rag,0.1
hard rain,0.1
end memphi,0.0989010989010989
end mobil,0.0989010989010989
memphi blue,0.0989010989010989
mobil blue,0.0989010989010989
chime flash,0.09803921568627451
freedom flash,0.09803921568627451
kitchen tombston,0.09803921568627451
oxford town,0.09803921568627451
vision johanna,0.09803921568627451
factori alley,0.0967741935483871
thousand mile,0.0967741935483871
hard a-gonna,0.09554140127388536
tambourin song,0.09433962264150944
answer blowin,0.09090909090909091
brand new,0.09090909090909091
captain arab,0.09090909090909091
disgrac critic,0.09090909090909091
end stuck,0.09090909090909091
gaze flash,0.09090909090909091
gettin fill,0.09090909090909091
lay across,0.09090909090909091
lookin food,0.09090909090909091
mama end,0.09090909090909091
mama daddi,0.09090909090909091
new leopard-skin,0.09090909090909091
new pill-box,0.09090909090909091
rag tear,0.09090909090909091
shoe food,0.09090909090909091
shoe lookin,0.09090909090909091
street gettin,0.09090909090909091
stuck blue,0.09090909090909091
tambourin jingle-jangl,0.09090909090909091
three o'clock,0.09090909090909091
throw suitcas,0.09090909090909091
ticket throw,0.09090909090909091
tonight stay,0.09090909090909091
william philosoph,0.09090909090909091
zanzing philosoph,0.09090909090909091
mr. song,0.08771929824561403
wo jane,0.08771929824561403
end insid,0.08695652173913043
insid blue,0.08695652173913043
alley food,0.08571428571428572
mama factori,0.08571428571428572
shoe alley,0.08571428571428572
blue-ey son,0.0847457627118644
man song,0.0847457627118644
maggi farm,0.08411214953271028
babe lookin,0.08333333333333333
big brass,0.08333333333333333
cove spi,0.08333333333333333
day stole,0.08333333333333333
spend day,0.08333333333333333
maggi work,0.08270676691729323
play song,0.08196721311475409
wo queen,0.08196721311475409
answer wind,0.08108108108108109
gettin gettin,0.08108108108108109
jump jump,0.08108108108108109
morn mile,0.08108108108108109
pictur pictur,0.08108108108108109
somehow older,0.08108108108108109
food kitchen,0.07936507936507936
gate wait,0.07936507936507936
juda priest,0.07936507936507936
lookin kitchen,0.07936507936507936
sleepi mr.,0.07936507936507936
son darl,0.07936507936507936
dyin bound,0.07692307692307693
mama shoe,0.07692307692307693
stay awhil,0.07692307692307693
stone stone,0.07692307692307693
throw throw,0.07692307692307693
new hat,0.07526881720430108
alley kitchen,0.07462686567164178
live honey,0.07462686567164178
man jingle-jangl,0.07462686567164178
man sleepi,0.07462686567164178
blame game,0.07317073170731707
brother hand,0.07317073170731707
darl young,0.07317073170731707
fear take,0.07317073170731707
mama alley,0.07317073170731707
peggi night,0.07317073170731707
philosoph take,0.07317073170731707
second mother,0.07317073170731707
somehow younger,0.07317073170731707
tombston blue,0.07317073170731707
zanzing disgrac,0.07317073170731707
along spi,0.07142857142857142
bound blanket,0.07142857142857142
peggi stole,0.07142857142857142
maggi maggi,0.07086614173228346
play followin,0.07042253521126761
play jingle-jangl,0.07042253521126761
play sleepi,0.07042253521126761
sleepi go,0.07042253521126761
ten thousand,0.07042253521126761
feel direct,0.06976744186046512
a-gonna son,0.06666666666666667
arabian sad-ey,0.06666666666666667
ask honey,0.06666666666666667
ask live,0.06666666666666667
blame pawn,0.06666666666666667
countri pie,0.06666666666666667
fall son,0.06666666666666667
hang hang,0.06666666666666667
jane jane,0.06666666666666667
lay lay,0.06666666666666667
lovin honey,0.06666666666666667
lowland sad-ey,0.06666666666666667
much older,0.06666666666666667
sad-ey ladi,0.06666666666666667
sad-ey lowland,0.06666666666666667
take rag,0.06666666666666667
god side,0.06474820143884892
ladi lay,0.06451612903225806
food blue,0.06382978723404255
much younger,0.06382978723404255
arabian put,0.06329113924050633
babe babe,0.06329113924050633
blue-ey young,0.06329113924050633
drum sad-ey,0.06329113924050633
maggi pa,0.06329113924050633
time a-changin,0.06329113924050633
warehous put,0.06329113924050633
work work,0.06293706293706294
priest lee,0.0625
stay stay,0.0625
someth happen,0.061946902654867256
someth jone,0.061946902654867256
someth mister,0.061946902654867256
hard fall,0.06172839506172839
want want,0.06172839506172839
babe babe,0.061224489795918366
critic take,0.061224489795918366
disgrac take,0.061224489795918366
feel home,0.061224489795918366
morn thousand,0.061224489795918366
sooner later,0.061224489795918366
suppos later,0.061224489795918366
want honey,0.061224489795918366
drum put,0.060240963855421686
gate sad-ey,0.060240963855421686
jane queen,0.060240963855421686
jingle-jangl morn,0.060240963855421686
morn followin,0.060240963855421686
rain a-gonna,0.060240963855421686
rain fall,0.060240963855421686
work farm,0.05982905982905983
gaze upon,0.058823529411764705
hour ship,0.058823529411764705
priest franki,0.058823529411764705
home complet,0.05747126436781609
put gate,0.05747126436781609
answer answer,0.05660377358490566
gettin empti,0.05660377358490566
oxford oxford,0.05660377358490566
tri close,0.05660377358490566
stay still,0.05555555555555555
want bad,0.05555555555555555
go tambourin,0.054945054945054944
kitchen blue,0.054945054945054944
later us,0.054945054945054944
maggi brother,0.054945054945054944
queen queen,0.054945054945054944
sleepi place,0.054945054945054944
song followin,0.054945054945054944
song jingle-jangl,0.054945054945054944
song sleepi,0.054945054945054944
lookin babe,0.05454545454545454
upon chime,0.05454545454545454
upon freedom,0.05454545454545454
realli mobil,0.05389221556886228
across brass,0.05263157894736842
brass bed,0.05263157894736842
dyin bed,0.05263157894736842
dyin put,0.05263157894736842
feel alon,0.05263157894736842
lay across,0.05263157894736842
pass fell,0.05263157894736842
poor immigr,0.05263157894736842
sad-ey wait,0.05263157894736842
babe babe,0.050505050505050504
go mr.,0.050505050505050504
put wait,0.050505050505050504
blanket bed,0.05
pass last,0.05
piti poor,0.05
put blanket,0.05
day peggi,0.04918032786885246
stone stone,0.04918032786885246
use light,0.04918032786885246
mama realli,0.04878048780487805
realli stuck,0.04878048780487805
