NGRAM,VALUE,
drift scene,1022.333197708607
play knick-knack,912.6093571069204
call jack-a-ro,862.6405741788631
els sure,862.6405741788631
face cannonbal,862.6405741788631
sure hang,862.6405741788631
thank tea,862.6405741788631
boogi woogi,857.9513074330492
bird fli,766.3749187658525
knick-knack paddywhack,761.3729878277602
babe blood,717.41072505066
lordi lordi,708.757467643666
god know,702.851682617137
burn burn,694.6587430575307
eight nine,681.0000003185132
burn ring,578.1442911013032
e'er daughter,574.6875460002489
wound coupl,574.6875460002489
handi dandi,546.392615076057
lordi lord,541.187291488723
blood eye,495.15514668199637
good honey,483.79639783671365
hard time,474.2673919983139
wed supper,452.00109240288765
wiggl wiggl,438.6136742265754
heal wound,430.7110956343583
quick heal,430.7110956343583
higher burn,416.6594376736079
a-hoppin brook,382.68777532980454
broken flea,382.68777532980454
cornbread layin,382.68777532980454
cornbread shelf,382.68777532980454
coupl marri,382.68777532980454
first moth,382.68777532980454
jim jone,382.68777532980454
juney bug,382.68777532980454
layin shelf,382.68777532980454
mous within,382.68777532980454
mr. a-hoppin,382.68777532980454
mr. brook,382.68777532980454
mrs. cow,382.68777532980454
uncl consent,382.68777532980454
linger cabin,382.3129897940457
sigh weari,382.3129897940457
billi lyon,381.93826580166433
broke-down engin,381.5636034726
diamond joe,381.5636034726
john b.,381.18900292692894
pat swear,381.18900292692894
weari time,381.0633215408047
boogi woogi,379.3169311617406
boogi boogi,379.3169311617406
woogi boogi,379.3169311617406
woogi woogi,379.3169311617406
good babi,374.8581784821857
burn fire,351.2752721032752
black davey,345.11753749721856
paddywhack bone,345.11753749721856
paddywhack dog,345.11753749721856
ten thousand,341.5021215116421
forsak husband,339.6672381596548
sigh hard,338.39002002855426
weari hard,338.39002002855426
stand pat,333.15833400337294
stand swear,333.15833400337294
twenti iron,333.15833400337294
b. stetson,326.6801737972452
john stetson,326.6801737972452
mean mean,326.6801737972452
walk dirt,326.6801737972452
knick-knack give,326.10434941093956
burn ring,317.9178492101805
doorway cri,317.9178492101805
stetson hat,317.9178492101805
bone roll,313.3416511905426
burn ring,313.3416511905426
dog bone,313.3416511905426
burn flame,305.50082437138826
flame burn,305.50082437138826
sugar candi,305.50082437138826
three four,304.7517246354325
boogi countri,302.4074560154523
woogi countri,302.4074560154523
black jack,297.30113998596073
babi honey,295.8012902693163
lord lordi,291.99680577965006
iron bound,291.12488108273584
ring fire,287.09655734222645
bein christma,286.6880276595868
botani bay,286.6880276595868
bumbley bee,286.6880276595868
first flyin,286.6880276595868
flame higher,286.6880276595868
flyin moth,286.6880276595868
gambl done,286.6880276595868
laugh fat,286.6880276595868
laugh shook,286.6880276595868
laugh side,286.6880276595868
love henri,286.6880276595868
momma done,286.6880276595868
piec cornbread,286.6880276595868
piec layin,286.6880276595868
piec shelf,286.6880276595868
runnin downtown,286.6880276595868
seaport canadee-i-o,286.6880276595868
sittin top,285.51773954267406
closer million,276.0039944425824
alright til,272.18911156101956
b. hat,272.18911156101956
john hat,272.18911156101956
jack davey,270.22968047833507
twenti cold,265.91578423097525
much longer,254.29283659816423
song sigh,254.29283659816423
song weari,254.29283659816423
dirt road,253.50263562863935
worri sittin,253.50263562863935
wind blow,244.04130590577083
blood babe,243.99098720317718
babe eye,242.1914283791778
heaven close,237.8926733070276
cold bound,232.27852663625006
cold iron,232.27852663625006
arthur mcbride,229.08828924330524
frog a-hoppin,229.08828924330524
frog brook,229.08828924330524
higher burn,229.08828924330524
mr. frog,229.08828924330524
miss mousey,221.08784775611562
pat step,221.08784775611562
swear step,221.08784775611562
old play,217.7940030646613
day cabin,217.715807533116
day linger,217.715807533116
go-yeah pat,217.715807533116
go-yeah swear,217.715807533116
walk road,216.89643554856187
time day,216.14856991238435
mari jane,214.7467390143129
fat side,214.67670912754133
shook fat,214.67670912754133
shook side,214.67670912754133
blue-ey jane,213.46074967682063
stand doorway,211.2177680331517
lawd lawd,211.03446046949188
uncl rat,206.93551319270878
knick-knack dog,206.67479628396333
two two,201.9277244433578
see see,193.77218534792166
stand step,193.0481570426991
eye care,191.94760881841998
christma mornin,190.68855549889224
henri cri,190.68855549889224
higher ring,190.68855549889224
uncl downtown,190.68855549889224
uncl laugh,190.68855549889224
believ lawd,190.4695882306498
lawd day,190.4695882306498
lawd quit,190.4695882306498
go-yeah stand,190.28312770564395
silver gold,190.28312770564395
mean boogi,189.4729805289575
mean woogi,189.4729805289575
woogi mean,189.4729805289575
worri top,189.44204117269015
closer mile,188.66378107478113
play paddywhack,187.8555331653883
friend ever,179.79693479327713
stand cri,175.62850408956635
eye blood,175.28371868076204
togeth pull,173.8023044081084
yet get,173.8023044081084
million mile,172.9291466729386
burn ring,172.41815697485717
knick-knack bone,170.35501681670982
big snake,168.946680743219
longer wait,168.946680743219
forsak forsak,168.91911563975188
supper supper,168.91911563975188
closer still,167.3145260261812
twenti mile,165.05389601649472
go-yeah pat,163.26025303405825
go-yeah swear,163.26025303405825
goe creep,163.26025303405825
shadow creep,163.26025303405825
step pat,163.26025303405825
done wrong,162.78622759291804
paddywhack give,162.78622759291804
bone came,162.03355796222536
came roll,162.03355796222536
dog came,162.03355796222536
boogi mean,162.00562784059645
mean boogi,162.00562784059645
mean woogi,162.00562784059645
woogi mean,162.00562784059645
done franki,157.84264362284298
ring fire,154.46869378082255
wiggl till,153.9695878599315
dark get,151.85281264555397
countri mean,151.05585150111713
mean countri,151.05585150111713
wiggl till,148.52545363573873
good lawd,147.91866985041074
lawd good,147.91866985041074
give bone,147.56173805695465
give dog,147.56173805695465
eye babe,146.26131238075124
hors togeth,144.52691581459183
mile bound,144.0113967024562
mile iron,144.0113967024562
know know,143.64110402010184
ring ring,143.2906879589791
miss mari,142.75896083122004
creep blue-ey,142.68909515268047
go-yeah stand,142.68909515268047
said mous,142.68909515268047
said within,142.68909515268047
step stand,142.68909515268047
take much,142.68909515268047
without consent,142.68909515268047
without uncl,142.68909515268047
bein mornin,142.6658217871289
love cri,142.6658217871289
uncl fat,142.6658217871289
uncl runnin,142.6658217871289
uncl shook,142.6658217871289
flame burn,137.91204969173518
ring flame,137.91204969173518
roll play,137.54212433475368
four five,136.89940714121005
lord lord,136.31181423852212
left doorway,135.00474014118907
know god,134.4435866829449
twenti town,131.43456010529783
went burn,129.69488678685005
countri mean,129.0719935964203
mean countri,129.0719935964203
blood blood,128.56497631632732
die lawd,126.3360339786941
everi nerv,126.3360339786941
go-yeah step,126.27415518387423
rounder friend,126.27415518387423
want money,126.27415518387423
dandi sugar,125.85936127761755
wiggl wiggl,125.85936127761755
roll home,125.05098172963243
god god,124.70472971133134
fire burn,123.17045760768319
babe care,122.48575692927945
went higher,122.29401897680697
wolf look,122.19113389379089
man play,121.86194552165188
still million,120.66202411588681
wiggl wiggl,118.0964592780987
delia rounder,116.42676272127603
wed wed,116.31452002046075
town bound,114.59062435415925
town iron,114.59062435415925
mile cold,114.55314597766994
honey wrong,113.89462878391366
five six,113.85248165711278
boogi girl,113.11032195975766
woogi girl,113.11032195975766
next black,113.0251182340475
left cri,112.1084542092609
mousey miss,112.0901418597472
feel broke-down,112.00443711586072
feel engin,112.00443711586072
much wait,112.00443711586072
supper wed,112.00443711586072
paddywhack old,108.71938450161407
dark yet,107.9333108359167
left stand,107.08193026146226
till till,107.04047679173566
cat wolf,106.76532775797136
countri girl,105.39960932973118
pretti made,103.41718584532977
rat consent,103.41718584532977
rat downtown,103.41718584532977
rat laugh,103.41718584532977
sun creep,103.41718584532977
uncl rat,103.41718584532977
dandi candi,100.67108239197802
handi candi,100.67108239197802
let bird,100.67108239197802
tryin close,100.6382048864983
thousand move,100.41354786189063
two three,99.76151003821892
uh-huh next,99.00573379414459
fell burn,98.90504669237808
til fell,98.90504669237808
bone old,98.40467881432004
dog old,98.40467881432004
old roll,98.40467881432004
fire ring,98.06991017785664
bowl wiggl,97.77342252843819
gypsi wiggl,97.77342252843819
hoop wiggl,97.77342252843819
pail wiggl,97.77342252843819
queen wiggl,97.77342252843819
