NGRAM,VALUE,
rosi face cannonbal,14147070.706052685
eight gate nine,5589098.810150724
call jack-a-ro waist,3539835.175620579
face cannonbal waist,3539835.175620579
four shore five,2264545.626701458
cornbread layin shelf,2103287.993648405
mr. a-hoppin brook,2103287.993648405
burn burn ring,1912306.029218558
five surviv six,1887119.0742805416
bowl soup wiggl,1616744.3114934075
gypsi queen wiggl,1616744.3114934075
satin silk wiggl,1616744.3114934075
wiggl rattl shake,1616744.3114934075
piec cornbread layin,1578487.4105482553
first flyin moth,1577460.7415735447
piec layin shelf,1576950.4090408254
piec cornbread shelf,1576181.0328393371
believ lawd day,1573625.1679138104
lawd day quit,1573625.1679138104
vessel convey away,1489617.1840961345
sigh weari hard,1399566.219054211
higher burn burn,1378940.840944876
mr. frog brook,1263607.3282036572
frog a-hoppin brook,1262377.5266063823
three turn four,1261345.0854981004
mr. frog a-hoppin,1261146.3244559087
laugh shook fat,1183860.023214349
boogi woogi boogi,1183079.4256789205
laugh shook side,1182900.2728626293
laugh fat side,1182323.0217069187
gambl momma done,1180766.5542553102
see meadow see,1155541.2227442341
higher burn ring,1149156.9424699442
song sigh weari,1054368.0176533721
burn ring fire,976635.3663559743
flame higher burn,947288.8386258397
lordi lord lordi,905607.0069689209
day linger cabin,901835.5319756162
good babi honey,891917.1108892565
shook fat side,888467.0786207083
burn ring ring,871117.195511249
milk wiggl rattl,808498.0182139927
pail milk wiggl,808498.0182139927
stand pat swear,793328.6736293103
weari hard time,790975.018266321
bein christma mornin,790774.1433210569
love henri cri,790774.1433210569
uncl runnin downtown,790774.1433210569
said mous within,790519.2067106131
uncl laugh shook,789620.0152546333
without uncl consent,788594.5141691706
uncl laugh fat,788465.1375564521
john b. stetson,777827.0998534797
b. stetson hat,755769.8530793478
john stetson hat,753573.636222079
truth tell sweetheart,674012.4350475395
john b. hat,648151.6047156514
play knick-knack paddywhack,633626.9955449699
higher burn ring,633161.238648824
three key four,632768.0273799171
walk dirt road,604826.7080223488
uncl shook fat,593074.5119080142
stand doorway cri,587648.0439093369
see lover see,578023.7975646275
uncl rat consent,573608.722379094
four danc five,566893.7660543182
twenti cold iron,556036.7806018858
knick-knack paddywhack give,550015.8409634865
said call jack-a-ro,548064.9785561718
pat swear step,530244.7786749469
woogi boogi woogi,529890.999824953
miss mous within,528890.261663323
worri sittin top,528873.8448906391
paddywhack dog bone,524664.0079139149
burn burn fire,523965.005052176
go-yeah pat swear,520276.0884191312
convey away step,496818.4993827374
cold iron bound,486841.7503051357
much longer wait,470116.7783939968
flame burn burn,466792.9035574449
stand pat step,462985.2727301344
stand swear step,462084.40303905454
burn ring flame,461568.04746265645
go-yeah stand pat,456261.71976987016
mean mean boogi,454493.4988212849
woogi mean mean,454493.4988212849
mean mean woogi,453392.5603490008
go-yeah stand swear,453391.22407512466
broken black flea,450688.07012752054
nine drank ten,450030.08440251264
daughter truth tell,449467.1507161959
nine wine ten,449441.22376690403
lord lordi lord,433796.3209864113
rat laugh shook,432724.4882134614
flame higher burn,432295.7344509793
rat runnin downtown,432094.1088702397
rat laugh fat,430623.3878671833
rat laugh side,430480.4771323589
boogi woogi countri,426368.79981635546
babe blood eye,426137.13759921555
shinin like diamond,422794.49676625174
two dew three,420735.4119544365
black jack davey,414547.1150073318
went higher burn,409176.263655712
aliv boogi woogi,403782.96416237956
pleas boogi woogi,403782.96416237956
taught boogi woogi,403782.96416237956
sigh weari time,397431.6932828158
time sigh weari,397431.6932828158
mani linger cabin,395117.7996859002
good lawd good,393963.29210483964
go-yeah pat swear,393320.955083186
goe shadow creep,387305.7990776252
left doorway cri,378193.1224499506
ride back left,377660.27443214523
linger around cabin,371628.0832053215
mean mean countri,364057.53482773656
countri mean mean,363412.9120395427
dark yet get,362182.7380840183
hard sigh weari,354184.483811843
knick-knack paddywhack dog,351689.8468149787
linger cabin hard,351327.58518762863
twenti mile iron,349086.0624433079
step stand pat,343565.77283218276
go-yeah stand pat,343437.44597130286
go-yeah stand swear,341044.42825393303
handi sugar candi,339575.6281643706
dandi sugar candi,338972.37656522915
next juney bug,335547.12827702746
next broken flea,332624.83573844755
rat fat side,324537.0188140768
rat shook fat,324117.2895280346
rat shook side,323013.83137838927
three danc four,318205.37799356366
feel broke-down engin,316551.0608517916
supper wed supper,315180.68400173925
blood eye babe,310030.9016129437
mile iron bound,305443.27053689474
go-yeah swear step,304160.6351365342
go-yeah pat step,302445.1931651045
eye babe care,292903.01905378344
knick-knack paddywhack bone,292437.2608427585
uncl rat downtown,291215.0386829032
uncl rat laugh,290278.8204647548
closer million mile,289805.0449604584
four turn one,287525.96481227205
twenti town iron,279217.5499595018
twenti mile cold,277772.78356673795
let wind blow,271653.7842788065
five tri six,270327.2901154009
mean boogi woogi,270305.11055598565
burn burn burn,268000.01345683646
go-yeah stand step,265380.0093649289
song sigh time,265285.9150649711
time song sigh,265285.9150649711
knick-knack dog bone,264941.3987582141
linger cabin door,263747.49554913095
song weari time,263486.861632576
time song weari,263486.8616325759
handi dandi clear,260719.78846145445
closer still million,256436.2926324372
left stand doorway,253040.6071690597
bone came roll,252485.0299855956
dog bone came,252485.0299855956
two ark two,252429.7129834086
two step two,252429.7129834086
paddywhack give dog,251782.03053517194
paddywhack give bone,251505.5119569638
sun shadow creep,247021.87900233374
sun goe creep,246655.6913714339
town iron bound,244348.38281453447
mile cold iron,243794.0423658963
mile cold bound,243083.64937222697
burn ring fire,240722.84887351445
alright til fell,240280.1117897979
burn fire ring,238357.71784136278
seaport town canadee-i-o,237330.24864622203
song sigh hard,236195.8490163321
song weari hard,235961.19560249828
hard song sigh,235885.25790270686
hard song weari,234513.17305759326
boogi woogi mean,232599.2864886527
burn fire flame,232159.33537853407
mean boogi woogi,231719.2800309244
queen wiggl dress,231179.55657122875
give dog bone,230821.9262017198
sold lordi lord,228640.87790097317
mani day linger,227383.29223453507
time day linger,227201.77097933684
mine ride back,226698.70023785788
mani day cabin,226059.00035955585
time mani day,225428.3757139664
behind hors togeth,225202.0164337774
burn burn ring,223466.56027929537
twenti town cold,222027.81672802716
uncl rat fat,219277.80040979708
uncl rat runnin,218331.87506868577
uncl rat shook,218331.87506868577
without uncl rat,216913.50203134076
babi honey wrong,216679.5972301478
woogi countri mean,216644.27406153965
fire flame higher,215872.51449841075
without rat consent,215861.17577466383
mean woogi countri,215513.16189891088
day linger around,214562.8891574665
mean boogi countri,213776.69046907205
tryin heaven close,213270.00431034042
day around cabin,212936.2437421768
countri mean boogi,212347.15668904455
wed supper wed,211715.45205131205
two dark three,210995.09175239148
two foggi three,210903.2554341275
left stand cri,209968.11425460395
lord sittin top,208476.04899877083
went burn burn,203413.2115043846
hard day linger,202772.33982345051
hard time mani,201360.4406946431
said miss mous,198280.89504857993
said miss within,197897.14295361994
town cold iron,195971.09144849173
town cold bound,194393.7293443653
sugar candi handi,193312.536005558
sugar candi dandi,192973.0566383556
lordi lordi lord,187240.492247044
went higher burn,186388.50619247297
mean woogi countri,186065.34950426134
woogi countri mean,185450.76123463246
worri lord sittin,183811.82884434148
boogi countri mean,183492.89573487203
mean boogi countri,183227.44881655852
countri mean boogi,181153.55255063297
shall wed supper,179517.69625938768
babe blood blood,178225.47855192822
closer still mile,177286.19270446626
lordi lordi lordi,176110.84360813187
littl layin shelf,174311.64265327208
went a-hoppin brook,174311.64265327208
littl cornbread layin,174144.58200626879
mr. went brook,174144.58200626879
littl cornbread shelf,171301.3455852324
mr. went a-hoppin,171301.3455852324
paddywhack dog old,170420.61360914292
paddywhack bone old,170300.0603385071
see seaport canadee-i-o,169464.95169056702
heaven close door,167079.97807372382
babi honey world,167078.8914440075
boogi woogi girl,165862.54277021784
'm drift scene,165549.3565456639
drift scene 'm,165502.1288966302
knick-knack knick-knack paddywhack,162742.39444806843
three sea four,161064.24083121237
sittin top world,160802.6679449141
higher burn burn,159261.80918587686
bone old roll,157233.4517641281
dog bone old,157233.4517641281
step stand pat,155396.92066886678
knick-knack give dog,152604.85706061643
day linger door,152365.64180402693
day cabin door,150695.848873739
hors rode togeth,150301.85507323817
roll hoop wiggl,147206.2063552158
girl mean mean,142182.55274609162
hung boogi woogi,141781.69895669923
woogi boogi woogi,141160.47088343426
boogi woogi boogi,141160.47088343423
two step three,141020.40859628553
boogi boogi woogi,140646.71500588572
boogi woogi woogi,140646.71500588572
boogi woogi woogi,140646.71500588572
stetson hat stack-a-le,140116.11805675164
twenti mile town,139872.7828544894
burn went flame,139618.8328948518
worri lord top,139370.66278522523
boogi boogi woogi,137823.59597937786
flame went burn,137230.62706742197
went flame burn,137107.96338118595
shadow creep town,137045.55785990818
goe creep town,135787.18084957296
handi dandi ya,134944.531410693
hit handi dandi,134944.531410693
woogi boogi woogi,134235.39909222472
boogi boogi boogi,133721.64321467615
woogi woogi boogi,133721.64321467615
woogi woogi woogi,133721.64321467615
woogi countri girl,133353.4476835329
woogi boogi boogi,132442.8094764823
boogi countri girl,131186.61150687133
littl piec cornbread,130727.46591187833
went runnin downtown,130727.46591187833
still million mile,130363.24289760018
went flame higher,128799.66266180664
flame went higher,128686.79868177963
littl piec layin,128490.59184780392
littl piec shelf,127965.1910936375
alright til love,127867.99981256666
knick-knack give bone,126702.34655198529
two flew two,126584.6933218314
two lover two,126584.6933218314
babi honey gone,122715.27773015117
mile town bound,122460.55853371188
