NGRAM,VALUE,
eight gate nine,0.18181818181818182
five surviv six,0.17647058823529413
four shore five,0.10344827586206896
three turn four,0.09090909090909091
five tri six,0.08571428571428572
three key four,0.07692307692307693
four danc five,0.07317073170731707
twenti cold iron,0.07291666666666667
twenti town iron,0.07291666666666667
alright til fell,0.06944444444444445
cold iron bound,0.06862745098039216
town iron bound,0.06862745098039216
three danc four,0.06666666666666667
three sea four,0.06666666666666667
town cold iron,0.06481481481481481
twenti town cold,0.06481481481481481
walk dirt road,0.0625
town cold bound,0.06140350877192982
much longer wait,0.06060606060606061
heaven close door,0.05952380952380952
dark yet get,0.05555555555555555
stand doorway cri,0.05555555555555555
twenti mile iron,0.050724637681159424
closer million mile,0.050314465408805034
blood found world,0.05
mile iron bound,0.04861111111111111
closer still million,0.047619047619047616
mile cold iron,0.04666666666666667
mile town iron,0.04666666666666667
twenti mile cold,0.04666666666666667
twenti mile town,0.04666666666666667
left doorway cri,0.046296296296296294
know god know,0.04573170731707317
god know god,0.04507042253521127
mile cold bound,0.04487179487179487
mile town bound,0.04487179487179487
mile town cold,0.043209876543209874
let wind blow,0.041666666666666664
left stand doorway,0.04065040650406504
closer still mile,0.04040404040404041
tryin close door,0.04040404040404041
tryin heaven close,0.04040404040404041
littl girl bake,0.04
see meadow see,0.03896103896103896
left stand cri,0.03875968992248062
god know know,0.03869047619047619
still million mile,0.03755868544600939
two dark three,0.037037037037037035
two dew three,0.037037037037037035
see lover see,0.03614457831325301
god god know,0.03571428571428571
littl girl live,0.03571428571428571
tryin heaven door,0.03571428571428571
boy littl girl,0.034482758620689655
two foggi three,0.034482758620689655
two step three,0.034482758620689655
dandi sugar candi,0.03333333333333333
handi sugar candi,0.03333333333333333
littl boy girl,0.031746031746031744
til fell love,0.02976190476190476
nine wine ten,0.0297029702970297
littl boy littl,0.028985507246376812
tryin closer million,0.02857142857142857
nine drank ten,0.028037383177570093
alright fell love,0.027777777777777776
alright til love,0.027777777777777776
handi dandi candi,0.027777777777777776
wiggl wiggl like,0.02697841726618705
handi dandi sugar,0.02666666666666667
littl littl girl,0.02631578947368421
ten thousand dress,0.02564102564102564
ten thousand women,0.024691358024691357
sugar candi dandi,0.024390243902439025
sugar candi handi,0.024390243902439025
day littl girl,0.024096385542168676
two two two,0.023529411764705882
four turn one,0.023255813953488372
tryin closer still,0.023255813953488372
two ark two,0.023255813953488372
two flew two,0.023255813953488372
two step two,0.023255813953488372
handi dandi clear,0.022556390977443608
two lover two,0.022222222222222223
walk dirt till,0.022222222222222223
handi dandi ya,0.02158273381294964
hit handi dandi,0.02158273381294964
tomorrow handi dandi,0.02158273381294964
tri closer million,0.02158273381294964
tryin still million,0.021505376344086023
dirt road till,0.020833333333333332
honey handi dandi,0.020689655172413793
candi handi dandi,0.02040816326530612
till wiggl till,0.020242914979757085
till wiggl till,0.020202020202020204
walk road till,0.02
wiggl wiggl wiggl,0.019955654101995565
sugar handi dandi,0.0196078431372549
make feel love,0.01904761904761905
one none two,0.018867924528301886
wiggl till wiggl,0.018518518518518517
wiggl till wiggl,0.01818181818181818
wiggl wiggl till,0.017857142857142856
tri closer still,0.01764705882352941
dandi candi handi,0.016483516483516484
tri still million,0.01639344262295082
handi dandi like,0.016216216216216217
dandi sugar handi,0.016042780748663103
wiggl till till,0.015873015873015872
found world love,0.015625
kind love sick,0.014925373134328358
one day littl,0.014925373134328358
wiggl wiggl wiggl,0.01488833746898263
dandi like sugar,0.014534883720930232
one follow two,0.014492753623188406
closer 'm million,0.014336917562724014
bowl soup wiggl,0.014285714285714285
gypsi queen wiggl,0.014285714285714285
roll hoop wiggl,0.014285714285714285
satin silk wiggl,0.014285714285714285
wiggl rattl shake,0.014285714285714285
like sugar candi,0.014234875444839857
dandi handi dandi,0.014084507042253521
handi dandi dandi,0.014084507042253521
handi dandi handi,0.014084507042253521
handi handi dandi,0.014084507042253521
milk wiggl rattl,0.013888888888888888
pail milk wiggl,0.013888888888888888
closer 'm mile,0.01384083044982699
wiggl wiggl till,0.013636363636363636
closer 'm still,0.013582342954159592
'm million mile,0.013377926421404682
'm still million,0.013179571663920923
till wiggl wiggl,0.013123359580052493
dress green wiggl,0.01282051282051282
queen wiggl dress,0.01282051282051282
wiggl dress green,0.01282051282051282
'm still mile,0.012658227848101266
one sun two,0.0125
wiggl wiggl like,0.012371134020618556
went dri wiggl,0.012345679012345678
'm closer still,0.011784511784511785
dandi like candi,0.011730205278592375
handi like candi,0.011695906432748537
one two two,0.011583011583011582
handi like sugar,0.011527377521613832
one follow one,0.010380622837370242
wiggl like wiggl,0.01011804384485666
one sun one,0.009316770186335404
green wiggl till,0.00911854103343465
'm twenti town,0.009041591320072333
'm twenti cold,0.008992805755395683
'm town cold,0.008896797153024912
like wiggl wiggl,0.008771929824561403
one one two,0.008771929824561403
wiggl wiggl till,0.008733624454148471
bowl wiggl wiggl,0.008670520231213872
green wiggl wiggl,0.008670520231213872
gypsi wiggl wiggl,0.008670520231213872
hoop wiggl wiggl,0.008670520231213872
like candi dandi,0.008670520231213872
like candi handi,0.008670520231213872
pail wiggl wiggl,0.008670520231213872
queen wiggl wiggl,0.008670520231213872
roll wiggl wiggl,0.008670520231213872
satin wiggl wiggl,0.008670520231213872
silk wiggl wiggl,0.008670520231213872
soup wiggl wiggl,0.008670520231213872
wiggl wiggl green,0.008670520231213872
wiggl wiggl gypsi,0.008670520231213872
wiggl wiggl pail,0.008670520231213872
wiggl wiggl rattl,0.008670520231213872
wiggl wiggl roll,0.008670520231213872
wiggl wiggl shake,0.008670520231213872
wiggl wiggl ton,0.008670520231213872
'm twenti mile,0.00865051903114187
like sugar dandi,0.008571428571428572
like sugar handi,0.008571428571428572
milk wiggl wiggl,0.008522727272727272
dri wiggl wiggl,0.008379888268156424
'm mile town,0.008375209380234505
'm mile cold,0.008333333333333333
wiggl till moon,0.008152173913043478
dress wiggl wiggl,0.008108108108108109
went wiggl wiggl,0.008108108108108109
wiggl wiggl dress,0.008108108108108109
like handi dandi,0.008
'm drift scene,0.007920792079207921
wiggl green wiggl,0.007894736842105263
wiggl till wiggl,0.007894736842105263
drift scene 'm,0.007874015748031496
'm 'm still,0.0078125
wiggl wiggl moon,0.007731958762886598
'm til fell,0.007619047619047619
longer wait 'm,0.007575757575757576
'm alright til,0.0074487895716946
'm alright fell,0.007434944237918215
wiggl dress wiggl,0.007425742574257425
wiggl wiggl wiggl,0.007389162561576354
dandi like handi,0.007371007371007371
'm closer 'm,0.007268951194184839
tryin closer 'm,0.007207207207207207
'm tryin closer,0.007155635062611807
hoop wiggl like,0.0070921985815602835
silk wiggl like,0.0070921985815602835
soup wiggl like,0.0070921985815602835
wiggl like gypsi,0.0070921985815602835
wiggl like pail,0.0070921985815602835
wiggl like roll,0.0070921985815602835
wiggl like ton,0.0070921985815602835
dri wiggl like,0.006896551724137931
tryin 'm million,0.006896551724137931
'm tryin still,0.006633499170812604
tryin 'm still,0.006589785831960461
'm fell love,0.00641025641025641
'm til love,0.0064
'm sick love,0.006389776357827476
'm alright love,0.006269592476489028
'm tri closer,0.0054249547920434
tri closer 'm,0.005415162454873646
tri 'm million,0.005208333333333333
'm tri still,0.005042016806722689
tri 'm still,0.0049833887043189366
'm tryin 'm,0.004098360655737705
'm tri 'm,0.0031023784901758012
