NGRAM,VALUE,
wa-hooo wa-hooo,11.096385734452653
horn wa-hooo,10.096385734452653
whose sake,10.096385734452653
usual twist,9.873993313116205
end man,9.511423233731497
hangin foundat,9.511423233731497
hangin solid,9.511423233731497
solid foundat,9.511423233731497
sorri sorri,9.511423233731497
sue brown,9.511423233731497
summertim stranger,9.511423233731497
unto forev,9.511423233731497
wa-hooo wa-hooo,9.511423233731497
eye tooth,9.511423233731495
henri porter,9.511423233731495
speak dare,9.359420140286446
driftin driftin,9.096385734452653
glori end,9.096385734452653
grain sand,9.096385734452653
grate forev,9.096385734452653
hangin made,9.096385734452653
hangin rock,9.096385734452653
made foundat,9.096385734452653
make unto,9.096385734452653
page age,9.096385734452653
prayer unto,9.096385734452653
rock foundat,9.096385734452653
salli brown,9.096385734452653
salli sue,9.096385734452653
solid made,9.096385734452653
solid rock,9.096385734452653
spoke citi,9.096385734452653
unto grate,9.096385734452653
agarram vida,9.096385734452651
aris cobweb,9.096385734452651
curl teeth,9.096385734452651
danc fandango,9.096385734452651
dio nos,9.096385734452651
dio vigila,9.096385734452651
durango agarram,9.096385734452651
durango vida,9.096385734452651
gregori peck,9.096385734452651
lamb save,9.096385734452651
llore dio,9.096385734452651
llore nos,9.096385734452651
llore querida,9.096385734452651
nos vigila,9.096385734452651
polli guess,9.096385734452651
querida dio,9.096385734452651
querida nos,9.096385734452651
querida vigila,9.096385734452651
usual rock,9.025996406561255
ah-a summertim,8.926460733010341
willi scare,8.92646073301034
willi way,8.92646073301034
blow wa-hooo,8.774457639565291
creation honor,8.774457639565291
creation neither,8.774457639565291
curtain risin,8.774457639565291
doin dump,8.774457639565291
east gibraltar,8.774457639565291
east rock,8.774457639565291
forgiv one,8.774457639565291
gibraltar curtain,8.774457639565291
gibraltar page,8.774457639565291
honor forgiv,8.774457639565291
honor one,8.774457639565291
intend closer,8.774457639565291
jordan east,8.774457639565291
jordan gibraltar,8.774457639565291
jordan rock,8.774457639565291
late a-rollin,8.774457639565291
lenni bruce,8.774457639565291
luther king,8.774457639565291
mahatma gandhi,8.774457639565291
martin king,8.774457639565291
martin luther,8.774457639565291
neither forgiv,8.774457639565291
neither honor,8.774457639565291
neither one,8.774457639565291
page curtain,8.774457639565291
page risin,8.774457639565291
properti resent,8.774457639565291
risin groom,8.774457639565291
rock gibraltar,8.774457639565291
rock page,8.774457639565291
sundown sure,8.774457639565291
sundown u.s.a.,8.774457639565291
sundown union,8.774457639565291
sure greed,8.774457639565291
sweetheart doin,8.774457639565291
sweetheart dump,8.774457639565291
u.s.a. sure,8.774457639565291
union sure,8.774457639565291
union u.s.a.,8.774457639565291
west gibraltar,8.774457639565291
west rock,8.774457639565291
age groom,8.774457639565288
curtain age,8.774457639565288
dio hors,8.774457639565288
drown watered-down,8.774457639565288
heal crippl,8.774457639565288
hors agarram,8.774457639565288
hors durango,8.774457639565288
nos hors,8.774457639565288
risin age,8.774457639565288
vigila hors,8.774457639565288
west gibraltar,8.774457639565288
west jordan,8.774457639565288
west rock,8.774457639565288
block sit,8.68134823517381
higher call,8.68134823517381
make prayer,8.68134823517381
met rank,8.68134823517381
rock made,8.68134823517381
stick stick,8.68134823517381
ooh stand,8.636954115815353
intend stay,8.511423233731497
jokerman nightingal,8.511423233731497
jokerman tune,8.511423233731497
known unto,8.511423233731497
man kill,8.511423233731497
man understand,8.511423233731497
nightingal tune,8.511423233731497
press call,8.511423233731497
press higher,8.511423233731497
pretti guess,8.511423233731497
age waitin,8.511423233731495
black coat,8.511423233731495
groom altar,8.511423233731495
groom waitin,8.511423233731495
save grace,8.511423233731495
stick vow,8.511423233731495
sure til,8.511423233731495
til greed,8.511423233731495
u.s.a. til,8.511423233731495
gandhi luther,8.452529544677926
gandhi martin,8.452529544677926
mahatma martin,8.452529544677926
sing sing,8.452529544677926
hop love,8.433420721730224
brr-brr brr-brr-brr,8.39594601631156
closer make,8.359420140286446
closer prayer,8.359420140286446
king almighti,8.359420140286446
luther almighti,8.359420140286446
yesterday tomorrow,8.359420140286446
rose dead,8.337393833956448
almighti call,8.289030812395048
brrr etc.,8.289030812395048
buy grown,8.289030812395048
call christ,8.289030812395048
curl pearl,8.289030812395048
curl shine,8.289030812395048
everybodi adjust,8.289030812395048
forgiv see,8.289030812395048
grown cold,8.289030812395048
idea greed,8.289030812395048
jokerman bird,8.289030812395048
nightingal bird,8.289030812395048
nightingal fli,8.289030812395048
one see,8.289030812395048
properti bone,8.289030812395048
resent better,8.289030812395048
resent bone,8.289030812395048
stori end,8.289030812395048
sure idea,8.289030812395048
teeth pearl,8.289030812395048
teeth shine,8.289030812395048
tune bird,8.289030812395048
tune fli,8.289030812395048
u.s.a. idea,8.289030812395048
waitin altar,8.248388827897703
blood lamb,8.221916616536511
hope readi,8.203300938369162
away licens,8.189495138844133
soon danc,8.189495138844133
stay closer,8.189495138844133
teardrop fall,8.189495138844133
vida soon,8.189495138844133
back grown,8.096385734452653
creation natur,8.096385734452653
end son,8.096385734452653
garden spoke,8.096385734452653
heart mine,8.096385734452653
known grate,8.096385734452653
licens kill,8.096385734452653
make known,8.096385734452653
mine heart,8.096385734452653
natur forgiv,8.096385734452653
natur honor,8.096385734452653
natur neither,8.096385734452653
natur one,8.096385734452653
prayer known,8.096385734452653
road end,8.096385734452653
save lamb,8.096385734452653
save save,8.096385734452653
seen shootin,8.096385734452653
son man,8.096385734452653
stay make,8.096385734452653
agarram desert,8.096385734452651
agarram mi,8.096385734452651
blind crippl,8.096385734452651
brownsvill curl,8.096385734452651
brownsvill teeth,8.096385734452651
clean-cut killer,8.096385734452651
desert danc,8.096385734452651
desert fandango,8.096385734452651
durango mi,8.096385734452651
llore mi,8.096385734452651
mi dio,8.096385734452651
mi nos,8.096385734452651
mi querida,8.096385734452651
mi vida,8.096385734452651
mi vigila,8.096385734452651
pretti polli,8.096385734452651
son almighti,8.096385734452651
vida desert,8.096385734452651
worth rose,8.096385734452651
buy back,8.09638573445265
bird fli,8.0666383910586
gold buy,8.0666383910586
silver buy,8.0666383910586
silver gold,8.0666383910586
ugli ...,8.051991615094199
idea til,8.025996406561255
see live,8.025996406561255
depart readi,7.9809085170327165
pack readi,7.9809085170327165
readi terribl,7.9809085170327165
danc nightingal,7.92646073301034
danc tune,7.92646073301034
driftin driftin,7.92646073301034
end holi,7.92646073301034
etern summertim,7.92646073301034
holi man,7.92646073301034
jokerman danc,7.92646073301034
made sure,7.92646073301034
made u.s.a.,7.92646073301034
name gandhi,7.92646073301034
name mahatma,7.92646073301034
rollin river,7.92646073301034
shootin star,7.92646073301034
summertim ah-a,7.92646073301034
sundown made,7.92646073301034
union made,7.92646073301034
almighti holi,7.926460733010339
holi christ,7.926460733010339
shore driftin,7.926460733010339
nineti mile,7.926460733010338
press press,7.926460733010338
rambl break,7.926460733010338
summertim summertim,7.926460733010338
dead believ,7.87796221531915
door girl,7.873993313116205
glori stori,7.873993313116205
handl yesterday,7.873993313116205
met stranger,7.873993313116205
open door,7.873993313116205
rank stranger,7.873993313116205
yesterday memori,7.873993313116205
back cold,7.8739933131162045
fli jokerman,7.8739933131162045
gold back,7.8739933131162045
silver back,7.8739933131162045
stick togeth,7.8739933131162045
save glad,7.873993313116204
dream late,7.848458221009067
troubl nothin,7.8109835155904035
invit troubl,7.810983515590403
solut troubl,7.810983515590403
save blood,7.806879117257665
bone better,7.8036039852248065
usual usual,7.8036039852248065
beat grown,7.7744576395652905
curtain new,7.7744576395652905
kill mahatma,7.7744576395652905
mine mine,7.7744576395652905
new groom,7.7744576395652905
page new,7.7744576395652905
ride etc.,7.7744576395652905
risin new,7.7744576395652905
troubl think,7.7744576395652905
heart mine,7.77445763956529
aris dust,7.774457639565289
break dawn,7.774457639565289
cobweb dust,7.774457639565289
heal blind,7.774457639565289
new age,7.774457639565289
rambl dawn,7.774457639565289
nineti hour,7.774457639565288
ride brrr,7.774457639565288
wide missouri,7.774457639565288
danc bird,7.704068311673892
danc fli,7.704068311673892
togeth vow,7.7040683116738915
bodi met,7.681348235173809
bodi rank,7.681348235173809
road glori,7.681348235173809
blood save,7.636954115815356
