NGRAM,VALUE,
wa-hooo wa-hooo wa-hooo,22.022846467462998
horn wa-hooo wa-hooo,21.607808968184145
wa-hooo wa-hooo wa-hooo,21.607808968184145
horn wa-hooo wa-hooo,21.02284646746299
usual rock twist,20.80045404612654
hangin solid foundat,20.43788396674183
blow horn wa-hooo,20.28588087329678
hangin made foundat,20.02284646746299
hangin rock foundat,20.02284646746299
hangin solid made,20.02284646746299
hangin solid rock,20.02284646746299
salli sue brown,20.02284646746299
solid made foundat,20.02284646746299
solid rock foundat,20.02284646746299
unto grate forev,20.02284646746299
instead speak dare,19.870843374017937
speak dare multitud,19.870843374017937
willi scare way,19.852921466020675
eye tooth creation,19.70091837257563
wa-hooo wa-hooo ride,19.70091837257563
blow wa-hooo wa-hooo,19.700918372575625
dio nos vigila,19.607808968184145
durango agarram vida,19.607808968184145
hangin rock made,19.607808968184145
llore dio nos,19.607808968184145
llore querida dio,19.607808968184145
llore querida nos,19.607808968184145
make prayer unto,19.607808968184145
querida dio nos,19.607808968184145
querida dio vigila,19.607808968184145
querida nos vigila,19.607808968184145
rock made foundat,19.607808968184145
solid rock made,19.607808968184145
usual usual twist,19.57806162479009
dio nos hors,19.285880873296783
dio vigila hors,19.285880873296783
hors durango agarram,19.285880873296783
nos vigila hors,19.285880873296783
page curtain age,19.285880873296783
page risin age,19.285880873296783
press higher call,19.022846467462998
end son man,19.02284646746299
known unto grate,19.02284646746299
make known unto,19.02284646746299
prayer known unto,19.02284646746299
creation neither honor,18.96395277840942
curtain risin age,18.96395277840942
east rock gibraltar,18.96395277840942
gibraltar page curtain,18.96395277840942
honor forgiv one,18.96395277840942
jordan east gibraltar,18.96395277840942
jordan east rock,18.96395277840942
jordan rock gibraltar,18.96395277840942
martin luther king,18.96395277840942
neither forgiv one,18.96395277840942
neither honor forgiv,18.96395277840942
neither honor one,18.96395277840942
page curtain risin,18.96395277840942
risin age groom,18.96395277840942
rock gibraltar page,18.96395277840942
sundown u.s.a. sure,18.96395277840942
sundown union sure,18.96395277840942
sundown union u.s.a.,18.96395277840942
sweetheart doin dump,18.96395277840942
union u.s.a. sure,18.96395277840942
west rock gibraltar,18.96395277840942
west jordan gibraltar,18.96395277840942
west jordan rock,18.96395277840942
west rock gibraltar,18.96395277840942
closer make prayer,18.870843374017937
end holi man,18.852921466020675
summertim summertim stranger,18.852921466020675
reason roam let,18.835219464287217
curl teeth pearl,18.80045404612654
curl teeth shine,18.80045404612654
glori stori end,18.80045404612654
age groom waitin,18.70091837257563
sure til greed,18.70091837257563
u.s.a. sure til,18.70091837257563
intend stay closer,18.700918372575625
gandhi martin luther,18.64202468352206
mahatma gandhi martin,18.64202468352206
agarram mi vida,18.607808968184145
agarram vida desert,18.607808968184145
brownsvill curl teeth,18.607808968184145
desert danc fandango,18.607808968184145
durango agarram mi,18.607808968184145
durango mi vida,18.607808968184145
llore mi dio,18.607808968184145
llore mi nos,18.607808968184145
llore mi querida,18.607808968184145
make prayer known,18.607808968184145
mi dio nos,18.607808968184145
mi dio vigila,18.607808968184145
mi nos vigila,18.607808968184145
mi querida dio,18.607808968184145
mi querida nos,18.607808968184145
mi querida vigila,18.607808968184145
road glori end,18.607808968184145
luther king almighti,18.548915279130576
hope readi judgment,18.492331750764208
forgiv one see,18.478525951239178
properti resent bone,18.478525951239178
sure idea greed,18.478525951239178
u.s.a. sure idea,18.478525951239178
jokerman nightingal tune,18.437883966741836
pretti polli guess,18.437883966741836
groom waitin altar,18.437883966741833
glori end holi,18.43788396674183
man understand kill,18.43788396674183
unto heaven forev,18.43788396674183
usual usual rock,18.40813662334778
met rank stranger,18.385416546847694
walk hop love,18.35988145474056
aris cobweb dust,18.285880873296783
creation natur honor,18.285880873296783
creation natur neither,18.285880873296783
heal blind crippl,18.285880873296783
natur forgiv one,18.285880873296783
natur honor forgiv,18.285880873296783
natur honor one,18.285880873296783
natur neither forgiv,18.285880873296783
natur neither honor,18.285880873296783
natur neither one,18.285880873296783
page new age,18.285880873296783
stay closer make,18.285880873296783
summertim ah-a summertim,18.267958965299528
jokerman nightingal bird,18.215491545405392
jokerman tune bird,18.215491545405392
nightingal tune bird,18.215491545405392
nightingal tune fli,18.215491545405392
idea til greed,18.215491545405385
sure idea til,18.215491545405385
u.s.a. idea til,18.215491545405385
bodi met rank,18.1927714689053
aris cobweb upon,18.14837734954685
polli guess right,18.14837734954685
made u.s.a. sure,18.11595587185447
name mahatma gandhi,18.11595587185447
sundown made sure,18.11595587185447
sundown made u.s.a.,18.11595587185447
sundown union made,18.11595587185447
union made sure,18.11595587185447
union made u.s.a.,18.11595587185447
yesterday memori tomorrow,18.063488451960332
hop stop love,18.037953359853198
save lamb save,18.022846467462998
heaven grate forev,18.02284646746299
make unto heaven,18.02284646746299
prayer unto heaven,18.02284646746299
son man understand,18.02284646746299
sword came garden,18.02284646746299
thank make unto,18.02284646746299
thank prayer unto,18.02284646746299
unto heaven grate,18.02284646746299
a-hold tight night,18.002946910025283
nightingal bird fli,17.99309912406894
tune bird fli,17.99309912406894
resent bone better,17.993099124068937
curl pearl shine,17.993099124068934
teeth pearl shine,17.993099124068934
curtain new age,17.96395277840942
curtain risin new,17.96395277840942
new age groom,17.96395277840942
page curtain new,17.96395277840942
page risin new,17.96395277840942
risin new age,17.96395277840942
risin new groom,17.96395277840942
king son almighti,17.870843374017937
luther son almighti,17.870843374017937
speak dare rose,17.870843374017937
danc nightingal tune,17.852921466020682
jokerman danc nightingal,17.852921466020682
jokerman danc tune,17.852921466020682
holi man understand,17.852921466020675
properti jesus resent,17.826449254659487
back grown cold,17.800454046126546
buy back grown,17.800454046126546
road stori end,17.80045404612654
stori end son,17.80045404612654
gandhi name luther,17.79402777696711
gandhi name martin,17.79402777696711
mahatma gandhi name,17.79402777696711
mahatma name martin,17.79402777696711
name luther king,17.79402777696711
name martin king,17.79402777696711
name martin luther,17.79402777696711
silver gold buy,17.770706702732493
burn curtain risin,17.74156035707297
gibraltar burn curtain,17.74156035707297
rock gibraltar burn,17.74156035707297
agarram vida soon,17.70091837257563
away licens kill,17.70091837257563
dio nos soon,17.70091837257563
dio vigila soon,17.70091837257563
durango agarram soon,17.70091837257563
durango vida soon,17.70091837257563
nos vigila soon,17.70091837257563
querida dio soon,17.70091837257563
querida nos soon,17.70091837257563
querida vigila soon,17.70091837257563
soon danc fandango,17.70091837257563
us agarram vida,17.70091837257563
us durango agarram,17.70091837257563
us durango vida,17.70091837257563
apart yesterday tomorrow,17.700918372575625
intend closer thank,17.700918372575625
king almighti holi,17.700918372575625
danc nightingal bird,17.630529044684234
danc nightingal fli,17.630529044684234
danc tune bird,17.630529044684234
danc tune fli,17.630529044684234
jokerman danc bird,17.630529044684234
almighti holi call,17.63052904468423
holi call christ,17.63052904468423
made sure idea,17.630529044684227
made u.s.a. idea,17.630529044684227
stori end holi,17.630529044684227
agarram mi desert,17.607808968184145
heart mine heart,17.607808968184145
make prayer heaven,17.607808968184145
mi vida desert,17.607808968184145
thank make prayer,17.607808968184145
intend closer friend,17.58544115515569
late a-rollin across,17.58544115515569
gold buy back,17.5780616247901
silver buy back,17.5780616247901
silver gold back,17.5780616247901
blood lamb save,17.563414848825698
luther king son,17.548915279130576
martin king son,17.548915279130576
martin luther son,17.548915279130576
trust best trust,17.548915279130576
yesterday tomorrow suppos,17.548915279130576
gone danc fandango,17.520346126933806
friend make prayer,17.492331750764208
beat grown cold,17.478525951239185
buy beat grown,17.478525951239185
ride brrr etc.,17.478525951239178
nightingal tune high,17.437883966741836
son almighti holi,17.437883966741836
driftin shore driftin,17.43788396674183
end holi son,17.43788396674183
holi son man,17.43788396674183
intend stay thank,17.43788396674183
known unto heaven,17.43788396674183
lamb lamb save,17.43788396674183
lamb save save,17.43788396674183
seen shootin star,17.43788396674183
thank known unto,17.43788396674183
danc bird fli,17.408136623347787
bodi met stranger,17.385416546847697
bodi rank stranger,17.385416546847697
road glori stori,17.385416546847697
stick stick togeth,17.385416546847697
stick togeth stick,17.385416546847697
dio soon hors,17.378990277688267
hors us agarram,17.378990277688267
hors us durango,17.378990277688267
nos soon hors,17.378990277688267
soon hors durango,17.378990277688267
vigila hors us,17.378990277688267
vigila soon hors,17.378990277688267
almighti call jesus,17.341022427489243
call jesus christ,17.341022427489243
jesus resent better,17.341022427489243
jesus resent bone,17.341022427489243
properti jesus bone,17.341022427489243
stick vow leav,17.3224067493219
intend stay friend,17.322406749321893
unto alway forev,17.322406749321893
wall invit troubl,17.322406749321893
say babi l-l-l-love,17.30402822000704
back beat grown,17.28588087329679
closer thank make,17.285880873296783
closer thank prayer,17.285880873296783
heart mine mine,17.285880873296783
mine heart mine,17.285880873296783
ah-a summertim summertim,17.26795896529952
etern summertim summertim,17.26795896529952
gold buy beat,17.256133529902737
grown cold silvio,17.215491545405392
lamb save glad,17.215491545405392
nightingal bird high,17.215491545405392
nightingal fli high,17.215491545405392
tune bird high,17.215491545405392
tune fli high,17.215491545405392
apart yesterday memori,17.215491545405385
glori stori holi,17.215491545405385
handl apart yesterday,17.215491545405385
stick togeth vow,17.215491545405385
togeth stick vow,17.215491545405385
wan drown watered-down,17.198418032046444
kick neighborhood bulli,17.19841803204644
neighborhood bulli driven,17.19841803204644
closer friend make,17.170403655876846
closer friend prayer,17.170403655876846
save blood lamb,17.148377349546852
save blood save,17.148377349546852
clean-cut kid killer,17.14837734954685
