NGRAM,VALUE,
wa-hooo wa-hooo,3283.1247858757993
troubl troubl,1898.3346973267767
night night,1699.7306489100315
readi readi,1415.8283367342217
brr-brr brrr,1353.5196378654489
brrr brr-brr,1261.3005844292259
lamb save,1228.7809297464182
troubl nothin,1118.459048472758
shore driftin,1089.1238522584993
rose dead,1046.9890387931891
speak dare,983.2874848026909
brrr brrr,980.3037865878024
far shore,944.3312045492096
horn wa-hooo,820.0312822125528
whose sake,820.0312822125528
spoke citi,819.0001292468703
ooh stand,793.5455080499975
dead believ,759.9370665711104
eye tooth,728.5000383040209
henri porter,728.4167906838356
ah-a summertim,727.8334197917743
need shot,721.2637381460845
usual twist,702.9106664048307
blood lamb,668.5831447657692
usual rock,649.881167537115
anybodi seen,645.1478633116113
glad glad,622.8763296115634
neighborhood bulli,614.1293149437207
pretti polli,612.4934213371324
thank lord,598.225005909127
soon danc,581.1338008226571
vida soon,581.1338008226571
dream late,572.7639229322308
summertim stranger,546.4999643803401
end man,546.2501929451425
hangin foundat,546.2501929451425
hangin solid,546.2501929451425
solid foundat,546.2501929451425
sorri sorri,546.2501929451425
sue brown,546.2501929451425
unto forev,546.2501929451425
wa-hooo wa-hooo,546.2501929451425
polli guess,546.0001431769236
agarram vida,545.8753431702543
aris cobweb,545.8753431702543
curl teeth,545.8753431702543
danc fandango,545.8753431702543
dio nos,545.8753431702543
dio vigila,545.8753431702543
durango agarram,545.8753431702543
durango vida,545.8753431702543
gregori peck,545.8753431702543
llore dio,545.8753431702543
llore nos,545.8753431702543
llore querida,545.8753431702543
nos vigila,545.8753431702543
querida dio,545.8753431702543
querida nos,545.8753431702543
querida vigila,545.8753431702543
creation honor,545.5005364484131
creation neither,545.5005364484131
curtain risin,545.5005364484131
doin dump,545.5005364484131
forgiv one,545.5005364484131
gibraltar curtain,545.5005364484131
honor forgiv,545.5005364484131
honor one,545.5005364484131
jordan gibraltar,545.5005364484131
jordan rock,545.5005364484131
late a-rollin,545.5005364484131
lenni bruce,545.5005364484131
luther king,545.5005364484131
mahatma gandhi,545.5005364484131
martin king,545.5005364484131
martin luther,545.5005364484131
neither forgiv,545.5005364484131
neither honor,545.5005364484131
neither one,545.5005364484131
properti resent,545.5005364484131
risin groom,545.5005364484131
rock gibraltar,545.5005364484131
sundown sure,545.5005364484131
sundown u.s.a.,545.5005364484131
sundown union,545.5005364484131
sure greed,545.5005364484131
sweetheart doin,545.5005364484131
sweetheart dump,545.5005364484131
u.s.a. sure,545.5005364484131
union sure,545.5005364484131
union u.s.a.,545.5005364484131
press call,545.1881085179276
press higher,545.1881085179276
jokerman nightingal,545.1257728384987
jokerman tune,545.1257728384987
nightingal tune,545.1257728384987
brownsvill curl,544.6255745126704
brownsvill teeth,544.6255745126704
clean-cut killer,544.376375190204
press press,544.0017412698185
rambl break,544.0017412698185
summertim summertim,544.0017412698185
driftin far,542.0032468483058
ugli ...,527.8195017496664
save glad,524.5327464783915
hop love,516.8090811299863
hope readi,513.9443818212602
brr-brr brr-brr-brr,503.19271131592456
save blood,500.4289337253292
live polit,497.58136573017146
break dawn,489.208513300991
rambl dawn,489.208513300991
willi scare,485.0559559535522
willi way,485.0559559535522
let let,480.45490468673535
buy back,476.27489687464293
diseas conceit,469.4134896915872
buy grown,466.87612231138814
grown cold,466.87612231138814
jokerman bird,466.87612231138814
nightingal bird,466.87612231138814
nightingal fli,466.87612231138814
tune bird,466.87612231138814
tune fli,466.87612231138814
black coat,454.21957841906976
groom altar,454.21957841906976
groom waitin,454.21957841906976
save grace,454.21957841906976
sure til,454.21957841906976
til greed,454.21957841906976
u.s.a. til,454.21957841906976
rememb end,453.5401914719144
age groom,436.3505776132474
curtain age,436.3505776132474
dio hors,436.3505776132474
drown watered-down,436.3505776132474
heal crippl,436.3505776132474
hors agarram,436.3505776132474
hors durango,436.3505776132474
nos hors,436.3505776132474
risin age,436.3505776132474
vigila hors,436.3505776132474
west gibraltar,436.3505776132474
west jordan,436.3505776132474
west rock,436.3505776132474
heart mine,434.80231445032337
nineti mile,423.01576506288166
togeth vow,414.0021832030815
driftin driftin,409.35974478404387
glori end,409.35974478404387
grain sand,409.35974478404387
grate forev,409.35974478404387
hangin made,409.35974478404387
hangin rock,409.35974478404387
made foundat,409.35974478404387
make unto,409.35974478404387
page age,409.35974478404387
prayer unto,409.35974478404387
rock foundat,409.35974478404387
salli brown,409.35974478404387
salli sue,409.35974478404387
solid made,409.35974478404387
solid rock,409.35974478404387
unto grate,409.35974478404387
back grown,408.18898105412643
save lamb,408.18898105412643
save save,408.18898105412643
bird fli,399.79749238142927
gold buy,399.79749238142927
silver buy,399.79749238142927
silver gold,399.79749238142927
clean-cut kid,394.95734217921097
kid killer,394.95734217921097
rose believ,394.95734217921097
brrr etc.,389.01898610659856
forgiv see,389.01898610659856
idea greed,389.01898610659856
one see,389.01898610659856
properti bone,389.01898610659856
resent better,389.01898610659856
resent bone,389.01898610659856
sure idea,389.01898610659856
u.s.a. idea,389.01898610659856
brr-brr brr-brr,387.5765912438726
nineti hour,380.4085498811894
ride brrr,380.4085498811894
wide missouri,380.4085498811894
waitin altar,378.1435840279179
love ugliest,365.7706290942073
ride car,365.7706290942073
age waitin,363.33415306393584
stick vow,363.33415306393584
ugli ugli,362.8493037875034
danc nightingal,362.54351267288564
danc tune,362.54351267288564
jokerman danc,362.54351267288564
rollin river,362.54351267288564
shootin star,362.54351267288564
death end,360.7685680385672
fall apart,350.67023700966274
stick togeth,349.6086053749815
back cold,349.4886436857362
fli jokerman,349.4886436857362
gold back,349.4886436857362
silver back,349.4886436857362
gandhi luther,348.72091501653415
gandhi martin,348.72091501653415
mahatma martin,348.72091501653415
sing sing,348.72091501653415
-lrb- -rrb-,343.66995162513274
creation natur,340.1186223947708
licens kill,340.1186223947708
natur forgiv,340.1186223947708
natur honor,340.1186223947708
natur neither,340.1186223947708
natur one,340.1186223947708
blow wa-hooo,327.2255530919219
east gibraltar,327.2255530919219
east rock,327.2255530919219
gibraltar page,327.2255530919219
intend closer,327.2255530919219
jordan east,327.2255530919219
page curtain,327.2255530919219
page risin,327.2255530919219
rock page,327.2255530919219
west gibraltar,327.2255530919219
west rock,327.2255530919219
beat grown,326.027215331381
idea til,323.803711047948
see live,323.803711047948
want thank,323.63388508977744
satan peac,321.1523112495668
almighti call,311.1796376870969
call christ,311.1796376870969
curl pearl,311.1796376870969
curl shine,311.1796376870969
teeth pearl,311.1796376870969
teeth shine,311.1796376870969
danc bird,310.35964918393944
danc fli,310.35964918393944
dead aris,309.93047469951506
block sit,306.6803377543255
higher call,306.6803377543255
make prayer,306.6803377543255
met rank,306.6803377543255
rock made,306.6803377543255
stick stick,306.6803377543255
made sure,302.0850777745816
made u.s.a.,302.0850777745816
name gandhi,302.0850777745816
name mahatma,302.0850777745816
sundown made,302.0850777745816
union made,302.0850777745816
believ rose,301.95312452143145
sometim satan,296.1757009692286
blood save,296.15031513380626
mile hour,295.16555321689617
across missouri,291.91705828534117
away licens,290.30126202399623
stay closer,290.30126202399623
teardrop fall,290.30126202399623
wan break,286.153170667896
wan rambl,286.153170667896
-lrb- hell,281.23409562470647
hell -rrb-,281.23409562470647
mayb someday,281.01077831173757
beat cold,279.0565526518328
buy beat,279.0565526518328
gold beat,279.0565526518328
rememb death,278.55618954703203
bone better,277.2215262475004
usual usual,277.2215262475004
glad want,276.6119570891465
pretti guess,272.53178974223044
intend stay,272.4694896563416
known unto,272.4694896563416
man kill,272.4694896563416
man understand,272.4694896563416
agarram desert,272.0638155651294
agarram mi,272.0638155651294
blind crippl,272.0638155651294
desert danc,272.0638155651294
desert fandango,272.0638155651294
durango mi,272.0638155651294
llore mi,272.0638155651294
mi dio,272.0638155651294
mi nos,272.0638155651294
mi querida,272.0638155651294
mi vida,272.0638155651294
mi vigila,272.0638155651294
son almighti,272.0638155651294
vida desert,272.0638155651294
worth rose,272.0638155651294
curtain new,271.65830654063814
new groom,271.65830654063814
ride etc.,271.65830654063814
risin new,271.65830654063814
came garden,271.2529628163003
grown silvio,271.2529628163003
nightingal high,271.2529628163003
tune high,271.2529628163003
