NGRAM,VALUE,
wa-hooo wa-hooo wa-hooo,25572548.16354659
wa-hooo wa-hooo wa-hooo,9605336.497201469
horn wa-hooo wa-hooo,9598764.246945022
horn wa-hooo wa-hooo,6398117.413259547
usual rock twist,5483124.4257677505
hangin solid foundat,4272926.384435385
blow horn wa-hooo,3839499.0466336273
willi scare way,3791662.4885785463
wa-hooo wa-hooo ride,3415205.9042096306
eye tooth creation,3411135.114603171
dio nos vigila,3207611.492082452
llore dio nos,3207611.492082452
querida dio nos,3207611.492082452
hangin made foundat,3206152.3707094886
hangin solid rock,3206152.3707094886
salli sue brown,3206152.3707094886
unto grate forev,3206152.3707094886
durango agarram vida,3204689.490254437
llore querida dio,3204689.490254437
llore querida nos,3204689.490254437
querida dio vigila,3204689.490254437
querida nos vigila,3204689.490254437
hangin rock foundat,3203961.11965274
hangin solid made,3203961.11965274
solid made foundat,3202864.6188103855
solid rock foundat,3202864.6188103855
brownsvill curl teeth,3200306.4838636518
press higher call,3199665.4765910315
instead speak dare,2885494.6975863203
speak dare multitud,2885494.6975863203
creation neither honor,2568421.954295127
honor forgiv one,2568421.954295127
martin luther king,2568421.954295127
neither honor forgiv,2568421.954295127
sundown u.s.a. sure,2568421.954295127
sundown union sure,2568421.954295127
dio nos hors,2567254.658857743
hors durango agarram,2567254.658857743
jordan rock gibraltar,2565499.2847717535
neither forgiv one,2565499.2847717535
neither honor one,2565499.2847717535
sundown union u.s.a.,2565499.2847717535
sweetheart doin dump,2565499.2847717535
union u.s.a. sure,2565499.2847717535
nos vigila hors,2564916.7903324426
dio vigila hors,2564039.155830154
blow wa-hooo wa-hooo,2561674.65471319
rock made foundat,2404608.744364537
solid rock made,2404608.744364537
hangin rock made,2402417.4933077893
make prayer unto,2402417.4933077893
usual usual twist,2353504.326283432
sure til greed,2141322.3487870637
u.s.a. sure til,2141322.3487870637
jokerman nightingal tune,2139371.7558479346
west rock gibraltar,2057128.4419072655
west jordan gibraltar,2054793.2443159602
curtain risin age,2054790.5733819655
risin age groom,2054790.5733819655
west jordan rock,2053330.5740872754
page curtain age,1925511.4038053092
page risin age,1924633.2010511598
summertim ah-a summertim,1898907.9363344747
nightingal tune bird,1837084.553595595
forgiv one see,1836251.393136935
jokerman tune bird,1836246.9309459357
curl teeth shine,1835418.8511583407
nightingal tune fli,1834578.5494483244
sure idea greed,1834163.294932804
u.s.a. sure idea,1834163.294932804
jokerman nightingal bird,1833951.0476120682
curl teeth pearl,1833748.5634196373
properti resent bone,1832908.7683923661
groom waitin altar,1781993.4078886122
age groom waitin,1711299.208915061
gandhi martin luther,1647112.987441087
mahatma gandhi martin,1647112.987441087
natur forgiv one,1607448.343705358
natur neither honor,1607448.343705358
desert danc fandango,1606720.4121107701
durango agarram mi,1606720.4121107701
llore mi nos,1606720.4121107701
mi nos vigila,1606720.4121107701
mi querida dio,1606720.4121107701
creation natur honor,1605621.0489669226
natur honor forgiv,1605621.0489669226
mi dio nos,1605258.7433106308
natur neither one,1605250.5865936032
save lamb save,1604795.1216694969
creation natur neither,1603974.295132678
natur honor one,1603974.295132678
natur neither forgiv,1603974.295132678
agarram mi vida,1603791.7387424062
llore mi querida,1603791.7387424062
mi querida vigila,1603791.7387424062
known unto grate,1603065.1196080602
prayer known unto,1603065.1196080602
agarram vida desert,1603063.9061694455
durango mi vida,1603063.9061694455
llore mi dio,1603063.9061694455
mi dio vigila,1603063.9061694455
mi querida nos,1603063.9061694455
make known unto,1602519.182571539
end son man,1602154.3911572148
tune bird fli,1574637.713287795
nightingal bird fli,1572131.709140524
east rock gibraltar,1545951.7298648937
gibraltar page curtain,1545951.7298648937
page curtain risin,1545951.7298648937
rock gibraltar page,1545951.7298648937
west rock gibraltar,1544393.3288696168
jordan east rock,1541281.8681369007
jordan east gibraltar,1541278.863679367
idea til greed,1530203.2991032219
u.s.a. idea til,1530203.2991032219
sure idea til,1527592.4617364379
troubl troubl nothin,1521819.3366527273
brrr brr-brr brrr,1493564.660316089
closer make prayer,1444073.2459587585
danc nightingal tune,1430137.6136572852
made u.s.a. sure,1429490.5651371418
name mahatma gandhi,1429490.5651371418
sundown union made,1429490.5651371418
pretti polli guess,1428506.7968778175
jokerman danc nightingal,1428182.715856228
sundown made sure,1427866.1174962628
union made u.s.a.,1426885.5192651607
jokerman danc tune,1426723.5490162317
sundown made u.s.a.,1425914.1866789784
union made sure,1425914.1866789784
summertim summertim stranger,1425262.7907101337
end holi man,1424297.7924245717
reason roam let,1404141.167676776
usual usual rock,1396406.4066774335
buy back grown,1380544.628678907
back grown cold,1378430.9436012907
glori stori end,1373271.405780307
silver gold buy,1348150.522763877
walk hop love,1347298.452185562
resent bone better,1310405.987490074
rambl break dawn,1289454.7096884698
curtain risin new,1287124.4762191954
risin new groom,1287124.4762191954
aris cobweb dust,1285373.39666937
heal blind crippl,1283612.7232099064
intend stay closer,1283032.71279009
jokerman danc bird,1226384.9844685658
danc nightingal fli,1224708.5946146094
danc tune bird,1224294.9781924097
danc nightingal bird,1223458.0231023813
danc tune fli,1223039.3546018943
make prayer known,1203939.5598877487
road glori end,1202293.308819206
silver buy back,1183619.5604972802
silver gold back,1182044.6888786969
gold buy back,1181874.9814449393
aris cobweb upon,1170115.0314725153
clean-cut kid killer,1168903.0921242894
blood lamb save,1168810.438569167
properti jesus resent,1167445.4222716908
polli guess right,1164137.517514504
luther king almighti,1161562.445230468
hope readi judgment,1108800.3462864987
beat grown cold,1102363.9940721078
buy beat grown,1102363.9940721078
hop stop love,1078446.0314741947
nightingal tune high,1074059.8786509433
unto heaven forev,1072608.3553875983
man understand kill,1069314.3458282524
glori end holi,1068702.7057530186
danc bird fli,1051180.511760203
curl pearl shine,1048797.6660304284
teeth pearl shine,1047127.3782917248
troubl troubl troubl,1032953.9721429916
met rank stranger,1030796.8008045215
risin new age,1028547.9624067844
curtain new age,1027236.748446227
new age groom,1027236.748446227
made u.s.a. idea,1020123.1461808742
made sure idea,1018732.1126463168
nineti mile hour,1001990.7430690257
late a-rollin across,987833.0484898356
page new age,966107.2859007486
back beat grown,963354.4242393482
stay closer make,962707.5227176466
readi readi readi,948876.3843101892
gold buy beat,944016.1343189558
night night night,928563.6868232883
grown cold silvio,920616.1053700232
tune bird high,919467.8052932224
nightingal fli high,918520.6190350831
name martin luther,918198.4225565476
nightingal bird high,917897.9779284045
ride brrr etc.,917588.1894893395
tune fli high,917583.725923981
mahatma gandhi name,917158.7760663849
name luther king,917158.7760663849
lamb save glad,916705.9846212568
mahatma name martin,914865.9641320414
gandhi name luther,913826.3176418787
name martin king,913746.0127180355
gandhi name martin,912577.082651165
bodi met rank,902127.5248286588
save blood lamb,877167.2274134532
save blood save,876646.5830126822
away licens kill,859766.3411970842
durango agarram soon,859641.3448475249
nos vigila soon,859641.3448475249
querida dio soon,859641.3448475249
soon danc fandango,859641.3448475249
us durango agarram,859641.3448475249
dio nos soon,858861.1640094467
agarram vida soon,855639.4968996436
dio vigila soon,855639.4968996436
querida nos soon,855639.4968996436
us agarram vida,855639.4968996436
durango vida soon,855342.5275820256
querida vigila soon,855342.5275820256
us durango vida,855342.5275820256
rose dead believ,852514.9242384918
brr-brr brrr brrr,842548.202331438
jesus resent bone,836925.7019334446
jesus resent better,834639.4568021444
properti jesus bone,834263.2463271362
buy back beat,830286.6799988925
back beat cold,828172.2460910936
gold back beat,827417.6137607087
yesterday memori tomorrow,825174.4601166706
almighti holi call,815449.0444997234
holi call christ,815449.0444997234
agarram mi desert,804811.7117326801
heaven grate forev,803994.0380042419
mi vida desert,802981.6225331335
son man understand,802163.5755042506
prayer unto heaven,801798.7837484867
thank prayer unto,801798.7837484867
unto heaven grate,801798.7837484867
sword came garden,801600.7802822866
make unto heaven,801521.5012120279
thank make unto,801521.5012120279
bird fli high,789452.6509150811
silvio silver gold,789452.6509150811
a-hold tight night,788301.236597515
silvio silver buy,787655.7024192417
silvio gold buy,786852.8654658232
hope readi readi,774647.6420715617
brrr brrr brr-brr,774642.2766931091
page risin new,772524.5593576079
page curtain new,772383.2991133675
wan rambl break,760898.2775284529
gone danc fandango,758505.8967262637
speak dare rose,727993.1384300633
luther son almighti,723167.4131601829
king son almighti,722179.2239288079
creation one honor,717662.80234484
one honor forgiv,717662.80234484
one neither honor,716849.7421383152
son almighti holi,713839.7685221389
creation one neither,713674.5957600083
one neither forgiv,713674.5957600083
holi man understand,712381.0119551875
across wide missouri,693228.513694957
tune bird light,692025.3777517256
fli high jokerman,691080.1329353419
tune fli light,688728.1986710135
road stori end,687879.31828577
dio soon hors,687706.5958747201
hors us agarram,687161.3151352693
stori end son,686937.8873767098
hors us durango,684818.018658724
vigila hors us,684818.018658724
nos soon hors,684583.2968260257
soon hors durango,684579.8297999987
vigila soon hors,684579.8297999987
wan break dawn,683484.8873091629
wan rambl dawn,681853.1738633637
long black coat,672500.5834197734
almighti call jesus,667405.5842774775
call jesus christ,667405.5842774775
burn curtain risin,666597.5857006467
gibraltar burn curtain,666597.5857006467
rock gibraltar burn,666597.5857006467
stick vow leav,658548.5640437907
bone better stone,655558.4329208453
king almighti holi,643621.1216201319
beat grown silvio,642515.0809995855
break rambl break,641819.3289451321
rambl break rambl,641819.3289451321
intend closer thank,641727.2653845337
apart yesterday tomorrow,641359.7943249025
hop love love,638741.5641690007
grown cold find,614642.3583818465
togeth stick vow,612895.2274926873
stick togeth vow,611650.3847947906
stori end holi,611515.699061431
bound wide missouri,604479.3465076176
wan drown watered-down,604037.5940740868
heart mine heart,603607.6699125214
make prayer heaven,603606.6657813132
thank make prayer,603606.6657813132
