NGRAM,VALUE,
dream titan,7.0244471240406465
dream dream,7.0244471240406465
soon midnight,7.0244471240406465
watchman dream,7.0244471240406465
dream sink,6.702519029153284
titan sink,6.702519029153284
dream titan,6.609409624761803
lay dream,6.217092201983043
watchman lay,6.217092201983043
roman king,6.1943721254829605
burn roll,6.024447124040648
fight em,6.024447124040647
move burn,6.0244471240406465
shine burn,6.0244471240406465
shine move,6.0244471240406465
roll john,6.006525216043385
earli roman,5.872444030595599
bright john,5.854522122598335
bright roll,5.854522122598335
pay blood,5.854522122598335
burn bright,5.854522122598334
burn john,5.854522122598334
move bright,5.854522122598334
move john,5.854522122598334
move roll,5.854522122598334
shine bright,5.854522122598334
lay dream,5.802054702704199
earli king,5.702519029153285
light burn,5.702519029153285
light move,5.702519029153285
shine light,5.702519029153285
scarlet town,5.546399827236002
light bright,5.532594027710972
light roll,5.532594027710972
dead lost,5.480126607816836
like earli,5.439484623319491
narrow work,5.4394846233194905
scarlet born,5.4394846233194905
work someday,5.4394846233194905
like king,5.43948462331949
like roman,5.43948462331949
narrow sure,5.43948462331949
sure someday,5.43948462331949
town born,5.324007405899554
road narrow,5.31395374123563
em fight,5.28748152987444
long narrow,5.091561319899185
saw saw,4.994699780646594
much long,4.802054702704198
king earli,4.702519029153285
way work,4.702519029153285
way sure,4.702519029153282
side side,4.609409624761803
narrow way,4.576988147069424
road way,4.576988147069424
way someday,4.576988147069424
sure work,4.565015505403347
work sure,4.565015505403347
night day,4.449538287983415
road work,4.439484623319489
earli earli,4.380590934265921
long way,4.3545957257329775
roman earli,4.287481529874441
gentl long,4.217092201983043
long sure,4.217092201983043
tear long,4.217092201983043
long road,4.091561319899183
road long,4.091561319899183
one day,3.908969906620711
hand long,3.802054702704199
town scarlet,3.739044905178398
work work,3.5650155054033483
scarlet scarlet,3.4394846233194896
long work,3.217092201983041
town town,3.2085301884796182
long long,3.1101769980665335
saw long,2.994699780646595
