NGRAM,VALUE,
fight em whiskey,15.726966153193931
high fight em,15.726966153193931
dream titan sink,15.142003652472773
dream dream titan,15.048894248081293
gentl pray long,14.656576825302533
watchman lay dream,14.656576825302531
night day strip,14.304060410581746
lay dream dream,14.24153932602369
roll john roll,13.709044245196669
shine move burn,13.463931747360142
saw dug long,13.434184403966084
burn bright roll,13.294006745917827
move burn bright,13.294006745917827
move burn john,13.294006745917827
move burn roll,13.294006745917827
shine burn bright,13.294006745917827
shine move bright,13.294006745917827
bright roll john,13.27608483792056
earli roman king,13.142003652472777
light move burn,13.142003652472777
shine light burn,13.142003652472777
shine light move,13.142003652472777
burn bright john,13.124081744475514
burn roll john,13.124081744475514
move bright john,13.124081744475514
move bright roll,13.124081744475514
move roll john,13.124081744475514
light burn bright,12.972078651030465
light burn roll,12.972078651030465
light move bright,12.972078651030465
light move roll,12.972078651030465
shine light bright,12.972078651030465
like roman king,12.878969246638981
light bright roll,12.802153649588153
like earli king,12.55704115175162
like earli roman,12.55704115175162
scarlet town born,12.17852952849789
roman king earli,11.726966153193931
narrow way sure,11.557041151751623
way sure someday,11.557041151751623
narrow way work,11.557041151751616
way work someday,11.557041151751616
road narrow way,11.431510269667761
narrow sure work,11.419537628001684
narrow work sure,11.419537628001684
sure work someday,11.419537628001684
work sure someday,11.419537628001684
earli king earli,11.40503805830657
earli roman earli,11.40503805830657
road narrow work,11.294006745917827
long narrow way,11.20911784833131
blood night day,11.134135409139432
long narrow sure,11.071614324581379
long road narrow,10.946083442497521
road long narrow,10.946083442497521
way sure work,10.68257203383548
way work sure,10.68257203383548
road way work,10.55704115175162
work sure work,10.545068510085542
narrow work work,10.419537628001684
work work someday,10.419537628001684
long way sure,10.334648730415172
long road way,10.209117848331314
road long way,10.209117848331314
long work sure,10.197145206665237
scarlet scarlet town,10.178529528497887
scarlet town scarlet,10.178529528497887
long narrow work,10.071614324581379
road long work,10.071614324581379
scarlet town town,10.063052311077954
town scarlet town,10.063052311077954
long long narrow,9.72369102116107
long road long,9.72369102116107
way work work,9.68257203383548
long way work,9.334648730415172
