NGRAM,VALUE,
five surviv six,2778139.537327999
eight gate nine,2468171.3265888086
four shore five,1389520.3485356355
three turn four,698836.4109220428
five tri six,696659.039963975
blood found world,617206.9499385065
four danc five,463960.33426728053
three key four,351809.0848690688
nine wine ten,347258.2498391433
bowl soup wiggl,317301.89369359
gypsi queen wiggl,317301.89369359
roll hoop wiggl,317301.89369359
satin silk wiggl,317301.89369359
wiggl rattl shake,317301.89369359
three danc four,236134.48675801788
three sea four,236134.48675801788
two dark three,233237.23661598566
two dew three,233237.23661598566
see meadow see,226960.82285341725
alright til fell,179251.65308328913
nine drank ten,174201.53479373094
much longer wait,167059.31196571657
milk wiggl rattl,158703.5181515675
pail milk wiggl,158703.5181515675
twenti cold iron,140218.49783496486
twenti town iron,139509.14603250028
dark yet get,133445.5679553755
heaven close door,128401.7871650054
cold iron bound,122864.36186111804
town iron bound,122109.4056567969
walk dirt road,120185.01364655027
two foggi three,117254.18018454788
two step three,117254.18018454788
stand doorway cri,116679.80409939762
see lover see,113588.15882120778
town cold iron,109047.385375792
twenti town cold,108338.03357332746
littl girl bake,101531.59906880779
four turn one,98771.18966176029
town cold bound,94928.52186350737
left doorway cri,87471.95728774347
let wind blow,80642.93009610186
twenti mile iron,79660.27714609883
two ark two,77726.9631867233
two flew two,77726.9631867233
two step two,77726.9631867233
mile iron bound,69695.86235307525
handi sugar candi,67689.77731462347
dandi sugar candi,67421.01444542207
tryin heaven close,64642.49993816991
tryin close door,64458.6016137012
dress green wiggl,63544.76858862939
queen wiggl dress,63544.76858862939
wiggl dress green,63544.76858862939
mile cold iron,61680.78331700132
twenti mile town,61316.6647331458
twenti mile cold,61210.94634653089
mile town iron,61076.1169600562
left stand doorway,58779.44115929734
closer million mile,57847.5530459463
til fell love,55815.266699187385
closer still million,53877.332708293754
mile town bound,53723.501861027995
mile cold bound,53572.25073202879
handi dandi clear,53422.29998857064
littl girl live,51491.679449996525
left stand cri,48619.04534976158
mile town cold,48308.483382537706
tryin heaven door,45621.532284943045
boy littl girl,41839.65919916661
'm drift scene,41367.443702073564
drift scene 'm,41342.27456757356
littl boy girl,40596.318986761384
alright til love,39744.10535607991
two lover two,39115.86488532265
sugar candi handi,39093.895574872986
alright fell love,39057.93083246637
sugar candi dandi,38942.56568520012
closer still mile,37458.205678926235
one follow two,37294.471186040864
littl boy littl,33647.113217342936
one none two,33100.924683054494
handi dandi ya,28729.986188061863
hit handi dandi,28729.986188061863
tomorrow handi dandi,28729.986188061863
still million mile,27890.952585178802
found world love,27213.28548985051
handi dandi candi,26268.04499990928
tryin closer million,25660.304613864846
like sugar candi,25114.950068496386
walk dirt till,23560.9752112453
handi dandi sugar,21591.94541999808
went dri wiggl,21459.89052814083
know god know,21119.53746459586
ten thousand dress,20752.491815833473
honey handi dandi,20500.226602840623
god know god,19781.37589231755
littl littl girl,19704.9828455047
dirt road till,18383.338187200163
ten thousand women,17907.583895982207
one follow one,17867.517272436533
tryin closer still,17017.86106509673
day littl girl,16852.95829859564
god know know,16683.63770128754
candi handi dandi,16643.337924414205
tri closer million,16306.654641221974
walk road till,14860.577149200397
green wiggl till,14566.54604483968
make feel love,14234.402359657297
god god know,14180.946552055862
sugar handi dandi,14013.733546396308
till wiggl till,13596.848658429248
tryin still million,12950.268957896547
two two two,12893.124866214986
dandi candi handi,12747.083331908596
wiggl till wiggl,12611.814209391852
wiggl till wiggl,12545.68519744348
wiggl wiggl till,12424.026654360146
'm til fell,11900.247944879147
kind love sick,11590.685779745236
closer 'm million,11438.8869578417
longer wait 'm,11286.74448002421
tri closer still,11018.39508416656
bowl wiggl wiggl,10949.693900818718
green wiggl wiggl,10949.693900818718
gypsi wiggl wiggl,10949.693900818718
hoop wiggl wiggl,10949.693900818718
pail wiggl wiggl,10949.693900818718
queen wiggl wiggl,10949.693900818718
roll wiggl wiggl,10949.693900818718
satin wiggl wiggl,10949.693900818718
silk wiggl wiggl,10949.693900818718
soup wiggl wiggl,10949.693900818718
wiggl wiggl green,10949.693900818718
wiggl wiggl gypsi,10949.693900818718
wiggl wiggl pail,10949.693900818718
wiggl wiggl rattl,10949.693900818718
wiggl wiggl roll,10949.693900818718
wiggl wiggl shake,10949.693900818718
wiggl wiggl ton,10949.693900818718
dandi sugar handi,10204.667422249822
dandi like sugar,9962.462760107459
wiggl green wiggl,9621.476855171237
tri still million,8638.106213169953
closer 'm mile,8614.656122061087
'm alright til,8515.62342569566
handi like candi,8350.008898868602
handi dandi like,8292.652953342602
dandi like candi,8022.750780850755
hoop wiggl like,8005.313327509699
silk wiggl like,8005.313327509699
soup wiggl like,8005.313327509699
wiggl like gypsi,8005.313327509699
wiggl like pail,8005.313327509699
wiggl like roll,8005.313327509699
wiggl like ton,8005.313327509699
handi dandi handi,7414.532727442421
dandi handi dandi,7414.53272744242
'm alright fell,7394.73182472403
handi dandi dandi,7377.862727453809
handi handi dandi,7377.862727453809
closer 'm still,7333.973093048944
wiggl wiggl till,7287.932712842781
till wiggl till,6901.774629410889
wiggl wiggl like,6762.896097114552
'm twenti town,6632.314161827233
handi like sugar,6520.110063222569
'm million mile,6459.776228473561
milk wiggl wiggl,6358.690563486577
'm town cold,6145.390911224983
'm twenti cold,6098.240880550341
'm still million,5872.000617751083
'm closer still,5779.789484280949
wiggl wiggl wiggl,5711.813262028692
one day littl,5701.538874352765
one sun two,5552.7077055210575
like handi dandi,5294.951399894097
dri wiggl wiggl,4828.859024789557
like candi handi,4731.641832152956
wiggl till till,4697.874918383198
like candi dandi,4541.093449838634
'm twenti mile,4538.93733765511
wiggl wiggl wiggl,4464.719476212159
tryin closer 'm,3997.7569789032636
one two two,3924.01835816416
'm tryin closer,3880.2245155471883
'm still mile,3778.940438574513
like sugar handi,3775.3712394288855
like sugar dandi,3737.1238613508613
dress wiggl wiggl,3605.900360252821
went wiggl wiggl,3605.900360252821
wiggl wiggl dress,3605.9003602528205
'm mile town,3470.4593878580285
till wiggl wiggl,3224.769993245853
'm mile cold,2941.4584277966137
wiggl wiggl moon,2919.405755355286
wiggl wiggl wiggl,2911.5565823978905
dri wiggl like,2889.87656575113
tryin 'm million,2774.65682452619
wiggl wiggl like,2687.1317932752017
tri closer 'm,2644.9183411115755
'm fell love,2607.799433041812
one sun one,2601.111145525454
'm tri closer,2596.8827596103183
wiggl wiggl till,2525.0233316892777
like wiggl wiggl,2420.915173261972
'm til love,2279.6405636366635
wiggl dress wiggl,2275.8292701425917
wiggl till moon,1867.2533500843274
'm sick love,1826.0470664664376
'm tryin still,1811.486424388642
tri 'm million,1791.418347927609
tryin 'm still,1778.8068209126795
one one two,1759.7459609746775
wiggl till wiggl,1663.4164965766674
'm alright love,1570.3842562652192
wiggl like wiggl,1532.9961331989944
dandi like handi,1377.932446953801
'm closer 'm,1345.2992324080035
'm tri still,1337.7606689307163
tri 'm still,1206.7589095120156
'm 'm still,870.3015828021355
'm tryin 'm,491.462507376497
'm tri 'm,475.8796525261806
