NGRAM,VALUE,
troubl troubl,0.2693726937269373
freddi po,0.23076923076923078
wake strengthen,0.2222222222222222
appl suckl,0.19540229885057472
lamb save,0.19148936170212766
lay lay,0.18181818181818182
locust sang,0.17857142857142858
behold lo,0.17647058823529413
lo behold,0.17647058823529413
shore driftin,0.17647058823529413
weekend weekend,0.1724137931034483
suckl tree,0.17073170731707318
handi dandi,0.16981132075471697
eight nine,0.16666666666666666
lay brass,0.16666666666666666
odd end,0.15789473684210525
odd lost,0.15789473684210525
wiggl wiggl,0.15702479338842976
rose dead,0.1566265060240964
anim begin,0.15254237288135594
roman king,0.15254237288135594
heavi bottl,0.15151515151515152
-lrb- -rrb-,0.14285714285714285
ah-a summertim,0.14285714285714285
anywher belong,0.14285714285714285
behold lookin,0.14285714285714285
belong christ-forsaken,0.14285714285714285
best notifi,0.14285714285714285
cassius clay,0.14285714285714285
creation honor,0.14285714285714285
eatin eatin,0.14285714285714285
forgiv one,0.14285714285714285
freddi freddi,0.14285714285714285
frontlin workingman,0.14285714285714285
gibraltar curtain,0.14285714285714285
honor forgiv,0.14285714285714285
honor one,0.14285714285714285
jingle-jangl followin,0.14285714285714285
jordan gibraltar,0.14285714285714285
lenni bruce,0.14285714285714285
leopard-skin pill-box,0.14285714285714285
lo behold,0.14285714285714285
lowland prophet,0.14285714285714285
mem ry,0.14285714285714285
mrs. henri,0.14285714285714285
neighborhood bulli,0.14285714285714285
netti moor,0.14285714285714285
peggi day,0.14285714285714285
pledg hopin,0.14285714285714285
press press,0.14285714285714285
properti resent,0.14285714285714285
prophet warehous,0.14285714285714285
readi readi,0.14285714285714285
salari oblivion,0.14285714285714285
summertim summertim,0.14285714285714285
sundown u.s.a.,0.14285714285714285
valeri salari,0.14285714285714285
valeri vivian,0.14285714285714285
vivian oblivion,0.14285714285714285
vivian salari,0.14285714285714285
warehous arabian,0.14285714285714285
wake wake,0.13636363636363635
bash ooh,0.13513513513513514
ooh ooh-e,0.13513513513513514
sad-ey prophet,0.13513513513513514
tweedle-de dee,0.13513513513513514
name begin,0.13432835820895522
treat unkind,0.13432835820895522
desol row,0.13333333333333333
knock knockin,0.13333333333333333
stuck mobil,0.13333333333333333
spend peggi,0.1320754716981132
jokerman nightingal,0.13043478260869565
arabian drum,0.1282051282051282
creation neither,0.1282051282051282
doin dump,0.1282051282051282
groom altar,0.1282051282051282
highway 61,0.1282051282051282
jack heart,0.1282051282051282
jordan rock,0.1282051282051282
juic odd,0.1282051282051282
late a-rollin,0.1282051282051282
mem serv,0.1282051282051282
neither forgiv,0.1282051282051282
neither honor,0.1282051282051282
neither one,0.1282051282051282
rock gibraltar,0.1282051282051282
ry serv,0.1282051282051282
warehous drum,0.1282051282051282
mobil memphi,0.1267605633802817
diseas conceit,0.1262135922330097
clean-cut killer,0.125
heal crippl,0.125
moor winter,0.125
netti winter,0.125
sugar nohow,0.125
wake remain,0.125
beyond horizon,0.12359550561797752
brand leopard-skin,0.12280701754385964
brand pill-box,0.12280701754385964
iron bound,0.12280701754385964
dear landlord,0.12
driftin driftin,0.12
loot trout,0.12
name anim,0.12
new york,0.12
ol frisco,0.12
simpl twist,0.12
speak dare,0.12
tom pain,0.12
winterlud winterlud,0.12
world war,0.12
appl tree,0.11764705882352941
mama stuck,0.11764705882352941
strengthen remain,0.11764705882352941
stuck memphi,0.11764705882352941
bottl bread,0.11627906976744186
mr. tambourin,0.11627906976744186
sundown sure,0.11627906976744186
sundown union,0.11627906976744186
u.s.a. sure,0.11627906976744186
union u.s.a.,0.11627906976744186
william zanzing,0.11627906976744186
rainin leve,0.11538461538461539
happen jone,0.11475409836065574
mister jone,0.11475409836065574
hard hard,0.1141552511415525
troubl nothin,0.11363636363636363
alon stone,0.1111111111111111
aris cobweb,0.1111111111111111
behold man,0.1111111111111111
bid farewel,0.1111111111111111
bit workingman,0.1111111111111111
bucket bucket,0.1111111111111111
complet roll,0.1111111111111111
counti hook,0.1111111111111111
drown watered-down,0.1111111111111111
frontlin bit,0.1111111111111111
knock knock,0.1111111111111111
lag behind,0.1111111111111111
lo lookin,0.1111111111111111
minstrel coin,0.1111111111111111
older younger,0.1111111111111111
philosoph fear,0.1111111111111111
pus heavi,0.1111111111111111
save save,0.1111111111111111
soccer fun,0.1111111111111111
solid rock,0.1111111111111111
tambourin man,0.1111111111111111
work maggi,0.10909090909090909
franki lee,0.10891089108910891
live polit,0.10891089108910891
shine light,0.10817941952506596
far shore,0.1076923076923077
happen mister,0.1076923076923077
twenti iron,0.1076923076923077
stop cri,0.10714285714285714
dollar bash,0.10638297872340426
goin goin,0.10638297872340426
groom waitin,0.10638297872340426
queen jane,0.10638297872340426
save grace,0.10638297872340426
sure greed,0.10638297872340426
sweetheart doin,0.10638297872340426
knock knockin,0.10526315789473684
need shot,0.10505836575875487
serv somebodi,0.1048951048951049
mr. man,0.10476190476190476
narrow work,0.10476190476190476
acapulco goin,0.10344827586206896
best kin,0.10344827586206896
big jim,0.10344827586206896
booth thousand,0.10344827586206896
clean-cut kid,0.10344827586206896
coupl month,0.10344827586206896
direct complet,0.10344827586206896
end lost,0.10344827586206896
factori daddi,0.10344827586206896
gaze chime,0.10344827586206896
goin soccer,0.10344827586206896
gutter thank,0.10344827586206896
jokerman tune,0.10344827586206896
notifi kin,0.10344827586206896
phone booth,0.10344827586206896
shoulder stripe,0.10344827586206896
stripe shoulder,0.10344827586206896
stripe stripe,0.10344827586206896
thousand booth,0.10344827586206896
chime freedom,0.10144927536231885
tree appl,0.10144927536231885
shine shine,0.10037174721189591
a-gonna blue-ey,0.1
cri cri,0.1
drift scene,0.1
dyin blanket,0.1
gate eden,0.1
philosoph critic,0.1
philosoph disgrac,0.1
pictur frame,0.1
roll tumbl,0.1
sang locust,0.1
stop babi,0.1
stuck insid,0.1
earli roman,0.0989010989010989
gave begin,0.0989010989010989
ago anim,0.09803921568627451
curtain risin,0.09803921568627451
ridin hmm,0.09803921568627451
risin groom,0.09803921568627451
senor senor,0.09803921568627451
shelter storm,0.09803921568627451
sweetheart dump,0.09803921568627451
tambourin play,0.09803921568627451
u.s.a. idea,0.09803921568627451
union sure,0.09803921568627451
waitin altar,0.09803921568627451
ya unto,0.09803921568627451
dum dee,0.0967741935483871
eye tooth,0.0967741935483871
gaze freedom,0.0967741935483871
knockin knock,0.0967741935483871
nightingal tune,0.0967741935483871
press higher,0.0967741935483871
save lamb,0.0967741935483871
tree underneath,0.0958904109589041
trust trust,0.0958904109589041
insid mobil,0.09523809523809523
stop stop,0.09523809523809523
behold behold,0.09090909090909091
blue-ey darl,0.09090909090909091
brain nohow,0.09090909090909091
burn roll,0.09090909090909091
captain arab,0.09090909090909091
complet unknown,0.09090909090909091
creation natur,0.09090909090909091
cri stop,0.09090909090909091
dude think,0.09090909090909091
end end,0.09090909090909091
end lost,0.09090909090909091
father father,0.09090909090909091
food tombston,0.09090909090909091
heaven knock,0.09090909090909091
idea greed,0.09090909090909091
juic end,0.09090909090909091
kid killer,0.09090909090909091
kin explod,0.09090909090909091
king clay,0.09090909090909091
knock heaven,0.09090909090909091
leopard-skin hat,0.09090909090909091
lo lo,0.09090909090909091
long-dist oper,0.09090909090909091
lookin behold,0.09090909090909091
meet lag,0.09090909090909091
mighti quinn,0.09090909090909091
natur forgiv,0.09090909090909091
natur honor,0.09090909090909091
natur one,0.09090909090909091
pill-box hat,0.09090909090909091
rainin break,0.09090909090909091
roll john,0.09090909090909091
rooster crowin,0.09090909090909091
stop cri,0.09090909090909091
tambourin jingle-jangl,0.09090909090909091
ten thousand,0.09090909090909091
tini montgomeri,0.09090909090909091
titan sink,0.09090909090909091
tweedle-de tweedle-de,0.09090909090909091
tweedle-de dee,0.09090909090909091
unknown roll,0.09090909090909091
vision johanna,0.09090909090909091
wan wan,0.09090909090909091
watchman dream,0.09090909090909091
west gibraltar,0.09090909090909091
west jordan,0.09090909090909091
zanzing philosoph,0.09090909090909091
� whoo-e,0.09090909090909091
glad glad,0.08875739644970414
babi stop,0.088
wan nobodi,0.088
alberta treat,0.08771929824561403
dog run,0.08695652173913043
heaven knockin,0.08695652173913043
insid memphi,0.08695652173913043
knockin heaven,0.08695652173913043
mama insid,0.08695652173913043
dead believ,0.08609271523178808
begin name,0.08571428571428572
mrs. mrs.,0.08571428571428572
anybodi seen,0.08542713567839195
chime flash,0.0847457627118644
clay joey,0.0847457627118644
mr. play,0.0847457627118644
natur neither,0.0847457627118644
sure idea,0.0847457627118644
heart yearn,0.08411214953271028
save glad,0.08411214953271028
worri po,0.08411214953271028
age groom,0.08333333333333333
bride �,0.08333333333333333
broken broken,0.08333333333333333
