NGRAM,VALUE,
troubl troubl,201.08051886060375
night night,172.47817684193126
readi readi,111.05729846181161
brrr brrr,103.05433395212225
wiggl wiggl,100.60292232757095
brr-brr brrr,94.5231640353936
hard hard,94.07974712680712
play knick-knack,91.61896143955175
brrr brr-brr,90.46938519502496
shine light,83.75652152361614
wake strengthen,83.64869217014851
let let,72.3981107687646
-lrb- -rrb-,71.97581386963424
serv somebodi,70.33320955348277
mrs. henri,70.09868063863937
cri cri,69.21320904551622
god know,68.55221346671706
wan nobodi,67.35838816360827
knick-knack paddywhack,66.08246697689455
wake wake,64.56937474381829
need shot,63.76004320778678
locust sang,61.96914352444236
far shore,61.93240972718711
day day,61.92689056209257
wan wan,61.6363684886004
stop cri,61.40652305352766
boogi woogi,61.38775195899423
noel noel,61.38775195899423
weekend weekend,61.247257013203615
fool fool,60.9546464086302
light shine,60.75502247685686
work maggi,60.57884019645511
suckl tree,60.38579938383331
narrow work,58.77469187946238
troubl nothin,58.22186134031851
shine shine,58.2058624265221
'm 'm,57.48159479138125
� good,56.47486960484255
ten thousand,55.96495538297011
handi dandi,55.807193999989074
appl suckl,55.66713254366215
shore driftin,55.42436378673065
sarah jane,55.279659592729445
anim begin,54.97603204266863
nobodi wan,54.51233104796942
cri stop,53.05281618495815
stop cri,53.05281618495815
name begin,51.844098520793516
lordi lordi,50.7546638333839
work someday,49.530900631995735
neighborhood bulli,49.14168411927529
one weekend,48.87218804849795
long narrow,48.48778403567238
ho ho,48.30573522850837
henri pleas,47.350681804156196
wake remain,46.994521042394965
'd like,45.73623663382217
-rrb- -lrb-,45.391735348104774
pleas cri,45.381032251667264
light light,45.26602485737303
serv may,45.13815872551855
true love,44.96599025290979
-lrb- hell,44.70649607303852
hell -rrb-,44.70649607303852
mrs. pleas,44.46956452079391
lordi lord,43.99769364936314
henri henri,43.80029596659105
wake thing,43.560914525001934
babe blood,43.54120699755019
mr. bojangl,42.8233625812159
bojangl danc,42.2697920913445
hard a-gonna,41.69474315629595
appl tree,41.647110739566145
gave begin,41.618441717294374
noel born,41.471254246540774
rememb end,41.088849567514885
knick-knack give,40.605508118598955
behold lo,40.447304192290645
lo behold,40.447304192290645
stop stop,40.30426350325395
work work,40.1818108231182
somebodi may,40.048367361636295
rose dead,39.38908453096038
away dixi,38.947323299459036
pleas mrs.,38.919941892556196
jack heart,38.75994935892157
diseas conceit,38.61710596975264
anybodi seen,38.524303168766814
love love,38.494598350083805
shot love,37.85997220205927
good good,37.83204159914142
ira hay,37.76794008699464
boogi woogi,37.53766576124863
boogi boogi,37.53766576124863
woogi boogi,37.53766576124863
woogi woogi,37.53766576124863
santa claus,37.51073100752829
corrina corrina,37.47154921596464
may may,37.41559355510409
day gold,36.73581077359927
blood eye,36.09078851848457
burn fire,36.041536604838
driftin far,35.99333360228955
babi babi,35.906414992111465
death end,35.80329827713526
us ador,35.79140162139545
mrs. mrs.,35.65719293682831
name anim,35.592620483576276
glad glad,35.48790018694153
tree appl,35.30515732896294
pleas stop,35.30328627278123
rainin leve,35.19147618371545
forev young,34.94745841994382
lord lord,34.142058075646126
drunken hay,33.8441897705855
lawd lawd,33.648194544774256
tree underneath,33.32199744810335
burn burn,33.279114387927194
sang locust,33.24720508711059
day 49,33.214819000998965
stop babi,32.983293174818904
brr-brr brr-brr,32.8006710439054
new morn,32.594347801478335
ya tell,32.481539798521595
thank lord,32.3156835392375
old play,32.26788190619022
way work,32.19263267322081
whiskey-drink marin,32.19258465309646
want want,32.12687480847779
wiggl wiggl,32.08136752930042
heavi bottl,32.020317278558544
rainin break,31.971295633540624
duquesn blow,31.93225018273599
drunken ira,31.87156822589078
live polit,31.87156822589078
away away,31.853730202443487
tweedle-de dee,31.7692811019509
sad-ey prophet,31.692808842866103
answer marin,31.648460237406944
answer whiskey-drink,31.648460237406944
bash ooh,31.648460237406944
ooh ooh-e,31.648460237406944
begin name,31.568182929176565
beyond horizon,31.534447569262493
end end,31.44529477484368
sara sara,31.330894840907003
dead believ,31.207148759538033
burn ring,31.15810629848712
drunken answer,31.104374525538553
weekend one,30.79059218944107
hay whiskey-drink,30.71180909223218
hard rain,30.59723021897816
fix die,30.508340476661623
indian marin,30.302278841615873
whiskey-drink indian,30.302278841615873
broken broken,30.278223913241053
christma christma,30.17996036367136
new york,30.175776947795708
hay answer,30.167800790225975
clay joey,30.076131225394477
roman king,30.062954472526727
street joey,29.958646859676946
may serv,29.948715533191223
'm glad,29.9148381670405
lamb save,29.773343058345347
answer indian,29.758309245650974
lord lordi,29.713059057879647
cri babi,29.674419788033813
leve break,29.628203139935213
corrina gal,29.560297216095986
tell henri,29.478919984547215
johnni johnni,29.447263450200932
press press,29.447263450200932
summertim summertim,29.447263450200932
stone stone,29.44145539772374
dixi away,29.398086040439665
boogi countri,29.283330528584663
woogi countri,29.283330528584663
goin goin,29.2313818791244
gave anim,29.00150507884656
franki lee,28.937756006275542
earli roman,28.936935373535192
bottl bread,28.821967748921622
tambourin man,28.64556506096155
tambourin play,28.64556506096155
ooh babi,28.623309601060324
uh-huh next,28.547663229265254
long long,28.44894008101773
mobil memphi,28.423748230841717
flora lili,28.391906092906332
ira answer,28.39190609290633
dollar bash,28.371383894971746
lay brass,28.005040867411186
lay lay,28.005040867411186
wa-hooo wa-hooo,27.934599470516698
tree tree,27.91533602287246
wo let,27.861114300897476
end rememb,27.844023729333834
long time,27.82566603690264
slow train,27.817267248453444
father father,27.800634367135004
shelter storm,27.763867523192072
-rrb- hell,27.746436735859767
49 day,27.686850703728606
black davey,27.567810385640545
dream late,27.462685029914127
shore shore,27.353870751867408
scarlet town,27.285750246811617
hell time,27.11652381168617
babi ooh-e,27.115677298676076
lo behold,27.097219722842627
gave name,27.061570781238895
slow comin,26.968983267748236
forev forev,26.94799139733516
day old,26.845071260729025
hard time,26.809327065832733
paddywhack bone,26.7854682944857
wrong hurt,26.743651258141
cri pleas,26.731544971428814
mr. tambourin,26.595115139527117
hell man,26.54745993934015
ugli ugli,26.529521227960824
break dawn,26.445214573811015
play paddywhack,26.411769714163054
keep rainin,26.285074028112817
treat unkind,26.282989190365136
save glad,26.26525565371456
wiggl till,26.253074364752205
narrow sure,26.24797860051752
million bash,26.234934723487797
ooh-e million,26.234934723487797
pretti polli,26.119015884344886
behold lookin,26.109195864634707
desol row,26.109195864634707
knock knockin,26.109195864634707
stuck mobil,26.109195864634707
wiggl wiggl,26.082307072592577
paddywhack dog,26.064164029880335
mr. danc,25.979782472821768
mr. man,25.948074631690954
know know,25.90966328764433
brownsvill curl,25.85450799416113
good babi,25.828611421977648
clean-cut kid,25.748754920348986
pleas henri,25.73887182985413
brrr brrr,25.591085594224232
shake shake,25.572117488092015
-lrb- ugli,25.542219946952734
ugli -rrb-,25.542219946952727
wed supper,25.520075061801233
away south,25.45151622753914
alberta treat,25.42533914299083
henri mrs.,25.415026294535508
roll john,25.363035446485206
like like,25.320742093726533
marin war,25.288470485835024
whiskey-drink war,25.288470485835024
allow chanc,25.271440358545
henri appl,25.264829025585698
true tend,25.26275552753372
mama stuck,25.213306956691046
strengthen remain,25.213306956691046
stuck memphi,25.213306956691046
jack davey,25.19601308944099
may call,25.180916403700834
-lrb- man,25.11178259622725
round spin,25.10360006512365
man play,25.101680962794546
clean-cut killer,25.09905149819659
knick-knack dog,25.05925090647246
burn ring,25.031311565638646
begin gave,24.988297279757084
right ya,24.89991156845544
tambourin song,24.87514749711803
plow hold,24.83113503605313
heart yearn,24.824872852107646
work sure,24.803257562894213
sad-ey ladi,24.79237410770986
silver gold,24.71122198890878
babe eye,24.680228389561268
new orlean,24.63901548738439
anymor marin,24.617516823085772
anymor whiskey-drink,24.617516823085772
bird fli,24.572657829141015
knick-knack knick-knack,24.554054192046635
man play,24.46566788725741
black jack,24.414059395291137
ya henri,24.39523668848075
burn roll,24.333311631899978
rambl break,24.299633816434998
lo lookin,24.294172767565495
peggi day,24.294172767565495
jane set,24.26114275026484
one one,24.190878132343116
broken broken,24.1771100621081
bone roll,24.169097444932113
jolen queen,24.161811560005404
stuck insid,24.161811560005404
god god,24.127643864750425
tree suckl,24.114460073977263
