NGRAM,VALUE,
lay brass,1355.6248163976443
lay lay,1355.6248163976443
work maggi,1202.9721069756147
hard hard,1158.8872956026166
hang pictur,1106.758406683862
pictur frame,1085.199990900397
stay ahead,1085.199990900397
hang frame,904.0833641711263
sad-ey prophet,902.0835275557083
hard a-gonna,799.8346358468353
peggi day,686.8581817792091
cassius clay,677.9376554868554
dear landlord,677.9376554868554
eatin eatin,677.9376554868554
suppos sooner,677.9376554868554
tom pain,677.9376554868554
babi blue,677.5627765228443
complet roll,677.5627765228443
complet unknown,677.5627765228443
philosoph fear,677.5627765228443
unknown roll,677.5627765228443
a-gonna fall,677.1879322260081
highway 61,677.1879322260081
jingle-jangl followin,677.1879322260081
lowland prophet,677.1879322260081
pledg hopin,677.1879322260081
prophet warehous,677.1879322260081
warehous arabian,677.1879322260081
william zanzing,677.1879322260081
brand leopard-skin,676.4383477868075
brand pill-box,676.4383477868075
happen jone,676.4383477868075
happen mister,676.4383477868075
leopard-skin pill-box,676.4383477868075
mister jone,676.4383477868075
mama stuck,676.0636077209787
new york,676.0636077209787
mobil memphi,675.6889024753953
franki lee,618.2942764776841
spend peggi,613.5380703161902
sport car,610.0501560847333
desol row,600.5570374687413
lay big,600.5570374687413
mama insid,600.5570374687413
stuck insid,600.5570374687413
stuck memphi,600.5570374687413
stuck mobil,600.5570374687413
factori daddi,579.7509042086872
older younger,579.7509042086872
arabian drum,563.9590008202023
blue-ey darl,563.9590008202023
pictur hang,563.9590008202023
warehous drum,563.9590008202023
mr. tambourin,562.0339246169576
queen jane,562.0339246169576
alon stone,541.7004654432886
dyin blanket,541.7004654432886
fear rag,541.7004654432886
piti immigr,541.7004654432886
insid memphi,533.434036921539
insid mobil,533.434036921539
mr. man,522.4244828085626
tambourin man,518.4646955588547
chime freedom,517.1744372936664
throw troubl,515.8575818114634
direct complet,508.1252979986153
direct unknown,508.1252979986153
mountain rang,508.1252979986153
world war,508.1252979986153
along cove,506.95431824016936
gaze chime,506.95431824016936
gaze freedom,506.95431824016936
arabian gate,483.08126678960514
tambourin play,481.1197163746104
gate eden,479.73573703640466
sweet mari,469.5929992435824
tonight mari,469.5929992435824
tonight sweet,469.5929992435824
oxford town,458.14090494354343
stay awhil,451.2919587867787
bid farewel,451.12566054008994
critic fear,451.12566054008994
disgrac fear,451.12566054008994
philosoph critic,451.12566054008994
philosoph disgrac,451.12566054008994
daddi food,450.3348205956896
daddi lookin,450.3348205956896
food tombston,450.3348205956896
lookin tombston,450.3348205956896
shoe daddi,450.3348205956896
a-gonna blue-ey,433.00073732656375
fall blue-ey,433.00073732656375
stay stay,433.00073732656375
brand hat,429.3487890817511
leopard-skin hat,429.3487890817511
pill-box hat,429.3487890817511
hard rain,412.6180598558296
feel direct,405.3007931469819
daddi alley,405.03928479525393
drum gate,402.18881150864684
pawn game,402.18881150864684
mr. play,400.17638614976585
factori lookin,385.6091621148946
factori shoe,385.6091621148946
blowin wind,380.99809096041866
end memphi,378.35603280345106
end mobil,378.35603280345106
memphi blue,378.35603280345106
mobil blue,378.35603280345106
man play,369.04453760992607
alley lookin,366.8613524315674
critic rag,360.53435027090654
disgrac rag,360.53435027090654
hard fall,353.8185278789575
tambourin song,353.3613987357008
chime flash,351.6357574487253
freedom flash,351.6357574487253
kitchen tombston,351.6357574487253
vision johanna,351.6357574487253
factori alley,346.7809732609718
thousand mile,346.7809732609718
peggi night,338.37543492397583
three o'clock,338.31309605454226
tambourin jingle-jangl,337.50165696682495
mama daddi,337.09613693988814
brand new,336.69075012640235
new leopard-skin,336.69075012640235
new pill-box,336.69075012640235
end stuck,336.28549667817094
lay across,336.28549667817094
mama end,336.28549667817094
stuck blue,336.28549667817094
wo jane,319.2928612176359
answer blowin,315.0125276706444
rag tear,308.77272955915225
throw suitcas,308.77272955915225
ticket throw,308.77272955915225
tonight stay,308.77272955915225
blue-ey son,306.62122808798034
captain arab,304.3320069932591
gettin fill,304.3320069932591
street gettin,304.3320069932591
william philosoph,304.3320069932591
zanzing philosoph,304.3320069932591
big brass,300.1679290948405
disgrac critic,300.1402715036257
gaze flash,300.1402715036257
lookin food,299.3086687310528
shoe food,299.3086687310528
shoe lookin,299.3086687310528
end insid,298.50529565049123
insid blue,298.50529565049123
mr. song,293.6928112382272
morn mile,289.79539075686495
mama factori,288.5388895464
sleepi mr.,280.88758064995744
man song,270.7436603682055
dyin bound,269.9764658620546
babe lookin,269.95158783272615
alley food,269.10366917623
shoe alley,269.10366917623
answer wind,266.1381802591978
maggi farm,265.8556747844128
wo queen,265.29765554742534
man jingle-jangl,259.1129958697683
man sleepi,259.1129958697683
babe light,257.2387962941498
cove spi,257.0017536249069
day stole,257.0017536249069
spend day,257.0017536249069
juda priest,255.1257601979161
son darl,255.1257601979161
second mother,253.40715069830597
somehow older,253.3838059632409
darl young,252.1676699582076
tombston blue,252.1676699582076
play song,251.0731490340356
maggi work,249.7421812153045
want honey,247.89565600241272
maggi pa,247.64008854199724
gettin gettin,243.18857696280554
jump jump,243.18857696280554
pictur pictur,243.18857696280554
play followin,240.44910318813976
play jingle-jangl,240.44910318813976
play sleepi,240.44910318813976
sleepi go,240.44910318813976
gate wait,240.40477262759705
woman break,234.7399231580073
food kitchen,233.65766869186308
lookin kitchen,233.65766869186308
babe babe,230.38219346816894
lovin honey,224.68937489060215
arabian sad-ey,224.2737641949416
countri pie,224.2737641949416
lowland sad-ey,224.2737641949416
sad-ey lowland,224.2737641949416
much older,223.858389045457
mama shoe,223.79645852613422
home complet,221.35125084805816
throw throw,220.02262065255377
brother hand,216.99230337960617
fear take,216.99230337960617
philosoph take,216.99230337960617
somehow younger,216.99230337960617
stone stone,215.9161168978869
bound blanket,215.60216661873872
stone stone,214.91312251018869
ladi lay,213.96792479098457
new hat,213.0695026697549
arabian put,210.1203750825795
blue-ey young,210.1203750825795
time a-changin,210.1203750825795
warehous put,210.1203750825795
alley kitchen,210.06226125411538
live honey,207.43816609442274
someth happen,203.74831763476973
someth jone,203.74831763476973
someth mister,203.74831763476973
morn thousand,202.4637080460165
sooner later,202.4637080460165
suppos later,202.4637080460165
blame game,202.42640130996693
zanzing disgrac,202.42640130996693
mama alley,201.1368622397877
peggi stole,199.48398610948271
jingle-jangl morn,197.63212117466094
morn followin,197.63212117466094
rain a-gonna,197.63212117466094
rain fall,197.63212117466094
a-gonna son,195.8388212992494
fall son,195.8388212992494
along spi,192.288389564157
gaze upon,191.50514827428518
much younger,191.46981525889805
drum sad-ey,186.49707726390722
ten thousand,186.46268727039265
maggi maggi,186.43503234387248
stay stay,179.3694161256881
sad-ey ladi,176.76806610678435
sleepi place,176.59935466280072
song followin,176.59935466280072
song jingle-jangl,176.59935466280072
song sleepi,176.59935466280072
drum put,174.70163102120438
blame pawn,173.31065675634665
take rag,173.31065675634665
realli mobil,170.8364442427731
ask honey,169.30104394890355
ask live,169.30104394890355
hang hang,168.45493941470696
across brass,168.08082301053778
brass bed,168.08082301053778
dyin bed,168.08082301053778
dyin put,168.08082301053778
lay across,168.08082301053778
poor immigr,168.08082301053778
lay lay,168.01885205220026
feel alon,167.6604679428582
jane jane,167.58316949857328
food blue,167.16331181872056
priest lee,162.8820501716075
god side,159.7771471149361
jackson name,159.64259727763366
babe babe,159.5729285689428
gate sad-ey,159.5140619134614
want bad,157.31345825132118
stay still,153.48904899510484
mama realli,151.8406303111803
realli stuck,151.8406303111803
babe babe,149.6007566884578
put gate,149.40288681578193
priest franki,149.1564204045623
work work,148.41768241657596
sooner us,144.24289784329946
suppos us,144.24289784329946
us sooner,144.24289784329946
us suppos,144.24289784329946
critic take,144.1897305574675
disgrac take,144.1897305574675
lookin babe,142.91009631287514
upon chime,142.91009631287514
upon freedom,142.91009631287514
work farm,142.86720797302561
graveyard hard,141.48832597866073
hatr hard,141.48832597866073
sing hard,141.48832597866073
home unknown,141.26647576746274
pa work,141.26647576746274
feel home,140.78741187006452
maggi brother,140.48131313265193
jane queen,139.26424650904178
want want,138.165370861827
realli insid,134.54174093957587
wish vain,134.53948144855826
gettin empti,134.48988622964904
tri close,134.48988622964904
feel complet,134.11602481240695
feel stone,134.11602481240695
blanket bed,134.0789215478143
