NGRAM,VALUE,
hang pictur frame,11810002.915127536
complet unknown roll,4929532.367144665
lay big brass,4381504.677739061
direct complet unknown,3702089.4000327173
warehous arabian drum,3288459.7365277833
philosoph critic fear,3286951.296577617
philosoph disgrac fear,3286951.296577617
a-hurtin throw away,3054433.0850173277
throw away guilti,3054433.0850173277
frame hang pictur,2958826.647486264
pictur frame hang,2956839.4632942774
happen mister jone,2825148.17092994
brand leopard-skin pill-box,2821521.8330828347
critic fear rag,2630523.16919123
disgrac fear rag,2629797.301597655
a-gonna fall blue-ey,2529577.3895695624
lay across brass,2469514.8715717024
lay lay across,2462708.40299234
arabian drum gate,2350619.0150427385
tonight sweet mari,2287210.4239672436
stay still ahead,2255416.902172311
mama stuck insid,2198938.3592422693
disgrac critic fear,2194111.3441144987
philosoph disgrac critic,2194111.3441144987
hard a-gonna fall,2075199.712151928
suppos sooner later,1976882.369768456
stuck insid mobil,1955324.118399101
stuck mobil memphi,1954450.3642542616
stuck insid memphi,1952638.2379287304
factori shoe daddi,1882728.0437946783
factori daddi lookin,1880657.4708210381
gaze chime freedom,1853564.8425076602
leopard-skin pill-box hat,1800448.8316584113
brand pill-box hat,1797803.7299209733
brand leopard-skin hat,1796158.6088935758
william zanzing philosoph,1782952.314708852
disgrac critic rag,1755928.4819092988
insid mobil memphi,1741049.1302694208
factori daddi alley,1693210.6806127862
philosoph fear take,1585756.092508115
dyin bound blanket,1578884.4076859208
lay ladi lay,1576448.5654720739
blue-ey son darl,1495665.3299581832
afternoon hang pictur,1483058.0632755945
zanzing philosoph disgrac,1483027.659673325
lookin food tombston,1465411.0690192136
shoe daddi food,1465411.0690192136
shoe daddi lookin,1464204.5135543721
daddi lookin food,1462993.28774066
new leopard-skin pill-box,1416187.5840029456
suppos sooner us,1414129.2248745947
us suppos sooner,1413351.9375343726
brand new leopard-skin,1412549.5674560107
brand new pill-box,1411647.6526655518
mama factori daddi,1410872.5639200967
play jingle-jangl followin,1410359.8830868655
hard rain a-gonna,1373265.4460489813
shoe daddi alley,1320806.2697959295
daddi alley lookin,1319911.7678974613
daddi alley food,1317901.1947527626
sad-ey lowland prophet,1316454.9913388933
lowland sad-ey prophet,1316449.9890400514
peggi day stole,1310635.3003969667
chime freedom flash,1291901.3392292417
mr. tambourin man,1272797.179044291
fear take rag,1269066.4081122654
factori shoe lookin,1257445.9347428237
lay lay brass,1245957.8368908202
end mobil memphi,1240969.3303608748
mobil memphi blue,1240969.3303608748
lay lay lay,1238706.4966798415
mama end stuck,1235976.893251963
warehous arabian put,1234288.2321046472
pictur hang pictur,1189351.7218263953
hang pictur pictur,1189025.6472491692
mr. tambourin play,1179490.5343960368
rain a-gonna fall,1166702.1271836243
wound hatr hard,1165366.9202967756
jingle-jangl morn followin,1161569.4027050573
a-gonna fall son,1155111.1848711614
fall blue-ey son,1150781.883268321
a-gonna blue-ey son,1150356.9213461168
lookin kitchen tombston,1148005.9786055088
food kitchen tombston,1144604.7104347518
factori alley lookin,1132327.1253754152
factori shoe alley,1130038.2888476304
end stuck insid,1103081.773311622
stuck insid blue,1103081.773311622
arabian drum sad-ey,1101478.9317819553
end stuck memphi,1101165.5067434506
stuck memphi blue,1101165.5067434506
mama end insid,1101164.967760634
gaze freedom flash,1100955.2143857086
gaze chime flash,1100010.2491766757
end stuck mobil,1099496.0917043749
stuck mobil blue,1099496.0917043749
mama shoe daddi,1099354.6090329967
lay across big,1095649.091588297
stay night ahead,1092472.484316742
tambourin man play,1090547.909137188
critic fear take,1062430.437478377
philosoph disgrac take,1062430.437478377
somehow older younger,1060482.570961787
disgrac fear take,1058588.1419248993
philosoph critic take,1058588.1419248993
home complet unknown,1043559.8503848119
song jingle-jangl followin,1039682.8560905562
arabian drum put,1032633.5374584704
warehous drum put,1028846.3734276103
blue-ey darl young,1028273.6252187628
window throw troubl,1001150.8363093671
hang pictur hang,992583.6498014705
hang hang pictur,992190.699361221
mama daddi alley,990228.6977980277
dyin put blanket,987065.3255960776
dyin blanket bed,986971.0418827838
piti poor immigr,986971.0418827838
end insid mobil,979349.3138021199
insid mobil blue,979349.3138021199
end insid memphi,978332.1917343577
insid memphi blue,978332.1917343577
shoe lookin food,978002.8350981274
along cove spi,947028.0194276029
mama factori shoe,944113.0739166212
much older younger,941348.0938046132
arabian gate sad-ey,941001.8685125249
mr. man play,907545.3479662293
hard hard hard,902568.903833679
brand new hat,902516.4971129289
new pill-box hat,900368.7280166502
new leopard-skin hat,899625.1120105475
arabian put gate,881785.3610872691
alley lookin food,881567.9927462628
shoe alley lookin,879874.4108718798
shoe alley food,879070.1050592177
mr. tambourin song,872109.6950064217
someth happen mister,864859.378057142
someth mister jone,863754.0812869046
someth happen jone,859958.8124930682
blame pawn game,851254.0791107365
morn thousand mile,851171.9533401667
disgrac take rag,849938.3356785427
mama factori alley,848448.753991047
critic take rag,846942.743874909
spend peggi day,843980.1607488415
food tombston blue,824274.0406049534
tambourin man song,803771.3176301008
feel alon stone,790601.3200533567
ladi lowland prophet,790588.338957363
wo queen jane,788328.5054890846
drum gate sad-ey,784020.6990776516
direct home unknown,781635.7970311703
direct home complet,779219.5722967074
tambourin man jingle-jangl,769021.0025647943
lookin food kitchen,764062.7186404105
prophet say warehous,763986.428624846
lowland prophet say,760249.9496111146
tambourin play song,744574.1390178708
rain a-gonna blue-ey,744362.7008777639
rain fall blue-ey,744294.9462698032
feel direct complet,741310.9254520088
drum put gate,735419.1664585724
hard hard rain,727381.8152814541
fear rag face,718453.8723136843
answer blowin wind,711457.3033371369
complet unknown stone,710948.7236488607
tambourin play jingle-jangl,709819.0206576678
disgrac critic take,707499.9349334793
gaze upon freedom,706455.3761386365
gaze upon chime,706254.944052188
unknown roll stone,705755.6403958967
complet roll stone,704712.6806437308
ladi lay big,701346.7295491075
alley lookin kitchen,689912.3663076337
alley food kitchen,686998.5760899312
mr. man song,669325.6526937305
mama shoe alley,659291.1658124832
wish vain sit,656352.9074399003
kitchen tombston blue,647394.7513145135
hard hard a-gonna,624249.5272214588
mr. play song,622227.6051961274
lay brass bed,617525.6043036801
hard rain fall,612342.0914941577
alon everybodi stone,608766.8075149038
throw troubl door,601236.8361523682
ticket window throw,600791.5936777208
sleepi go mr.,589625.8631318732
babe babe lookin,589164.0102378761
babe lookin babe,588642.6034397419
start sing hard,582783.4591594542
man play song,575624.244083433
mama realli stuck,565980.3303281307
warehous eye arabian,564172.86972087
blue-ey son young,563703.4213413534
fifty-four work maggi,559217.4454301072
ask live honey,556077.6186495895
big brass bed,551536.7589194025
lay lay big,551521.5837407947
across big brass,550523.6011725757
man play sleepi,549483.4183324521
man play jingle-jangl,548037.8606786897
upon chime freedom,534901.2688610001
ladi stay awhil,525304.0308050658
want bad honey,523974.57344832475
tambourin song jingle-jangl,523500.66833675496
must suppos sooner,512293.71020648675
mama realli insid,507758.0836434837
realli stuck insid,506879.80833544245
stay ladi stay,505385.6725938024
realli stuck mobil,503735.4011630693
dyin bound bed,496562.3088557282
dyin bound put,495467.9985727419
seen wish vain,492351.58732835815
eye arabian drum,475514.4605018832
warehous eye drum,471181.7548650937
gate sad-ey wait,471088.8824583219
drum gate ladi,470961.68561596604
day stole poor,470513.32001696184
son darl young,469081.200699823
spend night peggi,453918.9423150056
cove togeth hand,453205.60034320975
realli insid mobil,451936.56257478776
man jingle-jangl morn,448048.29791231896
sad-ey sad-ey prophet,442027.0856307065
put gate wait,441883.9469942815
bid farewel everi,440600.23488217406
sad-ey lowland sad-ey,440409.48169108387
sleepi place mr.,436370.3723521935
stay stay night,434970.46209829004
feel direct home,433506.538445203
food kitchen blue,430042.8464438444
prophet come warehous,427742.86524214735
sooner later us,424775.2628229545
suppos later us,424308.17656936945
us sooner later,424221.6238364106
come warehous arabian,423282.831661899
us suppos later,422977.5653107101
gaze upon flash,422413.1101669112
jane queen jane,421105.5048350254
play morn followin,418033.9824314126
play jingle-jangl morn,416275.27287625003
somehow much older,414539.2519199275
arabian put sad-ey,413033.216477657
rag face tear,412570.5082899946
priest franki lee,410345.680256814
alon must stone,406089.8394738752
eye arabian gate,403265.32888685586
man song sleepi,403151.89578145987
man song jingle-jangl,402489.018676441
ladi lay across,396805.93362334196
bound blanket bed,395679.2032997751
bound put blanket,395640.15006847674
night peggi day,395478.71388902044
prophet man warehous,384656.2528754782
lowland prophet man,381022.36786571547
man warehous arabian,380966.35619172786
play song followin,376627.85675891273
play song jingle-jangl,375942.8284877658
play song sleepi,375159.815624282
sleepi place go,372521.562213526
play sleepi place,372380.6504479176
pledg time hopin,359006.4029383886
come arabian drum,357717.58945491223
somehow much younger,354679.6305902629
queen jane queen,352235.57818017196
come warehous drum,351220.82846002874
drum put sad-ey,344123.9211922995
eye drum gate,336608.1260094436
see queen jane,335136.8070324002
work maggi farm,334427.3077902435
answer blowin answer,333423.16686348134
babe babe babe,323362.318845042
realli end mobil,319055.2681591129
upon freedom flash,317759.9634373709
alon stone stone,317525.72646646714
upon chime flash,315966.85838165454
lay lay across,312822.5976374432
across brass bed,309772.2476088555
dyin put bed,309772.2476088555
song jingle-jangl morn,308580.325831611
fear rag away,308135.47188395745
song morn followin,307282.90778603253
go mr. tambourin,303260.6755758711
work maggi maggi,299735.81555802934
maggi work maggi,299259.9775346804
put gate sad-ey,296094.3099681664
open gate want,294370.17118090636
one suppos sooner,292732.5011383196
suppos sooner one,292573.9872107209
fear take face,291436.44962942955
realli end stuck,285817.5367375353
work maggi talk,285009.4937234926
mama realli end,283835.91484299523
us tri close,283429.79998881597
gate ladi wait,282663.8912915727
insid gate eden,281406.6052231619
answer wind answer,280715.8343911879
go tambourin man,279505.5879635095
lay big bed,275947.0668215373
song sleepi place,274984.03756415163
