NGRAM,VALUE,
wiggl wiggl wiggl,1493.2454034617135
know god know,1064.1068868835823
god know god,1060.3567610461155
god god know,1028.17123284028
god know know,1020.1832234854992
wiggl wiggl wiggl,836.8830007964872
wiggl wiggl wiggl,830.1318370993645
wiggl wiggl like,808.4164463202567
handi dandi candi,753.823071553229
handi dandi sugar,725.390648080344
like wiggl wiggl,720.5010463765905
candi handi dandi,707.3226983550073
sugar handi dandi,686.9442251006612
bowl wiggl wiggl,684.7033429488158
gypsi wiggl wiggl,684.7033429488158
pail wiggl wiggl,684.7033429488158
roll wiggl wiggl,684.7033429488158
satin wiggl wiggl,684.7033429488158
wiggl wiggl rattl,684.7033429488158
green wiggl wiggl,684.7033429488156
hoop wiggl wiggl,684.7033429488156
queen wiggl wiggl,684.7033429488156
silk wiggl wiggl,684.7033429488156
soup wiggl wiggl,684.7033429488156
wiggl wiggl green,684.7033429488156
wiggl wiggl gypsi,684.7033429488156
wiggl wiggl pail,684.7033429488156
wiggl wiggl roll,684.7033429488156
wiggl wiggl shake,684.7033429488156
wiggl wiggl ton,684.7033429488156
wiggl wiggl till,677.0185979915323
handi dandi clear,676.6353340241151
dandi handi dandi,668.6860521342344
handi dandi handi,668.6860521342344
handi dandi like,666.7461350800992
handi dandi ya,660.4351774950098
hit handi dandi,660.4351774950098
tomorrow handi dandi,660.4351774950098
milk wiggl wiggl,660.1292171378708
handi handi dandi,655.5164108215283
handi dandi dandi,655.5164108215282
honey handi dandi,653.1214050370473
dri wiggl wiggl,651.0900642498221
like handi dandi,643.6927742727007
wiggl wiggl dress,641.1846620700669
dress wiggl wiggl,641.1846620700667
went wiggl wiggl,641.1846620700667
wiggl wiggl moon,633.1056134494252
ten thousand women,632.0591910082599
ten thousand dress,624.1057104764782
twenti cold iron,601.7343905447295
cold iron bound,590.4455122506283
closer million mile,576.0120493172091
twenti town iron,561.6339979421564
twenti mile iron,559.0242877021766
town cold iron,553.5539232930048
town iron bound,544.0907756476788
still million mile,542.8800494740781
mile iron bound,531.7931153424737
twenti town cold,518.7175312431697
walk dirt road,510.98948077335933
town cold bound,507.4419739488999
closer still million,503.1034845633563
mile town cold,490.25719702258635
closer still mile,489.05695910295003
mile cold iron,487.15899196444946
twenti mile town,470.1134894982541
closer 'm mile,469.44930036772746
twenti mile cold,468.5264568942115
mile town bound,458.88463349091694
mile town iron,457.46824400744026
alright til fell,455.2639426830406
two two two,454.0688159130086
mile cold bound,451.04325688649794
wiggl like wiggl,442.37138373402945
heaven close door,435.6188340580095
stand doorway cri,430.8254106139463
till wiggl till,425.11438445562453
wiggl wiggl like,410.6997836206534
littl girl bake,408.6711299945747
boy littl girl,408.460823336516
'm million mile,402.7399593802113
till wiggl till,402.0675536030787
left stand doorway,399.2585903329375
til fell love,395.5933715891584
'm twenti mile,385.11022086192827
left doorway cri,381.54662429607197
three turn four,380.44641756984566
'm still million,380.4401361152436
littl girl live,376.1842767630615
much longer wait,366.59304579775625
three key four,364.13538228551346
tryin still million,362.5626382369328
littl littl girl,361.9290887786285
left stand cri,358.7090726968187
closer 'm million,358.6506303943299
three sea four,356.71069007672776
three danc four,356.7106900767277
tryin heaven close,350.14595175348325
walk dirt till,347.387261965491
tryin close door,339.29478345941556
alright til love,337.349260435632
day littl girl,336.35209814762186
dirt road till,334.46127193775635
'm town cold,333.68377379960657
wiggl till wiggl,333.1590559039865
dark yet get,333.06054291193277
handi sugar candi,329.61369441632104
tri still million,327.657442301938
till wiggl wiggl,325.97741151553953
let wind blow,320.6242003645703
wiggl green wiggl,316.2034500052899
closer 'm still,315.06247570389775
alright fell love,313.42957458875713
two dark three,311.938566800238
two dew three,311.938566800238
tryin closer still,309.7861571390501
wiggl till wiggl,306.3895401658997
dandi sugar candi,301.0095596672078
'm mile town,300.9598250758112
'm still mile,294.29361366695514
tryin closer 'm,291.01273724129766
like sugar candi,289.9049104457532
'm closer still,288.7778722470896
'm til fell,286.06018540883076
tryin heaven door,285.90522031358717
hoop wiggl like,285.1290751600986
silk wiggl like,285.1290751600986
soup wiggl like,285.1290751600986
wiggl like gypsi,285.1290751600986
wiggl like pail,285.1290751600986
wiggl like roll,285.1290751600986
wiggl like ton,285.1290751600986
one two two,285.11160899039214
littl boy littl,284.027359292698
two foggi three,283.2919261405943
two step three,283.2919261405943
sugar candi handi,282.3925646609441
tryin closer million,278.80489860604547
wiggl till wiggl,275.2602875281245
wiggl dress wiggl,272.83829696533917
'm alright til,270.40260637906374
wiggl till till,269.7165517218756
eight gate nine,266.3387862088025
five surviv six,265.11993248633814
tri closer still,263.45067577710483
sugar candi dandi,262.7714926760446
'm twenti town,260.30250099747843
littl boy girl,257.65013343909806
wiggl wiggl till,254.95731690946386
dri wiggl like,251.6898135695255
walk road till,250.8701099679115
tri closer 'm,248.90519728419432
'm closer 'm,245.7694063818059
four shore five,242.21646571184658
'm tryin closer,240.68873281596927
'm tri still,240.48959774409622
'm sick love,236.8826321321018
five tri six,236.4211918006281
'm 'm still,235.9041963918344
make feel love,234.7691075403346
'm tri closer,234.42057824579254
wiggl wiggl till,234.39531923884329
two step two,231.4676166775966
two ark two,231.46761667759657
two flew two,231.46761667759657
'm mile cold,230.28929028930293
longer wait 'm,228.58847787797782
'm tryin still,217.6931846868671
tri closer million,215.57808642864774
two lover two,215.26301185977172
'm fell love,214.52044904073267
four danc five,208.70469306549438
handi like candi,201.83634005694233
'm drift scene,199.27290099689162
'm tri 'm,195.16371919246734
dandi like sugar,194.771791091958
tryin 'm still,194.72773391891857
'm alright fell,194.33285394018878
one none two,190.5944891865399
nine drank ten,189.26744159942913
blood found world,188.8390712494977
one follow two,188.6400898684533
dandi candi handi,188.48735011629162
tryin 'm million,187.18746709461226
'm twenti cold,186.62351914464745
dandi sugar handi,186.0771721711734
nine wine ten,185.18448635729553
handi like sugar,183.39918497554544
tri 'm still,181.8113706539275
bowl soup wiggl,179.57296627790137
gypsi queen wiggl,179.57296627790137
roll hoop wiggl,179.57296627790137
satin silk wiggl,179.57296627790137
wiggl rattl shake,179.57296627790137
drift scene 'm,178.34123076207197
see meadow see,173.96663826652008
one one two,170.48261933379524
one day littl,170.17773149198905
dandi like candi,169.89777666457934
one sun two,169.3485250563245
'm til love,163.00844771650455
'm tryin 'm,161.9074636496129
see lover see,157.70430550907486
four turn one,157.64232393062053
tri 'm million,157.15501478594973
like sugar handi,155.3743510474323
milk wiggl rattl,154.84621158135403
pail milk wiggl,154.84621158135403
like candi handi,152.63182056620695
dandi like handi,145.5238186881305
like sugar dandi,143.3874340848302
green wiggl till,140.6187250595293
went dri wiggl,140.48496211963408
queen wiggl dress,135.4434269733588
dress green wiggl,135.44342697335878
wiggl dress green,135.44342697335878
found world love,133.77531779754756
'm alright love,128.69026365613243
like candi dandi,125.2803708050749
one follow one,125.0719314356646
kind love sick,115.74964024065022
one sun one,100.71993046605263
wiggl till moon,100.66215739985898
