NGRAM,VALUE,
troubl troubl,1268.3225497992041
readi readi,946.6087728971258
whose sake,826.078071935117
lamb save,824.2026487211407
shore driftin,772.8068363830745
rose dead,772.3515372904437
far shore,761.6113513879202
troubl nothin,749.6116754813146
ooh stand,732.624661544551
anybodi seen,662.4396195322082
speak dare,659.6249777348655
let let,629.4405812009643
dead believ,616.7934256482762
eye tooth,586.7999833521512
spoke citi,549.2814430533381
ah-a summertim,488.08346268782606
press higher,488.08346268782606
dead aris,487.41689771465536
heart mine,487.25074253495677
need shot,481.18734107392913
rememb end,475.9658757405614
dream late,456.0943044053701
blood lamb,447.9045415889567
glad glad,416.4605231659826
driftin far,412.3897599796482
neighborhood bulli,410.3439525270501
thank lord,399.9041262932663
summertim stranger,366.68744700036433
hangin foundat,366.43778752701377
hangin solid,366.43778752701377
prayer unto,366.43778752701377
solid foundat,366.43778752701377
sorri sorri,366.43778752701377
unto forev,366.43778752701377
aris cobweb,366.06301150681884
heal crippl,366.06301150681884
creation honor,365.68829977298304
creation neither,365.68829977298304
curtain risin,365.68829977298304
doin dump,365.68829977298304
forgiv one,365.68829977298304
gibraltar curtain,365.68829977298304
honor forgiv,365.68829977298304
honor one,365.68829977298304
jordan gibraltar,365.68829977298304
jordan rock,365.68829977298304
late a-rollin,365.68829977298304
lenni bruce,365.68829977298304
neither forgiv,365.68829977298304
neither honor,365.68829977298304
neither one,365.68829977298304
properti resent,365.68829977298304
risin groom,365.68829977298304
rock gibraltar,365.68829977298304
sundown sure,365.68829977298304
sundown u.s.a.,365.68829977298304
sundown union,365.68829977298304
sure greed,365.68829977298304
sweetheart doin,365.68829977298304
sweetheart dump,365.68829977298304
u.s.a. sure,365.68829977298304
union sure,365.68829977298304
union u.s.a.,365.68829977298304
press call,365.37590761503475
jokerman nightingal,365.3136524563151
jokerman tune,365.3136524563151
nightingal tune,365.3136524563151
clean-cut kid,364.56455159849656
clean-cut killer,364.56455159849656
kid killer,364.56455159849656
press press,364.1900983197432
summertim summertim,364.1900983197432
save glad,351.1428586920792
hope readi,344.5055187470312
death end,338.4262034432676
save blood,334.92072796405574
live polit,332.7548375819908
wo let,332.40192049191745
diseas conceit,313.5785335121905
jokerman bird,312.75167348513304
nightingal bird,312.75167348513304
nightingal fli,312.75167348513304
tune bird,312.75167348513304
tune fli,312.75167348513304
a-rollin across,304.3762349927461
black coat,304.3762349927461
curtain new,304.3762349927461
groom altar,304.3762349927461
groom waitin,304.3762349927461
late across,304.3762349927461
new groom,304.3762349927461
properti bone,304.3762349927461
resent bone,304.3762349927461
risin new,304.3762349927461
save grace,304.3762349927461
sure til,304.3762349927461
til greed,304.3762349927461
u.s.a. til,304.3762349927461
age groom,292.5008609108114
curtain age,292.5008609108114
drown watered-down,292.5008609108114
risin age,292.5008609108114
wan watered-down,292.5008609108114
west gibraltar,292.5008609108114
west jordan,292.5008609108114
west rock,292.5008609108114
rose believ,290.95345251965443
block sit,274.5005510325248
closer prayer,274.5005510325248
driftin driftin,274.5005510325248
grain sand,274.5005510325248
grate forev,274.5005510325248
hangin made,274.5005510325248
hangin rock,274.5005510325248
higher call,274.5005510325248
intend closer,274.5005510325248
made foundat,274.5005510325248
make prayer,274.5005510325248
make unto,274.5005510325248
page age,274.5005510325248
rock foundat,274.5005510325248
solid made,274.5005510325248
solid rock,274.5005510325248
unto grate,274.5005510325248
danc nightingal,273.330333387826
danc tune,273.330333387826
jokerman danc,273.330333387826
save lamb,273.330333387826
save save,273.330333387826
bird fli,267.6911224711658
fall apart,264.1859901298353
forgiv see,260.5820401811262
idea greed,260.5820401811262
jesus resent,260.5820401811262
licens kill,260.5820401811262
one see,260.5820401811262
properti jesus,260.5820401811262
resent better,260.5820401811262
sure idea,260.5820401811262
u.s.a. idea,260.5820401811262
end rememb,256.58721377509664
waitin altar,253.27439251551732
age waitin,243.45955512232445
new age,243.45955512232445
stay closer,243.45955512232445
came garden,242.66941927189015
shootin star,242.66941927189015
want thank,240.30272017105014
danc bird,233.89589379089776
danc fli,233.89589379089776
fli jokerman,233.89589379089776
away licens,233.64136378739005
teardrop fall,233.64136378739005
wan drown,233.64136378739005
rememb death,233.47669853227848
creation natur,227.73651416120347
natur forgiv,227.73651416120347
natur honor,227.73651416120347
natur neither,227.73651416120347
natur one,227.73651416120347
end end,227.27444461241006
readi meet,225.23060570381998
believ rose,222.3255929485914
east gibraltar,219.33832420544897
east rock,219.33832420544897
gibraltar page,219.33832420544897
jordan east,219.33832420544897
page curtain,219.33832420544897
page risin,219.33832420544897
rock page,219.33832420544897
troubl think,219.33832420544897
west gibraltar,219.33832420544897
west rock,219.33832420544897
bone better,216.7732598986432
bone stone,216.7732598986432
idea til,216.7732598986432
jesus bone,216.7732598986432
see real,216.7732598986432
see live,216.7732598986432
satan peac,214.59880289854752
sometim satan,214.59880289854752
'm glad,210.80292179433923
shot love,208.9621853192773
clean-cut made,206.8278028344378
kid made,206.8278028344378
made killer,206.8278028344378
closer make,205.53612522890796
rock made,205.53612522890796
glad want,205.193578936414
long black,202.1901007236151
made sure,202.1901007236151
made u.s.a.,202.1901007236151
sundown made,202.1901007236151
union made,202.1901007236151
driftin far,202.07330171539442
mayb someday,200.14985344398042
driftin far,198.34263055639855
blood save,198.0720408552157
everyth broken,194.40188103162762
driftin shore,190.96132622399477
broken broken,185.58114082790988
better stone,185.48150442668782
fall sky,185.48150442668782
jesus better,185.48150442668782
heaven forev,182.5636022610455
intend stay,182.5636022610455
known unto,182.5636022610455
mine mine,182.5636022610455
page new,182.5636022610455
prayer heaven,182.5636022610455
prayer known,182.5636022610455
seen shootin,182.5636022610455
unto heaven,182.5636022610455
aris dust,182.15821095269445
blind crippl,182.15821095269445
cobweb dust,182.15821095269445
heal blind,182.15821095269445
worth rose,182.15821095269445
nightingal high,181.34816835029346
ring bell,181.34816835029346
tune high,181.34816835029346
shore shore,178.2233487383614
trust trust,177.22481950349086
whole lot,174.91798545337946
long coat,168.1055113903879
away kill,166.37383513705478
yesterday memori,164.15764984001868
yesterday tomorrow,164.15764984001868
anybodi anybodi,160.866873409176
driftin driftin,160.866873409176
sometim peac,160.03803582244188
everybodi adjust,156.29602600588268
foundat let,155.35962525468122
tune light,155.06804502723233
bird high,155.0415919963229
fli high,155.0415919963229
broken broken,152.92283471200065
'm press,152.7588909760998
invit troubl,149.82034711320426
none troubl,149.82034711320426
solut troubl,149.82034711320426
save 'm,147.76051874010378
far driftin,146.67244695907254
citi hear,144.55611139636275
made idea,143.75970186660567
lord thank,142.17888634963452
rose rose,141.47462177170846
want drown,139.3073616341568
heart mine,136.59541584326962
mine heart,136.59541584326962
garden spoke,136.57214973512865
handl yesterday,136.57214973512865
heaven grate,136.57214973512865
known grate,136.57214973512865
make heaven,136.57214973512865
make known,136.57214973512865
stay make,136.57214973512865
shore far,136.48863691330396
broken broken,135.82381858765515
high jokerman,135.31205248878678
stand dead,135.31205248878678
sweetheart like,135.07904132386528
broken broken,132.63447128695233
bird light,132.5124257328145
bird moon,132.5124257328145
fli light,132.5124257328145
fli moon,132.5124257328145
aris upon,132.0030900146778
cobweb upon,132.0030900146778
memori tomorrow,131.04949163882304
pure drown,129.00347169796544
pure wan,129.00347169796544
depart readi,126.31742952065294
pack readi,126.31742952065294
readi judgment,126.31742952065294
readi terribl,126.31742952065294
driftin driftin,121.27278310840036
etern summertim,121.27278310840036
friend prayer,121.27278310840036
intend friend,121.27278310840036
seen star,121.27278310840036
summertim ah-a,121.27278310840036
summertim long,121.27278310840036
live world,121.05885770271605
dead cobweb,120.85763587521686
apart handl,120.8164368066147
handl apart,120.8164368066147
shootin thought,120.8164368066147
seen anybodi,119.9672043905711
man aris,119.61041616936073
man cobweb,119.61041616936073
end death,119.46278266908602
babi late,118.88479303886673
let chastis,117.22782159201715
let way,117.22782159201715
let wo,116.71176933547432
light jokerman,115.59618853584583
moon jokerman,115.59618853584583
somebodi trust,113.9618323471106
dead rose,112.72163118956021
