NGRAM,VALUE,
instead speak dare,2600323.5411550775
hangin solid foundat,1929290.2155897855
press higher call,1924463.9416152472
eye tooth creation,1846292.8258364347
hangin made foundat,1447945.74361117
hangin solid rock,1447945.74361117
unto grate forev,1447945.74361117
hangin rock foundat,1446473.7420370423
hangin solid made,1446473.7420370423
make prayer unto,1445736.8657824113
solid made foundat,1445736.8657824113
solid rock foundat,1445736.8657824113
speak dare multitud,1303120.7193677903
creation neither honor,1160705.8482415706
honor forgiv one,1160705.8482415706
neither honor forgiv,1160705.8482415706
sundown u.s.a. sure,1160705.8482415706
sundown union sure,1160705.8482415706
jordan rock gibraltar,1158742.1773191022
neither forgiv one,1158742.1773191022
neither honor one,1158742.1773191022
sundown union u.s.a.,1158742.1773191022
sweetheart doin dump,1158742.1773191022
union u.s.a. sure,1158742.1773191022
closer make prayer,1086691.7753476263
rock made foundat,1085953.7728593037
solid rock made,1085953.7728593037
hangin rock made,1084481.7712851763
hope readi judgment,999533.6176540946
curtain risin new,967905.9260923302
risin new groom,967905.9260923302
sure til greed,967905.9260923302
u.s.a. sure til,967905.9260923302
late a-rollin across,967249.0328352115
unto heaven forev,966601.9406291926
jokerman nightingal tune,966594.6617813626
properti resent bone,965777.280663912
prayer known unto,964634.6016817059
prayer unto heaven,964146.0189852365
came garden son,963178.575452055
west rock gibraltar,930169.176316825
west jordan gibraltar,928601.1799062483
curtain risin age,928598.506881341
risin age groom,928598.506881341
wan drown watered-down,927931.8786078354
west jordan rock,927618.0079325604
reason roam let,927214.4502104718
page curtain age,869988.0515931369
page risin age,869397.5474899146
summertim ah-a summertim,857345.1421461578
nightingal tune bird,830751.0448724601
forgiv one see,830191.8874537962
jokerman tune bird,830187.4204587707
nightingal tune fli,829067.0386933286
properti jesus resent,829065.5939920817
sure idea greed,828788.78779666
u.s.a. sure idea,828788.78779666
jokerman nightingal bird,828645.0359578977
groom waitin altar,804945.5518434043
risin new age,775135.5578194303
age groom waitin,773141.4690727999
curtain new age,773141.4690727999
new age groom,773141.4690727999
danc nightingal tune,727395.2452853273
natur forgiv one,726906.526095032
natur neither honor,726906.526095032
page new age,726784.2611596012
jokerman danc nightingal,726408.7356397868
clean-cut kid killer,726408.6294231032
creation natur honor,725678.6048515849
natur honor forgiv,725678.6048515849
make prayer known,725438.3098775131
aris cobweb dust,725436.177544954
natur neither one,725428.0155012975
jokerman danc tune,725182.8589628479
save lamb save,725122.3910983693
make prayer heaven,724945.6403034483
creation natur neither,724571.2866401357
natur honor one,724571.2866401357
natur neither forgiv,724571.2866401357
heal blind crippl,724448.6707412362
heaven grate forev,724332.9316753837
intend stay closer,723961.8044760753
known unto grate,723961.8044760753
make unto heaven,723961.8044760753
make known unto,723595.6801660093
unto heaven grate,723595.6801660093
tune bird fli,712066.1313903313
nightingal bird fli,710382.1252111996
east rock gibraltar,699710.9449065143
gibraltar page curtain,699710.9449065143
page curtain risin,699710.9449065143
rock gibraltar page,699710.9449065143
west rock gibraltar,698664.0100905518
jordan east rock,696575.48559894
jordan east gibraltar,696572.4789575143
jesus resent bone,692290.2213077669
idea til greed,691820.3754040049
u.s.a. idea til,691820.3754040049
resent bone better,690769.0042574411
properti jesus bone,690417.474768097
sure idea til,690065.7860617705
troubl troubl nothin,688154.6662681062
made u.s.a. sure,646573.6163322366
sundown union made,646573.6163322366
sundown made sure,645481.9449028141
union made u.s.a.,644821.0105790359
sundown made u.s.a.,644169.3450240259
union made sure,644169.3450240259
summertim summertim stranger,643731.0657708045
jokerman danc bird,623898.5998353888
danc nightingal fli,623052.4472509625
danc tune bird,622318.3407211743
danc nightingal bird,622001.7313994733
danc tune fli,621684.9787092913
jesus resent better,592983.582297651
page risin new,582204.6989137034
page curtain new,580866.286398466
stay closer make,543334.2594496745
long black coat,539170.8829029974
danc bird fli,534763.7146747365
away licens kill,532912.6608410206
aris cobweb upon,529372.2593375811
blood lamb save,528492.6675527139
yesterday memori tomorrow,521954.1847427254
bone better stone,493563.8783482034
jesus bone better,493312.5870853114
nightingal tune high,486232.8320039365
dead aris cobweb,484929.23738886305
known unto heaven,484275.01674135204
closer friend prayer,484274.3902094561
friend make prayer,483865.9594429833
prayer known heaven,483045.67849354947
sword came garden,482677.20506506815
thank prayer unto,482555.84580134205
intend closer friend,482390.37090592296
man aris cobweb,481984.7719496554
troubl troubl troubl,467281.8992014509
rose dead believ,466771.5277917465
made u.s.a. idea,461201.1943259342
made sure idea,460266.82658067526
rememb death end,448553.3621705654
help none troubl,443704.42848662403
readi readi readi,429218.8737975776
clean-cut kid made,417885.5953902337
kid made killer,416189.8489974897
tune bird high,415992.7974322961
clean-cut made killer,415492.2561279158
nightingal fli high,415353.8574139146
nightingal bird high,414936.7171613445
tune fli high,414725.21417476714
lamb save glad,414138.6138274288
pure wan drown,413799.11810990726
save blood lamb,396740.9095824261
save blood save,396391.9046209041
ooh stand stand,369085.3310983449
mine heart mine,366318.6129045908
thank make prayer,363939.5206397657
closer thank prayer,363633.2288360253
heart mine mine,362402.1392949146
known heaven grate,362339.65570380405
make known heaven,362339.65570380405
intend closer thank,362157.22249652
closer friend make,362032.7809998783
thank make unto,361969.84558192844
dead man aris,361082.1964580266
tune bird light,357947.4334160333
bird fli high,357462.2877799322
tune fli light,355775.4102884469
hope readi readi,351208.29838426417
creation one honor,344146.68437986035
one honor forgiv,344146.68437986035
one neither honor,343567.9522184957
creation one neither,341480.4003210945
one neither forgiv,341480.4003210945
speak dare rose,330223.9164580596
apart yesterday memori,326491.04338137084
seen shootin star,326270.1576281561
apart yesterday tomorrow,325826.76652702346
aris cobweb mind,325030.7814482072
unto alway forev,324488.5707071838
friend prayer known,322841.5994866783
intend stay friend,322679.57319734857
late night a-rollin,322562.4261681029
prayer unto alway,322026.4632951498
readi readi meet,313223.1264818831
fli high jokerman,312985.81564705295
tell intend closer,310523.3029795046
gibraltar see curtain,308333.6774149779
rock gibraltar see,308333.6774149779
see curtain risin,308333.6774149779
bird fli moon,306805.1620259037
bird fli light,306082.46098844975
jordan rock see,305635.835617691
jordan gibraltar see,305423.11001216195
burn curtain risin,302591.3229124075
gibraltar burn curtain,302591.3229124075
rock gibraltar burn,302591.3229124075
'm press higher,299581.61926111777
forgiv one said,293113.25062863197
neither honor said,293113.25062863197
honor forgiv said,292621.07649706636
woman block sit,292473.52063819376
yesterday memori suppos,290949.5923280069
honor one said,290401.921138177
neither forgiv said,290401.921138177
neither one said,290150.2059046016
yesterday tomorrow suppos,289818.29650355934
sometim satan peac,287946.5222906887
want wan drown,287244.55516551546
readi meet jesus,285428.4402504971
sure good greed,279342.4525792647
u.s.a. sure good,279342.4525792647
union u.s.a. good,276618.8718705861
union sure good,276331.86433903436
heart mine heart,273134.7782030814
handl apart yesterday,272443.4006818306
closer thank make,271657.76540935755
night a-rollin across,271215.1263387232
a-rollin across mind,271031.0442064925
dream babi late,270956.56709469674
late night across,270621.9212805308
fli moon jokerman,268448.46129457117
fli light jokerman,267861.97221636766
wall invit troubl,266308.68192074564
aris dust upon,264132.4073516453
properti resent someth,264088.8425666718
cobweb dust upon,263552.8287381642
apart memori tomorrow,261674.36337076288
wan want watered-down,260194.75303460538
trust best trust,259822.56954388026
spoke citi hear,259490.43790308633
drown want watered-down,258004.53559714084
see eye tooth,257795.50690360527
higher call lord,257762.88183430495
til greed way,257112.48766410977
driftin shore driftin,256081.1185655493
late last a-rollin,252648.39584745254
burn risin new,252574.93517993562
burn curtain new,249718.17355503878
lamb save save,247272.34929049577
lamb lamb save,246292.1979732401
resent bone heart,244420.16917993358
one see face,244147.86949306334
alway grate forev,243606.16511720815
intend stay thank,243113.07613817437
thank known unto,243113.07613817437
stay closer friend,242618.47988446814
thank prayer known,242497.02747619207
came garden spoke,242427.0910937173
stay friend make,242044.44871361795
unto alway grate,241554.70297496193
friend make known,241429.03008315284
love accid know,241272.98513995606
fall yesterday memori,238206.45071559568
good til greed,232427.8553639916
u.s.a. good til,232427.8553639916
memori tomorrow suppos,232361.51742553033
rose rose dead,230794.12889031743
groom still altar,230666.0258563585
sure good til,230666.0258563585
groom still waitin,230426.17837280294
new groom still,230426.17837280294
rose dead rose,230257.77073400884
come fall sky,229287.05364367433
rose believ rose,228231.99225888588
want thank lord,227965.49856258585
troubl nothin troubl,223439.3129390393
resent bone someth,222346.20773480827
age groom still,221673.65658085668
ah-a summertim summertim,221429.59566711794
properti bone someth,219950.61639811593
idea greed way,218597.24074632264
press press higher,217724.53428212617
anybodi anybodi seen,217711.3340153426
shootin star thought,217575.95457465595
anybodi seen anybodi,217166.68384310853
etern summertim summertim,216374.7720785479
summertim summertim long,216374.7720785479
one natur neither,215076.57410267592
creation one natur,213769.35799894252
one natur forgiv,213769.35799894252
one natur honor,213519.14048384226
late last across,212965.58704636374
last a-rollin across,212500.76151916067
kick neighborhood bulli,210968.46610931726
neighborhood bulli driven,210968.46610931726
forgiv said see,209075.27997954935
tell intend stay,208661.75743437928
tune high light,208504.1730720351
take away licens,208149.03335059131
wan drown want,207799.16224659304
one said see,207701.05574501137
resent better heart,207520.12797725943
see face live,203587.68122936448
handl fall yesterday,199167.59203830516
driftin far driftin,198266.15363410063
good idea greed,197640.49899672458
u.s.a. good idea,197640.49899672458
sure good idea,197636.45251070688
