NGRAM,VALUE,
troubl troubl,0.3054393305439331
readi readi,0.25301204819277107
lamb save,0.23076923076923078
whose sake,0.23076923076923078
rose dead,0.22033898305084745
far shore,0.21875
shore driftin,0.20930232558139536
anybodi seen,0.2
ooh stand,0.2
speak dare,0.2
let let,0.19786096256684493
dead believ,0.19402985074626866
spoke citi,0.17647058823529413
need shot,0.16770186335403728
eye tooth,0.16666666666666666
heart mine,0.16666666666666666
glad glad,0.15463917525773196
neighborhood bulli,0.15315315315315314
blood lamb,0.15254237288135594
rememb end,0.152
thank lord,0.1485148514851485
ah-a summertim,0.14285714285714285
aris cobweb,0.14285714285714285
clean-cut kid,0.14285714285714285
clean-cut killer,0.14285714285714285
creation honor,0.14285714285714285
creation neither,0.14285714285714285
curtain risin,0.14285714285714285
dead aris,0.14285714285714285
doin dump,0.14285714285714285
forgiv one,0.14285714285714285
gibraltar curtain,0.14285714285714285
hangin foundat,0.14285714285714285
hangin solid,0.14285714285714285
heal crippl,0.14285714285714285
honor forgiv,0.14285714285714285
honor one,0.14285714285714285
jokerman nightingal,0.14285714285714285
jokerman tune,0.14285714285714285
jordan gibraltar,0.14285714285714285
jordan rock,0.14285714285714285
kid killer,0.14285714285714285
late a-rollin,0.14285714285714285
lenni bruce,0.14285714285714285
neither forgiv,0.14285714285714285
neither honor,0.14285714285714285
neither one,0.14285714285714285
nightingal tune,0.14285714285714285
prayer unto,0.14285714285714285
press higher,0.14285714285714285
press press,0.14285714285714285
properti resent,0.14285714285714285
risin groom,0.14285714285714285
rock gibraltar,0.14285714285714285
solid foundat,0.14285714285714285
sorri sorri,0.14285714285714285
summertim summertim,0.14285714285714285
sundown sure,0.14285714285714285
sundown u.s.a.,0.14285714285714285
sundown union,0.14285714285714285
sure greed,0.14285714285714285
sweetheart doin,0.14285714285714285
sweetheart dump,0.14285714285714285
u.s.a. sure,0.14285714285714285
union sure,0.14285714285714285
union u.s.a.,0.14285714285714285
unto forev,0.14285714285714285
driftin far,0.13761467889908258
wo let,0.1366120218579235
live polit,0.13580246913580246
death end,0.13513513513513514
dream late,0.13513513513513514
save blood,0.13432835820895522
diseas conceit,0.13131313131313133
jokerman bird,0.13043478260869565
nightingal bird,0.13043478260869565
nightingal fli,0.13043478260869565
press call,0.13043478260869565
tune bird,0.13043478260869565
tune fli,0.13043478260869565
a-rollin across,0.1282051282051282
black coat,0.1282051282051282
curtain new,0.1282051282051282
groom altar,0.1282051282051282
groom waitin,0.1282051282051282
late across,0.1282051282051282
new groom,0.1282051282051282
properti bone,0.1282051282051282
resent bone,0.1282051282051282
risin new,0.1282051282051282
save grace,0.1282051282051282
sure til,0.1282051282051282
til greed,0.1282051282051282
troubl nothin,0.1282051282051282
u.s.a. til,0.1282051282051282
save glad,0.1267605633802817
age groom,0.125
curtain age,0.125
drown watered-down,0.125
risin age,0.125
rose believ,0.125
wan watered-down,0.125
west gibraltar,0.125
west jordan,0.125
west rock,0.125
bird fli,0.12
block sit,0.12
closer prayer,0.12
danc nightingal,0.12
danc tune,0.12
driftin driftin,0.12
grain sand,0.12
grate forev,0.12
hangin made,0.12
hangin rock,0.12
higher call,0.12
intend closer,0.12
jokerman danc,0.12
made foundat,0.12
make prayer,0.12
make unto,0.12
page age,0.12
rock foundat,0.12
save lamb,0.12
save save,0.12
solid made,0.12
solid rock,0.12
unto grate,0.12
fall apart,0.11764705882352941
forgiv see,0.11627906976744186
idea greed,0.11627906976744186
jesus resent,0.11627906976744186
licens kill,0.11627906976744186
one see,0.11627906976744186
properti jesus,0.11627906976744186
resent better,0.11627906976744186
sure idea,0.11627906976744186
u.s.a. idea,0.11627906976744186
waitin altar,0.11627906976744186
age waitin,0.1111111111111111
away licens,0.1111111111111111
came garden,0.1111111111111111
danc bird,0.1111111111111111
danc fli,0.1111111111111111
end end,0.1111111111111111
fli jokerman,0.1111111111111111
new age,0.1111111111111111
shootin star,0.1111111111111111
stay closer,0.1111111111111111
teardrop fall,0.1111111111111111
wan drown,0.1111111111111111
want thank,0.1111111111111111
rememb death,0.10891089108910891
believ rose,0.1076923076923077
end rememb,0.1076923076923077
bone better,0.10638297872340426
bone stone,0.10638297872340426
creation natur,0.10638297872340426
idea til,0.10638297872340426
jesus bone,0.10638297872340426
natur forgiv,0.10638297872340426
natur honor,0.10638297872340426
natur neither,0.10638297872340426
natur one,0.10638297872340426
see real,0.10638297872340426
see live,0.10638297872340426
satan peac,0.10526315789473684
sometim satan,0.10526315789473684
closer make,0.10344827586206896
east gibraltar,0.10344827586206896
east rock,0.10344827586206896
gibraltar page,0.10344827586206896
glad want,0.10344827586206896
jordan east,0.10344827586206896
page curtain,0.10344827586206896
page risin,0.10344827586206896
rock made,0.10344827586206896
rock page,0.10344827586206896
troubl think,0.10344827586206896
west gibraltar,0.10344827586206896
west rock,0.10344827586206896
mayb someday,0.10204081632653061
clean-cut made,0.1
everyth broken,0.1
kid made,0.1
made killer,0.1
better stone,0.09803921568627451
fall sky,0.09803921568627451
jesus better,0.09803921568627451
long black,0.09803921568627451
made sure,0.09803921568627451
made u.s.a.,0.09803921568627451
sundown made,0.09803921568627451
union made,0.09803921568627451
broken broken,0.09734513274336283
blood save,0.0967741935483871
shore shore,0.0967741935483871
trust trust,0.0958904109589041
whole lot,0.09523809523809523
shot love,0.0948905109489051
driftin shore,0.09473684210526316
anybodi anybodi,0.09090909090909091
aris dust,0.09090909090909091
away kill,0.09090909090909091
blind crippl,0.09090909090909091
cobweb dust,0.09090909090909091
driftin driftin,0.09090909090909091
heal blind,0.09090909090909091
heaven forev,0.09090909090909091
intend stay,0.09090909090909091
known unto,0.09090909090909091
long coat,0.09090909090909091
mine mine,0.09090909090909091
nightingal high,0.09090909090909091
page new,0.09090909090909091
prayer heaven,0.09090909090909091
prayer known,0.09090909090909091
ring bell,0.09090909090909091
seen shootin,0.09090909090909091
sometim peac,0.09090909090909091
tune high,0.09090909090909091
unto heaven,0.09090909090909091
worth rose,0.09090909090909091
yesterday memori,0.09090909090909091
yesterday tomorrow,0.09090909090909091
broken broken,0.08771929824561403
bird high,0.08571428571428572
fli high,0.08571428571428572
made idea,0.0847457627118644
rose rose,0.0847457627118644
lord thank,0.08411214953271028
broken broken,0.08333333333333333
shore far,0.08333333333333333
'm glad,0.08270676691729323
broken broken,0.08270676691729323
everybodi adjust,0.08108108108108109
garden spoke,0.08108108108108109
handl yesterday,0.08108108108108109
heaven grate,0.08108108108108109
high jokerman,0.08108108108108109
known grate,0.08108108108108109
make heaven,0.08108108108108109
make known,0.08108108108108109
memori tomorrow,0.08108108108108109
stand dead,0.08108108108108109
stay make,0.08108108108108109
summertim stranger,0.08108108108108109
tune light,0.08108108108108109
far driftin,0.0782608695652174
let wo,0.07772020725388601
apart handl,0.07692307692307693
bird light,0.07692307692307693
bird moon,0.07692307692307693
citi hear,0.07692307692307693
end death,0.07692307692307693
fli light,0.07692307692307693
fli moon,0.07692307692307693
handl apart,0.07692307692307693
pure drown,0.07692307692307693
pure wan,0.07692307692307693
seen anybodi,0.07692307692307693
shootin thought,0.07692307692307693
somebodi trust,0.07526881720430108
dead rose,0.07462686567164178
love love,0.07462686567164178
want drown,0.07462686567164178
far far,0.07317073170731707
heart mine,0.07317073170731707
light jokerman,0.07317073170731707
mine heart,0.07317073170731707
moon jokerman,0.07317073170731707
driftin far,0.07216494845360824
high light,0.07216494845360824
high moon,0.07216494845360824
aris upon,0.07142857142857142
cobweb upon,0.07142857142857142
ring bell,0.07042253521126761
shot shot,0.07006369426751592
diseas lot,0.06930693069306931
lot diseas,0.06930693069306931
want lord,0.06870229007633588
live world,0.06818181818181818
shot need,0.06818181818181818
apart yesterday,0.06666666666666667
believ believ,0.06666666666666667
believ dead,0.06666666666666667
burn curtain,0.06666666666666667
burn risin,0.06666666666666667
come fall,0.06666666666666667
come sky,0.06666666666666667
conceit whole,0.06666666666666667
dead cobweb,0.06666666666666667
dead dead,0.06666666666666667
driftin driftin,0.06666666666666667
etern summertim,0.06666666666666667
friend prayer,0.06666666666666667
gibraltar burn,0.06666666666666667
hope readi,0.06666666666666667
intend friend,0.06666666666666667
known heaven,0.06666666666666667
