NGRAM,VALUE,
troubl troubl troubl,0.1623529411764706
readi readi readi,0.11764705882352941
troubl troubl nothin,0.08797653958944282
press higher call,0.08695652173913043
rememb death end,0.08444444444444445
clean-cut kid killer,0.08333333333333333
creation neither honor,0.08333333333333333
hangin solid foundat,0.08333333333333333
honor forgiv one,0.08333333333333333
jokerman nightingal tune,0.08333333333333333
jordan rock gibraltar,0.08333333333333333
neither forgiv one,0.08333333333333333
neither honor forgiv,0.08333333333333333
neither honor one,0.08333333333333333
sundown u.s.a. sure,0.08333333333333333
sundown union sure,0.08333333333333333
sundown union u.s.a.,0.08333333333333333
sweetheart doin dump,0.08333333333333333
union u.s.a. sure,0.08333333333333333
jokerman nightingal bird,0.07692307692307693
jokerman tune bird,0.07692307692307693
nightingal tune bird,0.07692307692307693
nightingal tune fli,0.07692307692307693
curtain risin new,0.07575757575757576
late a-rollin across,0.07575757575757576
properti resent bone,0.07575757575757576
risin new groom,0.07575757575757576
sure til greed,0.07575757575757576
u.s.a. sure til,0.07575757575757576
instead speak dare,0.07317073170731707
danc nightingal tune,0.07142857142857142
hangin made foundat,0.07142857142857142
hangin rock foundat,0.07142857142857142
hangin solid made,0.07142857142857142
hangin solid rock,0.07142857142857142
jokerman danc nightingal,0.07142857142857142
jokerman danc tune,0.07142857142857142
make prayer unto,0.07142857142857142
nightingal bird fli,0.07142857142857142
save lamb save,0.07142857142857142
solid made foundat,0.07142857142857142
solid rock foundat,0.07142857142857142
tune bird fli,0.07142857142857142
unto grate forev,0.07142857142857142
curtain risin age,0.07017543859649122
risin age groom,0.07017543859649122
west rock gibraltar,0.07017543859649122
forgiv one see,0.06944444444444445
groom waitin altar,0.06944444444444445
properti jesus resent,0.06944444444444445
sure idea greed,0.06944444444444445
u.s.a. sure idea,0.06944444444444445
eye tooth creation,0.06896551724137931
west jordan rock,0.06896551724137931
west jordan gibraltar,0.06779661016949153
let let let,0.06722689075630252
danc nightingal bird,0.06666666666666667
danc nightingal fli,0.06666666666666667
danc tune bird,0.06666666666666667
danc tune fli,0.06666666666666667
jokerman danc bird,0.06666666666666667
rose dead believ,0.06666666666666667
wan drown watered-down,0.06666666666666667
creation natur honor,0.0641025641025641
creation natur neither,0.0641025641025641
idea til greed,0.0641025641025641
jesus resent bone,0.0641025641025641
natur forgiv one,0.0641025641025641
natur honor forgiv,0.0641025641025641
natur honor one,0.0641025641025641
natur neither forgiv,0.0641025641025641
natur neither honor,0.0641025641025641
natur neither one,0.0641025641025641
properti jesus bone,0.0641025641025641
resent bone better,0.0641025641025641
sure idea til,0.0641025641025641
u.s.a. idea til,0.0641025641025641
speak dare multitud,0.06382978723404255
let wo let,0.06349206349206349
risin new age,0.06349206349206349
age groom waitin,0.0625
closer make prayer,0.0625
curtain new age,0.0625
danc bird fli,0.0625
hangin rock made,0.0625
new age groom,0.0625
rock made foundat,0.0625
solid rock made,0.0625
clean-cut kid made,0.06060606060606061
clean-cut made killer,0.06060606060606061
kid made killer,0.06060606060606061
summertim ah-a summertim,0.06060606060606061
jesus resent better,0.05952380952380952
made u.s.a. sure,0.05952380952380952
sundown made sure,0.05952380952380952
sundown made u.s.a.,0.05952380952380952
sundown union made,0.05952380952380952
union made sure,0.05952380952380952
union made u.s.a.,0.05952380952380952
blood lamb save,0.058823529411764705
page risin age,0.057692307692307696
wo let let,0.05737704918032787
page curtain age,0.05660377358490566
aris cobweb dust,0.05555555555555555
bone better stone,0.05555555555555555
east rock gibraltar,0.05555555555555555
gibraltar page curtain,0.05555555555555555
heal blind crippl,0.05555555555555555
jesus bone better,0.05555555555555555
long black coat,0.05555555555555555
nightingal tune high,0.05555555555555555
page curtain risin,0.05555555555555555
prayer known unto,0.05555555555555555
prayer unto heaven,0.05555555555555555
rock gibraltar page,0.05555555555555555
unto heaven forev,0.05555555555555555
west rock gibraltar,0.05555555555555555
jordan east gibraltar,0.05357142857142857
away licens kill,0.05333333333333334
sometim satan peac,0.05333333333333334
nightingal bird high,0.05263157894736842
nightingal fli high,0.05263157894736842
page new age,0.05263157894736842
save blood lamb,0.05263157894736842
save blood save,0.05263157894736842
tune bird high,0.05263157894736842
tune fli high,0.05263157894736842
want thank lord,0.05263157894736842
made sure idea,0.052083333333333336
made u.s.a. idea,0.052083333333333336
jordan east rock,0.05172413793103448
bird fli high,0.05
heaven grate forev,0.05
intend stay closer,0.05
known unto grate,0.05
make known unto,0.05
make prayer heaven,0.05
make prayer known,0.05
make unto heaven,0.05
page risin new,0.05
unto heaven grate,0.05
death end rememb,0.04878048780487805
page curtain new,0.04838709677419355
end rememb death,0.04819277108433735
far shore shore,0.047619047619047616
fli high jokerman,0.047619047619047616
shore far shore,0.047619047619047616
tune bird light,0.047619047619047616
tune fli light,0.047619047619047616
lamb save glad,0.046511627906976744
bird fli light,0.045454545454545456
bird fli moon,0.045454545454545456
ooh stand stand,0.045454545454545456
shore driftin shore,0.045454545454545456
stay closer make,0.045454545454545456
yesterday memori tomorrow,0.045454545454545456
troubl nothin troubl,0.04521276595744681
shore shore driftin,0.04477611940298507
aris cobweb upon,0.044444444444444446
pure wan drown,0.044444444444444446
anybodi anybodi seen,0.043478260869565216
anybodi seen anybodi,0.043478260869565216
fli light jokerman,0.043478260869565216
fli moon jokerman,0.043478260869565216
rose dead rose,0.042735042735042736
rose rose dead,0.042735042735042736
far far shore,0.0425531914893617
far shore far,0.0425531914893617
driftin far shore,0.04225352112676056
far shore driftin,0.04225352112676056
rememb end end,0.042105263157894736
dead aris cobweb,0.041666666666666664
known unto heaven,0.041666666666666664
prayer known heaven,0.041666666666666664
rose believ rose,0.041666666666666664
end end rememb,0.04
far driftin shore,0.04
glad glad want,0.04
lamb save save,0.04
mine heart mine,0.04
shore far driftin,0.039473684210526314
live polit world,0.03914590747330961
came garden son,0.03896103896103896
shore driftin far,0.03896103896103896
believ rose dead,0.03875968992248062
dead believ rose,0.03875968992248062
dead rose dead,0.03875968992248062
rose dead dead,0.03875968992248062
tune high light,0.03870967741935484
anybodi seen seen,0.038461538461538464
burn curtain risin,0.038461538461538464
closer friend prayer,0.038461538461538464
friend make prayer,0.038461538461538464
gibraltar burn curtain,0.038461538461538464
intend closer friend,0.038461538461538464
known heaven grate,0.038461538461538464
make known heaven,0.038461538461538464
rock gibraltar burn,0.038461538461538464
seen anybodi seen,0.038461538461538464
shore driftin driftin,0.038461538461538464
believ rose believ,0.03787878787878788
come fall sky,0.03787878787878788
creation one honor,0.03787878787878788
creation one neither,0.03787878787878788
dead rose believ,0.03787878787878788
one honor forgiv,0.03787878787878788
one neither forgiv,0.03787878787878788
one neither honor,0.03787878787878788
rose believ dead,0.03787878787878788
death end end,0.03773584905660377
driftin shore driftin,0.03773584905660377
bird high moon,0.0375
fli high moon,0.0375
hope readi readi,0.0375
bird high light,0.037267080745341616
fli high light,0.037267080745341616
lamb lamb save,0.037037037037037035
seen shootin star,0.037037037037037035
shootin star thought,0.037037037037037035
late night a-rollin,0.036231884057971016
high moon jokerman,0.03614457831325301
speak dare rose,0.03614457831325301
sword came garden,0.03614457831325301
high light jokerman,0.03592814371257485
apart yesterday memori,0.03571428571428571
apart yesterday tomorrow,0.03571428571428571
burn risin new,0.03571428571428571
closer friend make,0.03571428571428571
dead man aris,0.03571428571428571
heart mine mine,0.03571428571428571
believ dead believ,0.03546099290780142
dead believ believ,0.03546099290780142
dead believ dead,0.03546099290780142
dead dead believ,0.03546099290780142
dream babi late,0.035211267605633804
aris dust upon,0.03508771929824561
cobweb dust upon,0.03508771929824561
end end death,0.03508771929824561
fall apart handl,0.03508771929824561
handl fall apart,0.03508771929824561
want wan drown,0.03508771929824561
burn curtain new,0.03488372093023256
far driftin far,0.03488372093023256
a-rollin across mind,0.034722222222222224
gibraltar see curtain,0.034722222222222224
jordan gibraltar see,0.034722222222222224
jordan rock see,0.034722222222222224
late night across,0.034722222222222224
night a-rollin across,0.034722222222222224
one see face,0.034722222222222224
rock gibraltar see,0.034722222222222224
see curtain risin,0.034722222222222224
bird light moon,0.034482758620689655
conceit whole lot,0.034482758620689655
fli light moon,0.034482758620689655
fall apart tonight,0.03418803418803419
handl apart yesterday,0.03409090909090909
'm glad glad,0.034013605442176874
broken broken broken,0.033816425120772944
glad 'm glad,0.033783783783783786
need shot love,0.03373015873015873
diseas conceit whole,0.033707865168539325
apart memori tomorrow,0.03333333333333333
creation one natur,0.03333333333333333
forgiv one said,0.03333333333333333
friend prayer known,0.03333333333333333
honor forgiv said,0.03333333333333333
honor one said,0.03333333333333333
intend stay friend,0.03333333333333333
light moon jokerman,0.03333333333333333
neither forgiv said,0.03333333333333333
neither honor said,0.03333333333333333
neither one said,0.03333333333333333
one natur forgiv,0.03333333333333333
one natur honor,0.03333333333333333
one natur neither,0.03333333333333333
see face live,0.03333333333333333
summertim summertim stranger,0.03333333333333333
thank prayer unto,0.03333333333333333
til greed way,0.03333333333333333
yesterday memori suppos,0.03333333333333333
yesterday tomorrow suppos,0.03333333333333333
diseas conceit lot,0.03314917127071823
diseas whole lot,0.03278688524590164
ah-a summertim summertim,0.03225806451612903
wo let wo,0.03208556149732621
idea greed way,0.03205128205128205
resent bone heart,0.03205128205128205
sure good greed,0.03205128205128205
u.s.a. sure good,0.03205128205128205
union sure good,0.03205128205128205
union u.s.a. good,0.03205128205128205
apart handl fall,0.031746031746031744
driftin far driftin,0.031746031746031744
glad glad glad,0.031746031746031744
spoke citi hear,0.031746031746031744
came garden spoke,0.031578947368421054
closer thank prayer,0.03125
friend make known,0.03125
heart mine heart,0.03125
