NGRAM,VALUE,
troubl troubl,139.57955396346523
readi readi,83.8013546401577
let let,66.9641550448847
far shore,57.756423910964436
troubl nothin,50.825276037427734
need shot,48.82852913892067
shore driftin,41.46837962665268
wo let,40.95087253106529
rememb end,37.836839755991114
shot love,36.03465612491908
death end,35.160864852666165
neighborhood bulli,33.018837666541174
'm glad,32.73559556525194
anybodi seen,32.4851109523946
rose dead,31.845446353632987
end end,30.792559570920005
driftin far,30.397072588158505
glad glad,30.173883040106357
dead believ,30.045859842647666
thank lord,29.871599182990103
love love,28.66594053670032
end rememb,25.030972360948155
diseas conceit,24.992221806513154
lamb save,24.03489203788114
dream late,23.02615634102287
'm press,22.7601948212767
live polit,22.408271401322914
want thank,21.81346922427849
ooh stand,21.40620477044465
blood lamb,20.833968359804327
glad want,20.771515239460275
rememb death,20.292886234395798
let wo,19.993073134203296
shore shore,19.862587380170613
press press,19.679075879116233
summertim summertim,19.679075879116233
save glad,19.640005784270418
save 'm,19.60927725777112
dead aris,19.5928237957076
heart mine,19.317298693312523
save blood,19.27260975749471
dream babi,19.1864734483183
broken broken,18.919770636949195
seen love,18.722830431954375
shore far,18.20496235140225
mayb someday,18.056773118963548
clean-cut kid,17.962194288973887
clean-cut killer,17.962194288973887
kid killer,17.962194288973887
live world,17.6103876898316
hope readi,17.589838502017816
need love,17.421288236263024
end death,17.398583549564652
'm 'm,17.15147245471677
broken broken,16.971585872820228
rose believ,16.95559741517753
sweetheart like,16.776387809789274
broken broken,16.63614983786446
far far,16.55589164360843
fall apart,16.5346261628924
driftin shore,16.531127204099754
speak dare,16.423497375922192
babi late,16.14795560283213
polit world,16.122879262438662
shot need,15.803548069181288
spoke citi,15.784969833550118
dead man,15.68208409938081
satan peac,15.620326888639545
sometim satan,15.620326888639545
ah-a summertim,15.556513283350217
press higher,15.556513283350217
clean-cut made,15.488571722935646
kid made,15.488571722935646
made killer,15.488571722935646
far driftin,15.308927380374886
shot shot,15.177509877775346
lord thank,15.086392590904659
love pure,14.969488753791593
whole lot,14.730792542823162
press call,14.425444196636963
sometim peac,14.351798768553852
jokerman nightingal,14.332518485372049
jokerman tune,14.332518485372049
nightingal tune,14.332518485372049
believ rose,14.256903531715476
driftin far,14.235083223786823
jokerman bird,13.80795510534395
nightingal bird,13.80795510534395
nightingal fli,13.80795510534395
tune bird,13.80795510534395
tune fli,13.80795510534395
man aris,13.803208423115212
man cobweb,13.803208423115212
broken broken,13.661102932939977
trust trust,13.393139690236897
jokerman danc,13.36236470375432
danc nightingal,13.362364703754318
danc tune,13.362364703754318
save lamb,13.362364703754318
save save,13.362364703754318
bird fli,13.283732469847813
want lord,13.134740235639086
love anybodi,13.048291283277177
came garden,12.975037141537346
shootin star,12.975037141537346
babi babi,12.894909488437714
danc bird,12.838482870849438
danc fli,12.838482870849438
fli jokerman,12.838482870849438
driftin far,12.721212654007047
apart tonight,12.590668407150405
creation honor,12.398664180212947
creation neither,12.398664180212947
curtain risin,12.398664180212947
doin dump,12.398664180212947
forgiv one,12.398664180212947
gibraltar curtain,12.398664180212947
honor forgiv,12.398664180212947
honor one,12.398664180212947
jordan gibraltar,12.398664180212947
jordan rock,12.398664180212947
late a-rollin,12.398664180212947
lenni bruce,12.398664180212947
neither forgiv,12.398664180212947
neither honor,12.398664180212947
neither one,12.398664180212947
properti resent,12.398664180212947
risin groom,12.398664180212947
rock gibraltar,12.398664180212947
sundown sure,12.398664180212947
sundown u.s.a.,12.398664180212947
sundown union,12.398664180212947
sure greed,12.398664180212947
sweetheart doin,12.398664180212947
sweetheart dump,12.398664180212947
u.s.a. sure,12.398664180212947
union sure,12.398664180212947
union u.s.a.,12.398664180212947
blood save,12.32544949024732
drown love,12.15952119141567
nightingal high,12.047256062275352
ring bell,12.047256062275352
tune high,12.047256062275352
foundat let,11.977952713125298
wo wo,11.895031612500137
a-rollin across,11.882411640029002
black coat,11.882411640029002
curtain new,11.882411640029002
groom altar,11.882411640029002
groom waitin,11.882411640029002
late across,11.882411640029002
new groom,11.882411640029002
properti bone,11.882411640029002
resent bone,11.882411640029002
risin new,11.882411640029002
save grace,11.882411640029002
sure til,11.882411640029002
til greed,11.882411640029002
u.s.a. til,11.882411640029002
somebodi trust,11.768558936142249
anybodi anybodi,11.620623543896444
driftin driftin,11.620623543896444
eye tooth,11.583542305534328
tune light,11.558814796710827
bird high,11.524738020764246
fli high,11.524738020764246
love need,11.48937445945052
forgiv see,11.455484754926673
idea greed,11.455484754926673
jesus resent,11.455484754926673
licens kill,11.455484754926673
one see,11.455484754926673
properti jesus,11.455484754926673
resent better,11.455484754926673
sure idea,11.455484754926673
u.s.a. idea,11.455484754926673
high light,11.442331086428993
high moon,11.442331086428993
waitin altar,11.366499742813312
citi hear,11.341854115351442
nothin troubl,11.201787086971471
lot diseas,11.188477439533242
diseas lot,11.18847743953324
fall tonight,11.183593854513282
creation natur,11.09146499003439
natur forgiv,11.091464990034389
natur honor,11.091464990034389
natur neither,11.091464990034389
natur one,11.091464990034389
need need,11.082443563150633
high jokerman,11.081193306366966
stand dead,11.081193306366966
bird light,11.036978999791557
bird moon,11.036978999791557
fli light,11.036978999791557
fli moon,11.036978999791557
watered-down love,11.031223279161933
bone better,10.939913558703957
bone stone,10.939913558703957
idea til,10.939913558703957
jesus bone,10.939913558703957
see real,10.939913558703957
see live,10.939913558703957
readi meet,10.881565406466406
press 'm,10.879927757870993
lot tonight,10.810068766904326
long black,10.77418006823681
made sure,10.77418006823681
made u.s.a.,10.77418006823681
sundown made,10.77418006823681
union made,10.77418006823681
seen anybodi,10.695911780138209
light jokerman,10.594116646371258
moon jokerman,10.594116646371258
better stone,10.51366813363768
fall sky,10.51366813363768
jesus better,10.51366813363768
tonight conceit,10.470019763776996
aris cobweb,10.364494613542092
heal crippl,10.364494613542092
glad 'm,10.283697400200609
long coat,10.259290448166155
invit troubl,10.057533881266341
none troubl,10.057533881266341
solut troubl,10.057533881266341
love shot,9.954950226224259
satan man,9.892287015818102
tonight diseas,9.869949976860655
age groom,9.860172811731152
curtain age,9.860172811731152
drown watered-down,9.860172811731152
risin age,9.860172811731152
wan watered-down,9.860172811731152
west gibraltar,9.860172811731152
west jordan,9.860172811731152
west rock,9.860172811731152
made idea,9.83372671541012
want drown,9.801963613902428
conceit whole,9.797835209659986
rose rose,9.787332631355437
seen seen,9.774270902807341
thank thank,9.774270902807341
'm higher,9.765955575405261
whose sake,9.658676247027715
conceit lot,9.522030249090893
age waitin,9.458483991201316
new age,9.458483991201316
stay closer,9.458483991201316
anybodi love,9.426062180869103
shootin tonight,9.415932173730145
away licens,9.35619155138045
teardrop fall,9.35619155138045
wan drown,9.35619155138045
diseas whole,9.350134318337807
glad thank,9.289924851359082
whole tonight,9.270023457000766
dead rose,9.190912116401831
creation one,9.106429415300921
one forgiv,9.106429415300921
one honor,9.106429415300921
one neither,9.106429415300921
one face,9.106429415300921
ring bell,9.073123885675269
a-rollin mind,8.959449483688408
late night,8.959449483688408
night a-rollin,8.959449483688408
everyth broken,8.954843330306325
come fall,8.86423819266979
come sky,8.86423819266979
aris dust,8.83893934028999
blind crippl,8.83893934028999
cobweb dust,8.83893934028999
heal blind,8.83893934028999
worth rose,8.83893934028999
see curtain,8.820775449793738
see risin,8.820775449793738
gibraltar see,8.820775449793736
greed way,8.820775449793736
jordan see,8.820775449793736
rock see,8.820775449793736
light moon,8.806944803522688
forgiv said,8.689525561798963
honor said,8.689525561798963
neither said,8.689525561798963
one said,8.689525561798963
resent heart,8.689525561798963
summertim stranger,8.66363462333737
man peac,8.660729488481067
sometim man,8.660729488481065
away kill,8.62131166254383
believ believ,8.595855799791506
believ dead,8.595855799791506
dead dead,8.595855799791506
face live,8.594268424951377
good greed,8.564951476081628
groom still,8.564951476081628
shot need,8.564951476081628
sure good,8.564951476081628
u.s.a. good,8.564951476081628
union good,8.564951476081628
