NGRAM,VALUE,
troubl troubl troubl,3355.4788950572793
troubl troubl nothin,2075.1360916468166
readi readi readi,2019.6058643858987
nothin troubl troubl,1776.120589101523
invit troubl troubl,1658.8745115763022
none troubl troubl,1658.8745115763022
solut troubl troubl,1658.8745115763022
infin troubl troubl,1647.7425413495162
let let let,1642.4999953140282
troubl troubl air,1641.95703966774
troubl troubl drought,1641.95703966774
troubl troubl nightclub,1641.95703966774
curs troubl troubl,1634.0929627667883
troubl troubl trust,1628.4808393677495
help troubl troubl,1613.7143049993374
wall troubl troubl,1603.393498172458
troubl troubl water,1594.1554712281952
see troubl troubl,1591.4528244329338
troubl troubl put,1591.313322254721
even troubl troubl,1578.8172613735837
man troubl troubl,1568.353872422926
troubl nothin troubl,1442.3146581109256
wo let let,1218.5293207249508
rememb death end,1211.9718909151106
hope readi readi,1111.6889468996633
need shot love,1085.3277325853205
let wo let,1068.3349020313408
far far shore,1052.2981672228914
far shore shore,1045.8045648147495
readi readi meet,1020.6691199791325
shore far shore,1007.4067846822152
readi readi judgment,1006.3861895363411
far shore driftin,1001.1973924999488
readi readi terribl,1000.5848302961294
depart readi readi,1000.5848302961292
pack readi readi,1000.5848302961292
readi readi lay,995.8356171432908
far shore far,974.4242261756385
driftin far shore,973.3785683028187
love shot love,969.3904180448023
death end end,958.6545152970236
readi readi jesus,955.4306142563269
let let wo,953.7621656740955
readi readi life,945.748495218887
rememb end end,917.9103706173275
need need shot,897.8241633343034
live polit world,895.7906929291448
need shot shot,894.5562043845221
foundat let let,893.0303844915713
shot need shot,887.4873437459887
death end rememb,877.2454041798662
end end end,854.7501338823768
end rememb death,839.1452384659768
need shot need,838.5981805291616
end death end,829.3917008411304
readi hope readi,807.6725426490669
love need shot,806.5796052212726
love need love,802.6064874414741
wo let wo,795.0733219078036
glad glad glad,784.0071274115068
tonight diseas conceit,783.8927638395577
driftin far shore,776.7676548815838
diseas conceit lot,775.7944468830253
shore shore driftin,773.8123702309696
wo wo let,773.6459980723271
diseas conceit whole,771.9299879341218
'm glad glad,769.0488904309982
let let chastis,763.3000774130855
let let way,763.3000774130855
clean-cut kid killer,757.3905562217035
shore driftin shore,754.8995683972568
neighborhood bulli driven,753.7525908646946
kick neighborhood bulli,753.7525908646945
clean-cut kid made,752.4161235164578
shore driftin far,747.1999942992018
shore driftin driftin,747.0164105823893
far shore driftin,746.4747803386812
shot love shot,744.5592197879473
far driftin shore,742.7308569153973
shot love love,740.6634899046601
love pure love,740.1309375149514
driftin far shore,738.141282448207
bulli neighborhood bulli,737.6232896891619
neighborhood bulli live,737.4833118181793
world let let,733.527470596571
rose dead believ,732.3093739897101
broken broken broken,731.7645097484079
shot love need,730.2698029463669
run neighborhood bulli,730.1003770648529
save 'm glad,729.3447957448388
shore far driftin,725.0882437871942
glad 'm glad,724.3597908300025
'm glad 'm,711.7569536965856
readi judgment readi,708.0061279992913
end rememb end,703.0623535932084
foundat wo let,694.9463704764746
kid made killer,693.8604127784262
end end rememb,693.175319069071
let let someth,692.9859490269573
peopl diseas conceit,692.7386010536845
far driftin far,685.0299751692773
clean-cut made killer,681.7347194154983
'm 'm glad,680.7199208384033
broken broken broken,678.0603012813323
shot shot love,677.1957819956641
dream babi late,676.8564691641212
driftin shore driftin,674.5430478128688
fall apart tonight,667.1116318022843
love love love,663.5258357118128
love anybodi love,662.7131274038725
love seen love,662.6422384122718
want thank lord,657.3135133938877
'm press 'm,653.7984948307165
love watered-down love,649.9126797213668
diseas conceit peopl,647.6001190428683
sometim satan peac,644.1351626107635
driftin far driftin,637.8839480777388
save glad glad,637.4654777951707
press 'm press,627.7452745372766
nightingal tune bird,622.2977770697701
danc nightingal tune,613.0974890390017
jokerman tune bird,606.7629451573739
end end death,604.8645067860402
driftin shore far,604.4677854053903
jokerman danc bird,601.9354927778787
jokerman nightingal tune,599.0941437351378
summertim summertim summertim,596.8551023306245
tune bird fli,595.5978808887111
need love shot,594.7721201782216
driftin far far,592.5245859939982
'm press higher,589.8029816114316
anybodi seen seen,589.6490614881786
nightingal tune fli,587.92601198185
anybodi anybodi seen,587.4640133727312
nightingal tune high,586.9718237372479
jokerman danc nightingal,586.8982040960886
believ rose dead,583.8343454302933
rose dead dead,583.8343454302933
jokerman nightingal bird,581.8096466572158
dead man aris,581.324394470788
rose rose dead,580.6386128619548
glad glad want,580.432844244702
thank lord thank,578.0719920486968
thank thank lord,578.0719920486968
sometim satan man,576.6576335994409
danc nightingal fli,575.7362078349655
danc bird fli,575.2417331348632
made wo let,572.5862342948851
anybodi seen anybodi,569.1491528584759
save lamb save,568.9281827427528
glad thank lord,568.731329265849
lord thank lord,568.1884760750303
thank lord lord,568.1884760750303
jokerman danc tune,568.061270920565
tune bird light,566.3953469356073
'm glad want,565.9049622052862
nightingal bird fli,564.5282170639186
rose dead rose,564.0866235240344
danc tune bird,561.4473623653246
dead believ rose,559.3802800183163
danc nightingal bird,556.8992746594417
blood lamb save,555.675005419225
driftin driftin far,555.3182930429189
anybodi seen love,553.373760579183
diseas whole lot,553.058409468943
dead rose dead,552.3733086459998
conceit whole lot,551.5506844457735
seen anybodi seen,550.9289901796479
danc tune fli,550.7829093348075
babi dream babi,549.3443907107153
bird fli high,549.1406244509425
whole lot tonight,548.461002948544
dead believ believ,547.6792528783873
dead dead believ,547.6792528783873
creation neither honor,544.2895218069524
honor forgiv one,544.2895218069524
neither honor forgiv,544.2895218069524
sundown u.s.a. sure,544.2895218069524
sundown union sure,544.2895218069524
watered-down love pure,543.3142292428671
'm press press,541.9635462016533
ooh stand stand,540.6483298860477
fli high jokerman,539.9618234623802
bird fli moon,539.7200094691241
need love need,539.1521391170439
tune bird high,535.3339743255704
love want love,535.0209744199474
love drown love,534.6560206498859
ah-a summertim summertim,534.1820209715468
curtain risin new,533.3352196969629
risin new groom,533.3352196969629
sure til greed,533.3352196969629
u.s.a. sure til,533.3352196969629
lamb save save,532.986588979309
'm 'm press,528.7314629254263
fall apart handl,528.6987163048907
handl fall apart,528.6987163048907
world wo let,528.6602196761548
far driftin shore,527.1228438920801
save blood lamb,525.4569593370315
forgiv one see,524.5820926927246
believ dead believ,524.4548821768906
dead believ dead,524.4548821768906
nightingal fli high,524.3814655787043
shot need love,523.2003401420324
lamb 'm glad,522.7254044516455
troubl nothin trust,522.2499306352289
fli moon jokerman,519.8828993190186
nightingal bird high,519.3113052115534
late a-rollin across,518.3815404858215
love wan love,517.834434350764
save blood save,517.7894341234695
whole lot peopl,517.7336357172723
natur neither honor,517.2823110516133
natur forgiv one,517.2823110516132
jordan rock gibraltar,515.6463842336858
neither forgiv one,515.6463842336858
neither honor one,515.6463842336858
sundown union u.s.a.,515.6463842336858
sweetheart doin dump,515.6463842336858
union u.s.a. sure,515.6463842336858
jesus resent bone,513.6339239842971
tune fli high,513.194939886919
sundown union made,511.0176372894848
made u.s.a. sure,511.01763728948475
'm glad thank,509.7238588199578
bird fli light,508.650345644332
took clean-cut kid,507.5376544180847
tune fli light,506.07739966045824
man aris cobweb,504.486783518207
love anybodi seen,504.3739810593091
long black coat,500.0756040732368
properti jesus resent,499.8338774563289
properti resent bone,498.7561334744082
idea til greed,498.68024477315555
u.s.a. idea til,498.68024477315555
love pure wan,498.00161896382326
glad glad 'm,497.0168672928739
sure idea greed,495.938955119458
u.s.a. sure idea,495.938955119458
shore driftin driftin,495.2939883942653
fli light jokerman,494.9296008188606
driftin shore driftin,491.97426403872294
rose believ rose,490.31788916035975
lot tonight diseas,490.2477044292182
think fall apart,489.6449682601482
fall apart think,489.64496826014806
creation natur honor,488.6391734783467
natur honor forgiv,488.6391734783467
tune high light,486.78326808908355
west rock gibraltar,486.02800529955107
natur neither one,485.19785372863095
fall apart memori,484.33226357151057
tonight fall apart,484.15450755529366
fli high light,483.87966967004195
fall apart yesterday,483.76115467937615
fli high moon,483.74834212720253
sundown made sure,482.37449971621834
groom waitin altar,481.8689491546619
jesus resent better,480.1387161903594
bird high moon,479.80138134043017
believ rose believ,479.61676879045444
rose believ dead,479.61676879045433
creation one honor,479.07943004962743
one honor forgiv,479.07943004962743
resent bone better,479.0548377617424
press press press,476.9155212812492
creation natur neither,475.1748100076604
natur honor one,475.1748100076603
natur neither forgiv,475.1748100076603
properti jesus bone,474.8215084461068
shootin star tonight,474.7501861973634
gibraltar see curtain,473.7205321898804
rock gibraltar see,473.7205321898804
see curtain risin,473.7205321898804
dead rose believ,473.6228139288361
union made u.s.a.,473.0563522642274
forgiv one said,471.26564993299337
neither honor said,471.26564993299337
sure good greed,468.9395268505409
u.s.a. sure good,468.9395268505409
sure idea til,468.8855597968187
thank lord nobodi,468.8492959459903
satan man peac,466.2887628666896
sundown made u.s.a.,466.21126688967615
union made sure,466.21126688967615
high moon jokerman,466.09498036982717
night a-rollin across,465.40479109807575
driftin driftin far,465.3288307316484
curtain risin age,464.92718879104393
risin age groom,464.92718879104393
risin new age,464.29842744954396
dream dream late,464.2051696930147
til greed way,462.80920784408085
thank lord want,461.83013829616584
sometim man peac,461.46309903028924
press higher call,460.9705744910905
resent bone heart,460.3573993576766
save save glad,459.777144379385
thank lord find,458.75805978705023
