NGRAM,VALUE,
hard hard,98.01359919584482
work maggi,56.26823347339923
hard a-gonna,37.183996291992045
hard rain,36.71963319508779
sad-ey prophet,26.44193016276296
franki lee,25.772929520986718
stone stone,25.42786237414849
want want,25.27863745527936
mr. man,24.73202803659265
lay brass,23.85992106124859
lay lay,23.85992106124859
mr. tambourin,23.369144665764672
queen jane,23.369144665764672
tambourin man,22.923939841411077
tambourin play,22.515502094526752
oxford town,22.44426123588946
mobil memphi,22.4345353362146
want honey,21.993158861630434
hard fall,21.53110495125847
mr. play,21.4846835405558
man play,21.040216519400605
tambourin song,20.8642526610015
peggi day,20.496212301667672
mama stuck,20.41215771004348
new york,20.41215771004348
hang pictur,20.352049930433566
wo jane,20.332383210841712
maggi work,20.331621944609115
desol row,19.87591407506997
lay big,19.87591407506997
mama insid,19.87591407506997
stuck insid,19.87591407506997
stuck memphi,19.87591407506997
stuck mobil,19.87591407506997
mr. song,19.835279125512898
end memphi,19.570192844203333
end mobil,19.570192844203333
memphi blue,19.570192844203333
mobil blue,19.570192844203333
blowin wind,19.562446615698697
man song,19.39173474127298
insid memphi,19.33985477188063
insid mobil,19.33985477188063
wo queen,19.304147921101773
play song,18.984957587687624
want bad,18.939100946767905
gate eden,18.867807968979413
brand leopard-skin,18.327312335819226
brand pill-box,18.327312335819226
happen jone,18.327312335819226
happen mister,18.327312335819226
leopard-skin pill-box,18.327312335819226
mister jone,18.327312335819226
spend peggi,17.9627824298259
maggi farm,17.82645622015356
end stuck,17.361722790635547
lay across,17.361722790635547
mama end,17.361722790635547
stuck blue,17.361722790635547
chime freedom,17.26453307738606
sad-ey ladi,17.165362827055755
end insid,16.826954285951125
insid blue,16.826954285951125
brand hat,16.56436908402662
leopard-skin hat,16.56436908402662
pill-box hat,16.56436908402662
babe babe,16.285659737223256
maggi maggi,16.133524093501585
alley lookin,15.937244611534549
realli mobil,15.886914834959008
see jane,15.852012513317263
brand new,15.657212868765203
new leopard-skin,15.657212868765203
new pill-box,15.657212868765203
factori daddi,15.645722414848194
older younger,15.645722414848194
ladi lay,15.489861084400069
god side,15.421668789511433
along cove,15.19942821176777
gaze chime,15.19942821176777
gaze freedom,15.19942821176777
work work,15.075635083208807
feel direct,14.854155202246897
see queen,14.834497126522285
feel home,14.833460738884241
daddi food,14.81139666331657
daddi lookin,14.81139666331657
food tombston,14.81139666331657
lookin tombston,14.81139666331657
shoe daddi,14.81139666331657
daddi alley,14.468145911498777
factori lookin,14.28668253447698
factori shoe,14.28668253447698
mama realli,14.107131435228633
realli stuck,14.10713143522863
factori alley,13.94361610596476
thousand mile,13.94361610596476
a-gonna fall,13.931138924205664
highway 61,13.931138924205664
jingle-jangl followin,13.931138924205664
lowland prophet,13.931138924205664
pledg hopin,13.931138924205664
prophet warehous,13.931138924205664
warehous arabian,13.931138924205664
william zanzing,13.931138924205664
new hat,13.899432216022301
mama daddi,13.881502516133091
someth happen,13.836581359838931
someth jone,13.836581359838931
someth mister,13.836581359838931
like like,13.73858995232744
answer blowin,13.636055019780656
realli insid,13.575870731686543
lookin food,13.453462671818983
shoe food,13.453462671818983
shoe lookin,13.453462671818983
arabian drum,13.414300248189404
blue-ey darl,13.414300248189404
pictur hang,13.414300248189404
warehous drum,13.414300248189404
mama factori,13.35734140817362
alley food,13.110764940882056
shoe alley,13.110764940882056
answer wind,13.102532970415082
realli end,13.056174169575115
arabian gate,12.98678707344959
darl young,12.971171787041301
tombston blue,12.971171787041301
sweet mari,12.897645814825717
tonight mari,12.897645814825717
tonight sweet,12.897645814825717
pictur frame,12.810635332804912
stay ahead,12.810635332804912
babe babe,12.759855663916285
stone stone,12.68462406839935
much older,12.602868987290146
mama shoe,12.52522774021428
pawn game,12.470316899706003
drum gate,12.470316899705999
work farm,12.449794787084421
hang frame,12.40810924081803
mama alley,12.183083183118002
gaze upon,12.124071502884437
chime flash,12.10589496790282
freedom flash,12.10589496790282
kitchen tombston,12.10589496790282
vision johanna,12.10589496790282
much younger,12.079814380056472
tambourin jingle-jangl,12.022541575666748
wo see,11.864273039809621
blue-ey son,11.769510812259657
food blue,11.617110012544476
babi blue,11.590806735980077
complet roll,11.590806735980077
complet unknown,11.590806735980077
philosoph fear,11.590806735980077
unknown roll,11.590806735980077
sleepi mr.,11.539900025288523
man jingle-jangl,11.329744961167062
man sleepi,11.329744961167062
woman woman,11.301195374308705
maggi pa,11.283618290013125
juda priest,11.253777846806228
son darl,11.253777846806228
upon chime,11.158042297219419
upon freedom,11.158042297219419
lookin babe,11.158042297219417
play followin,11.136010566122298
play jingle-jangl,11.136010566122298
play sleepi,11.136010566122298
sleepi go,11.136010566122298
alon stone,11.086016194618557
dyin blanket,11.086016194618557
fear rag,11.086016194618557
piti immigr,11.086016194618557
gate wait,11.080032575838391
throw troubl,11.028008222908225
food kitchen,10.99756270776542
lookin kitchen,10.99756270776542
home complet,10.996419322613624
arabian sad-ey,10.956321331324604
countri pie,10.956321331324604
lowland sad-ey,10.956321331324604
sad-ey lowland,10.956321331324604
stay awhil,10.931885584317435
'm go,10.79337437887701
arabian put,10.788782927395792
blue-ey young,10.788782927395792
time a-changin,10.788782927395792
warehous put,10.788782927395792
alley kitchen,10.716347920274313
bid farewel,10.683858511561315
critic fear,10.683858511561315
disgrac fear,10.683858511561315
philosoph critic,10.683858511561315
philosoph disgrac,10.683858511561315
live honey,10.680428464760066
'm 'm,10.639938651132153
jingle-jangl morn,10.631860364365956
morn followin,10.631860364365956
rain a-gonna,10.631860364365956
rain fall,10.631860364365956
a-gonna blue-ey,10.581409866208633
fall blue-ey,10.581409866208633
stay stay,10.581409866208633
like roll,10.540814359934561
drum sad-ey,10.441325846006686
ten thousand,10.399398038803726
sleepi place,10.345030273043001
song followin,10.345030273043
song jingle-jangl,10.345030273043
song sleepi,10.345030273043
drum put,10.273971854607463
feel alon,10.213192090242732
critic rag,10.179436413069485
disgrac rag,10.179436413069485
ask honey,10.147104687551149
ask live,10.147104687551149
jane jane,10.118551991371756
babe babe,10.08802955503911
like woman,10.020920255647319
gate sad-ey,10.015656031841127
friend blowin,9.98439805611892
put gate,9.848486469979898
rag tear,9.84527934917142
throw suitcas,9.84527934917142
ticket throw,9.84527934917142
tonight stay,9.84527934917142
big brass,9.813273362072003
night peggi,9.784701415997247
disgrac critic,9.777647206824298
gaze flash,9.777647206824298
babe light,9.776957027575225
maggi brother,9.691932783029438
ladi lowland,9.642555481452584
ladi prophet,9.642555481452584
jane queen,9.637754141339679
dyin bound,9.591144411020917
woman break,9.591111403432034
babe lookin,9.559322178730978
alon everybodi,9.542710289690142
lowland say,9.542710289690142
prophet say,9.542710289690142
say warehous,9.542710289690142
kitchen blue,9.485908238614446
day stole,9.443674406794106
cove spi,9.443674406794104
spend day,9.443674406794104
later us,9.235708722504391
go tambourin,9.23570872250439
lovin honey,9.209846021515634
queen queen,9.15769400945927
drum ladi,9.129404887070255
cassius clay,9.124334588134076
dear landlord,9.124334588134076
eatin eatin,9.124334588134076
suppos sooner,9.124334588134076
tom pain,9.124334588134076
throw throw,9.109885887605431
bound blanket,9.087459401957378
sad-ey wait,9.056941635406279
sport car,8.99905856994037
peggi stole,8.90816769147292
put wait,8.89032546421916
a-gonna son,8.887861885448798
fall son,8.887861885448798
along spi,8.82429729583731
eye arabian,8.789913602396432
warehous eye,8.789913602396432
would alon,8.789913602396432
babe lookin,8.787922074902331
go mr.,8.756386444850634
stay stay,8.706529659061424
gate ladi,8.705580134044242
son young,8.639323238822014
mountain rang,8.63813928476627
direct complet,8.638139284766268
direct unknown,8.638139284766268
world war,8.638139284766268
across brass,8.61478861980213
brass bed,8.61478861980213
dyin bed,8.61478861980213
dyin put,8.61478861980213
lay across,8.61478861980213
poor immigr,8.61478861980213
insid eden,8.59742573544392
graveyard hard,8.572123845681741
hatr hard,8.572123845681741
sing hard,8.572123845681741
go man,8.547891246656416
lay lay,8.53889301887795
alon must,8.517465829174014
priest lee,8.486994168344253
place tambourin,8.449340018513752
young one,8.411650748455127
stay still,8.387145971577247
go play,8.35581687061222
night day,8.329877622946709
insid gate,8.318424408783747
priest franki,8.305846290747006
