NGRAM,VALUE,
hard hard hard,2618.06999445745
hard hard a-gonna,1822.5917279622095
hard hard rain,1720.5879964785688
hard hard fall,1705.1059712688368
graveyard hard hard,1398.9422645180177
hatr hard hard,1398.9422645180177
sing hard hard,1398.9422645180177
wound hard hard,1383.9354115555116
start hard hard,1368.5944352131019
children hard hard,1368.0634146280509
alley hard hard,1366.156264923463
cri hard hard,1364.1432887153223
mouth hard hard,1351.1494119609572
young hard hard,1342.914453541444
work maggi maggi,1048.747353071184
work work maggi,1048.2514850519306
maggi work maggi,1032.365162005455
mr. tambourin man,1028.8066096066439
work maggi work,1024.8558230839399
work maggi farm,973.9154816312056
tambourin man play,963.3061431652334
mr. tambourin song,950.3325042821724
mr. tambourin play,943.845700500743
end mobil memphi,925.2216643478894
mobil memphi blue,925.2216643478891
mr. man play,924.8396444671089
insid mobil memphi,913.4754326944667
wo queen jane,900.7533006962954
tambourin man song,897.3774231559728
hard rain a-gonna,890.2600395803969
mr. man song,882.511482791075
man play song,882.2415008981782
stuck mobil memphi,881.2359050839102
mama stuck insid,863.7491513998314
mr. play song,859.873083324793
see queen jane,855.4826971107495
stuck insid mobil,852.2894981164131
tambourin play song,850.4416540840595
work maggi pa,847.4319232945016
work maggi brother,829.7301825796985
pa work maggi,819.9530537936332
end stuck insid,818.0833650038423
stuck insid blue,818.0833650038423
stuck insid memphi,816.451210409801
farm work maggi,810.2953379511283
end stuck memphi,808.8619885370013
stuck memphi blue,808.8619885370013
fifty-four work maggi,803.2899526907252
happen mister jone,796.9381176595949
work maggi talk,786.994443217332
end insid memphi,786.0274587099811
insid memphi blue,786.0274587099811
realli insid mobil,784.4684296984913
end insid mobil,783.9075754248071
insid mobil blue,783.9075754248071
end stuck mobil,777.3420849249917
stuck mobil blue,777.3420849249917
mama end insid,765.8909995762132
tambourin man jingle-jangl,762.7222958391707
leopard-skin pill-box hat,760.4738140988425
brand leopard-skin pill-box,756.8377250570217
mama realli insid,756.4287414805972
hard a-gonna fall,755.2478971566952
mama end stuck,754.1836662560875
new leopard-skin pill-box,742.6474888029024
priest franki lee,739.376069154795
hard rain fall,738.292425172449
jane queen jane,733.1964560450283
brand pill-box hat,716.8759884433819
lay across brass,715.4479249111162
queen jane queen,712.0571539414105
someth happen mister,707.9054678943221
man play sleepi,706.9115313766804
brand new hat,706.2296561308485
go mr. tambourin,704.3976158892305
realli stuck insid,704.236376052968
realli stuck mobil,702.8202074592168
brand leopard-skin hat,702.1233133188189
place mr. tambourin,701.4663997770267
queen jane wo,696.7028348334869
want want want,696.6991696670764
lay big brass,688.8904561595119
brand new leopard-skin,682.633409783579
man play jingle-jangl,682.5092769543932
realli end stuck,680.114253480675
brand new pill-box,676.7182226885695
go tambourin man,675.7126952972283
realli end mobil,671.568375667144
gaze chime freedom,670.3966400250512
mama realli stuck,668.8575683193749
someth mister jone,667.805075291749
play song followin,661.8946960227703
queen jane see,660.9893243003103
wo see jane,658.1102460449729
new pill-box hat,647.8791553508249
play song jingle-jangl,647.5336972717828
go man play,647.4082555748786
wo see queen,647.0374092324504
man play morn,641.9057835284975
new leopard-skin hat,640.3003900165155
shoe daddi alley,636.4715890358001
daddi alley lookin,635.811255854848
chime freedom flash,632.9019316595891
play song sleepi,632.6781404771925
factori alley lookin,631.7261238446541
mama realli end,629.4048877883746
someth happen jone,628.4050506219687
tambourin play jingle-jangl,626.8315853436338
factori shoe daddi,625.9641927510755
sad-ey ladi prophet,622.8794875355388
upon chime freedom,620.6375601721652
want want honey,616.6820793052214
factori shoe lookin,616.5954842874255
said franki lee,616.2639162291925
alley lookin food,614.69927484562
spend peggi day,613.9068176179466
lookin food tombston,608.9251735535614
shoe daddi food,608.9251735535614
realli end insid,607.9574516783938
tambourin man 'm,605.9673387152659
factori daddi lookin,605.5589819568002
gate sad-ey ladi,603.2493133638364
factori daddi alley,601.8326333919781
sad-ey ladi lowland,600.719551231256
lay lay brass,599.5249832315494
mama factori shoe,598.296160196245
insid gate eden,594.9409616920644
shoe daddi lookin,594.6363280839204
play song place,591.703718574257
new york town,590.4614536050346
want bad honey,590.1480621621303
drum sad-ey ladi,589.8038754094202
'm tambourin man,589.5630432896919
'm mr. tambourin,585.6924825950041
daddi alley food,584.7969329314606
shoe alley lookin,582.6655922957063
lookin kitchen tombston,582.1695555620777
shoe lookin food,580.729489043476
daddi lookin food,580.3474826142793
lay lay across,579.6249296938254
mama factori daddi,579.394532514347
want want bad,577.8383466894751
mama daddi alley,577.1620618708068
mama shoe daddi,576.3320247395719
ladi lay across,571.7891478514196
factori shoe alley,570.5296503099652
man song sleepi,569.3721383726861
go mr. man,567.9443937159742
play song morn,567.7920436621628
peggi day stole,567.743109348586
sad-ey ladi wait,562.152274493472
night peggi day,561.4615745686013
man song jingle-jangl,561.2955296467709
lay lay lay,559.3002945076068
mama factori alley,555.5716426538718
alley lookin kitchen,555.4815895542257
warehous arabian drum,553.9752920499177
tonight sweet mari,551.6830005509664
much older younger,551.442849603397
kitchen tombston blue,546.4012376642163
queen see queen,545.3462540449619
shoe alley food,545.3314277516436
lay ladi lay,543.815661111342
food tombston blue,541.4446084982637
tambourin song jingle-jangl,540.7712303340312
go tambourin play,537.7554631477245
arabian drum gate,534.2571084243634
rain a-gonna fall,534.2210839932493
sad-ey ladi sad-ey,531.2676041857478
along cove spi,531.0004885805059
gaze upon freedom,529.8656815916083
arabian drum sad-ey,529.3856189641772
put sad-ey ladi,528.154255527857
lay across big,527.1569308175117
man play 'm,526.5892086011925
answer blowin wind,525.1951966370765
gaze upon chime,520.7330139035412
food kitchen tombston,519.3684713872744
mama shoe alley,516.1828096595019
arabian drum put,511.27454776849606
a-gonna fall blue-ey,505.0053191603337
lookin food kitchen,504.03197343459146
jane see queen,502.9508167598701
peggi day heart,501.943379671836
jane wo queen,501.16948336857587
gaze chime flash,500.2087658139973
queen wo queen,500.13235318409727
prophet say warehous,494.4502809105456
gaze freedom flash,493.21944794655883
peggi day poor,493.03988179853206
play song 'm,492.86654323472305
ladi lay big,491.42241307119355
play jingle-jangl followin,489.9171415967172
blue-ey son darl,489.8101194682482
eye arabian drum,489.1257190313506
sad-ey lowland prophet,485.22110920169735
lay lay big,485.04644938209833
lay lay across,484.79660591890377
daddi alley 'm,484.71147690954376
sad-ey sad-ey prophet,481.3109904219828
sleepi place mr.,480.91616694678385
warehous arabian put,480.86893902821976
a-gonna fall son,480.79935682358956
lowland sad-ey prophet,480.6217476775576
play morn followin,478.6146975890947
gaze upon flash,478.0161486931585
babe babe babe,476.40357671343713
much older 'm,476.009252060606
man song morn,475.7183391406582
work farm maggi,473.8443608138672
alley food kitchen,473.3283209449023
hang pictur frame,472.7724931454566
complet unknown roll,472.761079799294
jingle-jangl morn followin,469.75880783569187
song jingle-jangl followin,469.448172101065
town oxford town,468.30925784637907
jane wo see,467.42272484222303
see queen wo,467.18951267374484
blue-ey son young,465.8325126660651
jane see jane,465.7607935788541
warehous drum put,464.04858656712304
song jingle-jangl morn,463.832354527887
arabian gate sad-ey,460.93342993388575
lay across bed,457.5109470058409
see queen see,457.5097191314002
ladi lowland sad-ey,456.92431379528387
blue-ey darl young,456.72442589858633
maggi farm maggi,456.3314070211298
oxford oxford town,456.2661432628141
food kitchen blue,456.0985058488495
ladi lay lay,455.6336586825121
sad-ey prophet say,455.0916592569794
oxford town oxford,454.4293341512281
morn thousand mile,454.11611859349347
jane wo jane,452.7360584482934
ladi lowland prophet,451.6212793888632
ask live honey,451.3734851723829
queen wo see,451.08572698441395
arabian put gate,451.0146632809408
upon freedom flash,450.9889867563918
wo queen wo,450.82620051664
william zanzing philosoph,450.2815882463302
fall blue-ey son,449.61247587733357
lowland prophet say,449.10761292360843
upon chime flash,446.10143252789146
sleepi go mr.,444.96978131941546
babe lookin babe,444.56384508009853
drum gate sad-ey,444.4220871880649
philosoph disgrac fear,444.41151175506945
philosoph critic fear,444.41151175506934
drum put gate,444.3669090522453
lookin 'm tombston,442.67428541404894
prophet man warehous,441.50733644425236
feel alon everybodi,441.32190444702087
a-gonna blue-ey son,440.2704508834644
warehous eye put,438.241085320386
oxford town town,435.9930102219564
want bad want,435.65519926403346
go mr. play,435.62565566599176
disgrac critic fear,435.120370558472
philosoph disgrac critic,435.1203705584719
god side war,434.4699907968609
put gate sad-ey,433.7685479107839
critic fear rag,433.75700576602185
maggi farm work,432.9059226532149
son darl young,432.7096316199724
stone tryin stone,432.5527483582872
come arabian drum,431.91933031832025
wo see wo,431.8265660466609
alley lookin 'm,431.4440531665354
like woman like,430.15144760964864
lookin food 'm,429.37329417899747
'm mr. man,428.7252209920542
disgrac fear rag,428.0673810755218
drum put ladi,427.9349538011253
prophet come warehous,427.57822301041983
sad-ey lowland sad-ey,426.20173439318995
disgrac critic rag,424.46918147184124
lowland sad-ey man,423.41207779769144
arabian put sad-ey,423.05928843774933
play jingle-jangl morn,421.2071821337661
direct complet unknown,420.32554198830485
warehous eye drum,419.3662670895474
maggi work farm,418.8069454268472
man jingle-jangl morn,417.8125851531734
oxford town everybodi,416.9529071568125
gate sad-ey wait,416.66746056619377
put gate wait,416.6189248032433
complet unknown stone,416.0528988116523
see jane wo,415.9120683673454
drum gate ladi,415.1054090871223
sleepi place go,413.8716818925067
blame pawn game,413.1320879291246
babe babe lookin,412.73785896221943
maggi maggi farm,410.5572212509401
warehous eye arabian,410.35066961906006
love oxford town,409.65561799299894
feel alon stone,408.8298495613258
home complet unknown,408.8196504694804
tambourin play 'm,408.69494262456874
