NGRAM,VALUE,
light shine light,567.802325659736
shine light shine,557.9923137468933
cri stop cri,430.53424941765405
weekend one weekend,375.97452064742305
mrs. henri pleas,370.08037071602354
wake strengthen thing,362.8128939953091
wake wake strengthen,359.98495029400755
stop cri babi,349.91342823325317
serv somebodi may,347.1290844336243
stop cri stop,336.9397870805483
one weekend one,325.030543525394
pleas stop cri,318.89004740319433
wake wake thing,309.46271674506147
name anim begin,279.5795605134534
gave anim begin,272.1088855264341
gave name begin,272.1088855264341
wake strengthen remain,254.2134658644518
appl suckl tree,241.5166799039306
wake thing remain,241.29578711153016
pleas mrs. henri,240.49684507934958
morn new morn,232.91355597473802
new morn new,222.44545897957366
forev young forev,222.3656783669441
love true love,218.4546349641872
young forev young,216.92712717617346
lo behold lookin,212.4254736929433
cri babi pleas,211.88305902572765
true love tend,208.2930880827637
slow train comin,206.1936522278951
slow train around,199.7616095669729
shine light light,197.70783552032324
shine shine light,193.93475401538376
slow comin around,190.268602895396
stay forev young,188.6981146109443
may lord serv,186.78883417559598
like 'd unto,185.85561739110474
wan nobodi wan,185.36921245964433
somebodi may lord,183.5502765301056
gave name anim,181.4059236842894
anim begin gave,174.38637367563555
begin gave name,174.38637367563555
other like 'd,173.1356637927805
blue new morn,172.02960712199354
'm go 'm,171.07724732427806
right ya unto,169.47235305581808
hair hang low,165.98109705794243
man name anim,163.50368652833333
let hang low,161.48835088056447
somebodi may devil,160.83497747229595
child clay joey,160.01683089604182
true love true,159.71422005531446
man gave anim,158.52323653698718
man gave name,158.52323653698718
street clay joey,158.3175808816187
million dollar bash,157.95232212136756
joey king child,157.3864868377039
light light light,157.3215964815618
anim begin man,156.48413651967945
begin man name,156.48413651967945
man anim begin,156.48413651967945
man name begin,156.48413651967945
name begin man,156.48413651967945
joey king street,155.68723682328078
light light shine,154.30313127761022
forev young may,154.15784451584378
mrs. henri mrs.,152.96203394664968
let hair hang,152.42970085460286
ya tell henri,151.8229479912921
joey street child,151.5368618304923
street child joey,151.5368618304923
begin man gave,151.50368652833333
man gave begin,151.50368652833333
light shine shine,151.28466607365866
babi pleas stop,150.72335088519804
babi stop cri,150.72335088519804
let hair low,148.83497747229595
shine shine shine,148.26620086970706
love tend forget,146.79754994716822
one weekend weekend,146.4632283642868
go 'm gone,145.36089806595612
suckl tree underneath,144.16720588883027
tree appl suckl,144.16720588883027
henri mrs. pleas,143.9371641079727
henri mrs. henri,143.40443467567127
tree underneath appl,143.0124337146309
give shelter storm,141.62963996637242
unto other like,139.9303899519493
babi pleas cri,139.72335088519804
ooh babi ooh-e,139.53929958155814
may stay forev,137.78824846469863
behold lookin lo,136.93728245619295
henri henri pleas,134.3795648369943
nobodi wan wan,134.0464593533871
wan wan nobodi,134.0464593533871
said shelter storm,133.6227280486065
knock knock knockin,132.2575824504237
heaven knock knock,128.93728245619295
knock knock heaven,128.93728245619295
heaven knock knockin,127.57788244465445
heaven knock knockin,127.57788244465445
knock knockin heaven,127.57788244465445
knock knockin heaven,127.57788244465445
strengthen thing remain,125.79874307396287
locust sang locust,124.84843028268828
sang locust sang,124.84843028268828
hang low alberta,124.64711996543221
one one weekend,124.63009531198864
alberta treat unkind,124.58271832640247
lo behold lo,124.25758245042371
suckl tree tree,122.78906206822536
tree suckl tree,122.78906206822536
tree appl tree,121.74976711144593
idiot wind blow,121.5863765579962
door knock knock,120.46613294376442
knock knock door,120.46613294376442
said give shelter,119.93038995194931
clay joey made,119.83452221260582
door knock knockin,119.10673293222591
door knock knockin,119.10673293222591
knock knockin door,119.10673293222591
knock knockin door,119.10673293222591
clay joey want,118.97920058127374
said give storm,117.30004589361137
odd end lost,117.19318683781779
joey made blow,115.9511075952439
door knock heaven,115.78643293799514
door knock heaven,115.78643293799514
heaven door knock,115.78643293799514
heaven door knock,115.78643293799514
knock heaven door,115.78643293799514
knock heaven door,115.78643293799514
joey want blow,115.0957859639118
new morn morn,115.04933613423611
door knockin heaven,114.42703292645665
heaven door knockin,114.42703292645665
knockin heaven door,114.42703292645665
sky blue new,114.42703292645665
child joey made,114.40994697170473
stop babi stop,111.95810940531513
pleas mrs. mrs.,111.38573504070375
stop stop babi,109.97468929776646
alberta hang low,109.43803995773457
joey made want,107.9511075952439
train comin bend,107.66136299000537
weekend weekend weekend,107.51787427195406
pleas mrs. henri,107.2784093995459
somebodi serv somebodi,106.54839763923275
wake wake remain,105.95588341402811
cri babi stop,105.94152951286382
shine light make,105.73570219845386
stop stop stop,105.65014224686483
slow train bend,104.4453416595443
train around bend,104.4453416595443
pleas henri mrs.,104.21753558746994
devil lord serv,103.9964292976063
cri stop babi,103.95810940531513
stop babi pleas,103.95810940531513
alberta hair hang,103.39893994042683
new new morn,103.22272948978681
'd unto wan,103.14687753035889
heavi bottl bread,102.52447778178039
simpl twist fate,102.52447778178039
throw minstrel coin,102.52447778178039
devil lord somebodi,102.37715047486111
somebodi devil lord,102.37715047486111
underneath appl suckl,101.66545054959676
may serv somebodi,101.4450323047177
alberta hair low,101.00245768555556
alberta let hang,100.40377582217482
comin around bend,99.69883832375585
slow comin bend,99.69883832375585
pleas stop stop,99.6335623544135
stop stop cri,99.6335623544135
stop cri stop,99.6335623544135
stop pleas stop,99.6335623544135
devil may lord,98.40786632579386
may devil lord,98.40786632579386
alberta let low,98.00729356730358
cri babi cri,97.94152951286382
cri cri babi,97.94152951286382
dog run free,97.85883230979908
goin acapulco goin,97.80746022877855
cri stop stop,97.65014224686483
mrs. mrs. pleas,97.65014224686483
mrs. pleas mrs.,97.65014224686483
stop cri stop,97.65014224686483
stop stop cri,97.65014224686483
suckl tree appl,97.31503191237287
mrs. mrs. henri,97.29498929199721
knock knockin knock,96.7029618421447
knockin knock knock,96.7029618421447
babi stop stop,96.61483018405396
minstrel boy coin,96.52447778178039
throw minstrel boy,96.52447778178039
slow around bend,96.48281699329476
ya henri ya,96.11097998889677
train comin around,96.09682611394753
serv serv somebodi,95.20089114774224
serv somebodi serv,95.20089114774224
throw boy coin,95.1901232537617
alberta mind keep,94.3033782008129
knock heaven knock,94.21273684647166
wake wake wake,94.16443390736879
devil serv somebodi,93.96571344667355
serv somebodi devil,93.96571344667355
cri pleas stop,93.6169824619622
cri stop cri,93.6169824619622
stop cri cri,93.6169824619622
ya tell ya,93.60571690681974
ya ya tell,93.60571690681974
goin run goin,93.38566666378132
serv somebodi somebodi,93.35028677889059
knockin heaven knock,93.19318683781779
knockin heaven knock,93.19318683781779
weekend weekend one,92.96245223708863
slow slow train,92.88080478348645
tree tree underneath,92.15627275320944
tree underneath tree,92.15627275320944
alberta let hair,91.9681935499958
cri cri stop,91.6335623544135
cri stop pleas,91.6335623544135
pleas cri stop,91.6335623544135
pleas pleas mrs.,91.6335623544135
pleas stop cri,91.6335623544135
stop cri cri,91.6335623544135
stop cri pleas,91.6335623544135
henri pleas mrs.,91.2784093995459
anim long ago,91.26161826849359
mrs. henri henri,90.92325644467827
lord serv somebodi,90.36370123686525
henri ya henri,90.33125179312803
devil may serv,89.9964292976063
may devil serv,89.9964292976063
serv devil may,89.9964292976063
serv may devil,89.9964292976063
anim begin ago,89.68341183349082
babi cri stop,89.61483018405396
babi pleas stop,89.61483018405396
hair hang alberta,89.1255569022767
suppos ridin hmm,88.97616106068378
tire hors suppos,88.97616106068378
minstrel coin let,88.59290921245623
throw minstrel let,88.59290921245623
hello vivian give,88.4875589841504
refus sugar salt,88.46864122809647
devil may somebodi,88.37715047486111
somebodi devil may,88.37715047486111
slow slow comin,88.134301447698
knock door knock,87.85937471215024
henri ya tell,87.825988711051
tell henri ya,87.825988711051
tell ya henri,87.825988711051
ya henri tell,87.825988711051
begin long ago,87.75184326416667
hors suppos ridin,87.66098903151482
mem ry serv,87.66098903151482
acapulco goin see,87.45251000941252
goin see soccer,87.45251000941252
throw coin let,87.25855468443754
hair low alberta,87.02863492926434
knockin door knock,86.83982470349636
knockin door knock,86.83982470349636
noth mighti quinn,86.71094633903365
let hang alberta,86.50478829880619
may stay young,86.1736368291639
young may stay,86.1736368291639
within noth mighti,85.79892777836335
cri cri cri,85.6169824619622
cri cri pleas,85.6169824619622
cri pleas cri,85.6169824619622
pleas cri cri,85.6169824619622
king child clay,85.5858015351206
tell ya tell,85.32072562897396
ya tell tell,85.32072562897396
henri pleas pleas,85.26182950709456
name anim long,85.26161826849359
slow slow around,84.91828011723689
henri pleas henri,84.90667655222694
true true love,84.806429226576
may lord somebodi,84.7751382650528
king street clay,84.73617652790904
ya unto other,84.73617652790904
let low alberta,84.40786632579386
may devil may,84.40786632579386
suppos done hmm,83.97616106068378
begin name anim,83.68341183349082
true love true,83.31723523310546
see mighti quinn,83.30124378158649
gave anim long,82.77139327282055
gave name long,82.77139327282055
ridin done hmm,82.66098903151482
street child clay,82.66098903151482
suppos ridin done,82.66098903151482
minstrel boy let,82.59290921245622
somebodi may may,82.42703292645665
within see mighti,82.3892252209162
joey blow away,82.15096696210438
sugar salt flood,82.12879122521184
henri tell henri,82.04626051528227
tell henri henri,82.04626051528227
