NGRAM,VALUE,
call jack-a-ro,10.169220388465725
els sure,10.169220388465725
face cannonbal,10.169220388465725
sure hang,10.169220388465725
thank tea,10.169220388465725
drift scene,9.99929538702341
e'er daughter,9.584257887744569
wound coupl,9.584257887744569
bird fli,9.584257887744567
eight nine,9.414332886302255
heal wound,9.169220388465725
quick heal,9.169220388465725
a-hoppin brook,8.999295387023412
broken flea,8.999295387023412
cornbread layin,8.999295387023412
cornbread shelf,8.999295387023412
coupl marri,8.999295387023412
first moth,8.999295387023412
jim jone,8.999295387023412
juney bug,8.999295387023412
layin shelf,8.999295387023412
mous within,8.999295387023412
mr. a-hoppin,8.999295387023412
mr. brook,8.999295387023412
mrs. cow,8.999295387023412
uncl consent,8.999295387023412
bein christma,8.584257887744569
botani bay,8.584257887744569
bumbley bee,8.584257887744569
first flyin,8.584257887744569
flame higher,8.584257887744569
flyin moth,8.584257887744569
gambl done,8.584257887744569
laugh fat,8.584257887744569
laugh shook,8.584257887744569
laugh side,8.584257887744569
love henri,8.584257887744569
momma done,8.584257887744569
piec cornbread,8.584257887744569
piec layin,8.584257887744569
piec shelf,8.584257887744569
runnin downtown,8.584257887744569
seaport canadee-i-o,8.584257887744569
linger cabin,8.584257887744567
sigh weari,8.584257887744567
forsak husband,8.414332886302255
arthur mcbride,8.262329792857205
billi lyon,8.262329792857205
burn flame,8.262329792857205
flame burn,8.262329792857205
frog a-hoppin,8.262329792857205
frog brook,8.262329792857205
higher burn,8.262329792857205
mr. frog,8.262329792857205
sugar candi,8.262329792857205
fat side,8.169220388465725
mari jane,8.169220388465725
shook fat,8.169220388465725
shook side,8.169220388465725
burn burn,8.12482626910727
higher burn,8.12482626910727
broke-down engin,7.9992953870234125
christma mornin,7.9992953870234125
diamond joe,7.9992953870234125
henri cri,7.9992953870234125
higher ring,7.9992953870234125
uncl downtown,7.9992953870234125
uncl laugh,7.9992953870234125
burn ring,7.999295387023412
doorway cri,7.999295387023412
stetson hat,7.999295387023412
much longer,7.99929538702341
song sigh,7.99929538702341
song weari,7.99929538702341
wind blow,7.940401697969842
burn ring,7.861791863273477
wed supper,7.829370385581098
alright til,7.776902965686964
b. hat,7.776902965686964
b. stetson,7.776902965686964
go-yeah pat,7.776902965686964
go-yeah swear,7.776902965686964
goe creep,7.776902965686964
john hat,7.776902965686964
john stetson,7.776902965686964
mean mean,7.776902965686964
shadow creep,7.776902965686964
step pat,7.776902965686964
walk dirt,7.776902965686964
day cabin,7.776902965686963
day linger,7.776902965686963
go-yeah pat,7.776902965686963
go-yeah swear,7.776902965686963
john b.,7.776902965686962
pat swear,7.776902965686962
three four,7.67736729213605
bein mornin,7.584257887744568
creep blue-ey,7.584257887744568
go-yeah stand,7.584257887744568
heaven close,7.584257887744568
love cri,7.584257887744568
miss mari,7.584257887744568
said mous,7.584257887744568
said within,7.584257887744568
sittin top,7.584257887744568
step stand,7.584257887744568
take much,7.584257887744568
uncl fat,7.584257887744568
uncl runnin,7.584257887744568
uncl shook,7.584257887744568
without consent,7.584257887744568
without uncl,7.584257887744568
believ lawd,7.584257887744567
go-yeah stand,7.584257887744567
lawd day,7.584257887744567
lawd quit,7.584257887744567
silver gold,7.584257887744567
weari time,7.584257887744567
boogi woogi,7.584257887744566
stand pat,7.584257887744566
stand swear,7.584257887744566
twenti iron,7.584257887744566
lordi lordi,7.572285246078489
four five,7.525364198691
babe blood,7.496795046494227
togeth pull,7.4549748707996
yet get,7.4549748707996
dirt road,7.4143328863022555
stand doorway,7.4143328863022555
worri sittin,7.4143328863022555
big snake,7.414332886302255
forsak forsak,7.414332886302255
longer wait,7.414332886302255
sigh hard,7.414332886302255
supper supper,7.414332886302255
weari hard,7.414332886302255
babi honey,7.414332886302254
iron bound,7.3916128098021705
wolf look,7.361865466408121
see see,7.291476138516722
five six,7.262329792857206
knick-knack paddywhack,7.262329792857206
dark get,7.262329792857204
twenti cold,7.262329792857203
walk road,7.191940464965808
hors togeth,7.191940464965806
blue-ey jane,7.169220388465725
cat wolf,7.169220388465725
stand cri,7.151298480468461
pretti made,7.124826269107271
rat consent,7.124826269107271
rat downtown,7.124826269107271
rat laugh,7.124826269107271
sun creep,7.124826269107271
uncl rat,7.124826269107271
uncl rat,7.124826269107271
black davey,7.12482626910727
burn ring,7.12482626910727
paddywhack bone,7.12482626910727
paddywhack dog,7.12482626910727
flame burn,7.1248262691072695
ring flame,7.1248262691072695
closer million,7.124826269107269
good honey,7.124826269107269
thousand move,7.081757547215385
cold bound,7.069684714914809
cold iron,7.069684714914809
bowl wiggl,7.039937371520758
gypsi wiggl,7.039937371520758
hoop wiggl,7.039937371520758
pail wiggl,7.039937371520758
queen wiggl,7.039937371520758
satin wiggl,7.039937371520758
silk wiggl,7.039937371520758
soup wiggl,7.039937371520758
wiggl gypsi,7.039937371520758
wiggl pail,7.039937371520758
wiggl rattl,7.039937371520758
wiggl shake,7.039937371520758
wiggl ton,7.039937371520758
hous forsak,6.9992953870234125
mean boogi,6.9992953870234125
mean woogi,6.9992953870234125
miss mous,6.9992953870234125
miss within,6.9992953870234125
shall supper,6.9992953870234125
walk walk,6.9992953870234125
woogi mean,6.9992953870234125
worri top,6.9992953870234125
boogi woogi,6.999295387023412
boogi boogi,6.999295387023412
done franki,6.999295387023412
woogi boogi,6.999295387023412
woogi woogi,6.999295387023412
miss mousey,6.999295387023411
pat step,6.999295387023411
swear step,6.999295387023411
die lawd,6.99929538702341
everi nerv,6.99929538702341
go-yeah step,6.99929538702341
rounder friend,6.99929538702341
want money,6.99929538702341
bone roll,6.987322745357335
burn ring,6.987322745357335
dog bone,6.987322745357335
handi dandi,6.9404016979698415
convey away,6.921292875022139
good lawd,6.90618598263193
lawd good,6.90618598263193
play knick-knack,6.894598008356716
delia rounder,6.883818169603474
ring fire,6.861791863273477
ring ring,6.861791863273477
lordi lord,6.849191826493843
feel broke-down,6.829370385581098
feel engin,6.829370385581098
much wait,6.829370385581098
supper wed,6.829370385581098
stand step,6.806650309081014
boogi mean,6.776902965686965
mean boogi,6.776902965686965
mean woogi,6.776902965686965
woogi mean,6.776902965686965
behind togeth,6.776902965686964
black flea,6.776902965686964
black tick,6.776902965686964
broken black,6.776902965686964
jack davey,6.776902965686964
truth tell,6.776902965686964
left doorway,6.776902965686963
time day,6.776902965686963
dark yet,6.776902965686962
black jack,6.776902965686961
good babi,6.762256189722561
rat fat,6.709788769828427
rat runnin,6.709788769828427
rat shook,6.709788769828427
rat side,6.709788769828427
boogi countri,6.67736729213605
countri mean,6.67736729213605
dandi sugar,6.67736729213605
mean countri,6.67736729213605
wiggl wiggl,6.67736729213605
woogi countri,6.67736729213605
dandi candi,6.677367292136048
handi candi,6.677367292136048
let bird,6.677367292136048
tryin close,6.677367292136048
hard time,6.662260399745842
babe care,6.639399441937028
babe babe,6.584257887744567
cabin time,6.584257887744567
closer mile,6.584257887744567
mani cabin,6.584257887744567
mani linger,6.584257887744567
sigh time,6.584257887744567
sometim sometim,6.584257887744567
time linger,6.584257887744567
time sigh,6.584257887744567
time weari,6.584257887744567
twenti mile,6.584257887744567
burn fire,6.572285246078489
wed wed,6.566335979747305
goe shadow,6.554510544350516
togeth togeth,6.554510544350516
mayb wo,6.539863768386113
ride back,6.525364198691
left cri,6.5138685598531705
mousey miss,6.5138685598531705
around cabin,6.496795046494227
linger around,6.496795046494227
blood babe,6.496795046494226
wiggl till,6.484722214193652
countri mean,6.454974870799602
mean countri,6.454974870799602
shall wed,6.4143328863022555
wed shall,6.4143328863022555
cabin hard,6.414332886302255
hard linger,6.414332886302255
hard sigh,6.414332886302255
hard weari,6.414332886302255
linger hard,6.414332886302255
closer still,6.414332886302254
lord lordi,6.40861923510786
mile bound,6.3916128098021705
mile iron,6.3916128098021705
fire burn,6.387860674941065
made leather,6.387860674941065
pull made,6.387860674941065
ring burn,6.387860674941065
went higher,6.374804522115618
littl bake,6.374804522115616
babe eye,6.361865466408121
black snake,6.36186546640812
knee mousey,6.36186546640812
mousey knee,6.36186546640812
handi sugar,6.355439197248686
let blow,6.355439197248686
let wind,6.355439197248686
wiggl wiggl,6.355439197248686
