NGRAM,VALUE,
rosi face cannonbal,22.168515775489134
eight gate nine,20.41362827332567
call jack-a-ro waist,20.16851577548913
face cannonbal waist,20.16851577548913
four shore five,19.524659585714403
cornbread layin shelf,19.413628273325664
mr. a-hoppin brook,19.413628273325664
five surviv six,19.26162517988061
bowl soup wiggl,19.039232758544166
gypsi queen wiggl,19.039232758544166
satin silk wiggl,19.039232758544166
wiggl rattl shake,19.039232758544166
first flyin moth,18.998590774046818
piec cornbread layin,18.998590774046818
piec cornbread shelf,18.998590774046818
piec layin shelf,18.998590774046818
vessel convey away,18.920588262045545
frog a-hoppin brook,18.676662679159456
mr. frog a-hoppin,18.676662679159456
mr. frog brook,18.676662679159456
three turn four,18.676662679159456
believ lawd day,18.58355327476798
lawd day quit,18.58355327476798
gambl momma done,18.583553274767972
laugh fat side,18.583553274767972
laugh shook fat,18.583553274767972
laugh shook side,18.583553274767972
see meadow see,18.553805931373923
flame higher burn,18.261625179880614
shook fat side,18.16851577548913
milk wiggl rattl,18.039232758544166
pail milk wiggl,18.039232758544166
song sigh weari,17.998590774046825
bein christma mornin,17.998590774046818
love henri cri,17.998590774046818
said mous within,17.998590774046818
uncl laugh fat,17.998590774046818
uncl laugh shook,17.998590774046818
uncl runnin downtown,17.998590774046818
without uncl consent,17.998590774046818
higher burn burn,17.802193561243318
day linger cabin,17.776198352710374
truth tell sweetheart,17.77619835271037
higher burn ring,17.676662679159456
three key four,17.676662679159456
uncl shook fat,17.583553274767972
see lover see,17.553805931373923
higher burn ring,17.539159155409525
burn burn ring,17.53915915540952
uncl rat consent,17.53915915540952
four danc five,17.524659585714403
said call jack-a-ro,17.46807605734804
sigh weari hard,17.41362827332567
miss mous within,17.413628273325664
convey away step,17.33562576132439
b. stetson hat,17.19123585198922
john stetson hat,17.19123585198922
broken black flea,17.191235851989216
daughter truth tell,17.191235851989216
nine drank ten,17.191235851989216
nine wine ten,17.191235851989216
flame higher burn,17.124121656130676
rat laugh fat,17.124121656130676
rat laugh shook,17.124121656130676
rat laugh side,17.124121656130676
rat runnin downtown,17.124121656130676
shinin like diamond,17.10242658503136
two dew three,17.091700178438302
aliv boogi woogi,16.998590774046818
pleas boogi woogi,16.998590774046818
taught boogi woogi,16.998590774046818
john b. hat,16.968843430652772
go-yeah pat swear,16.96884343065277
go-yeah pat swear,16.96884343065277
goe shadow creep,16.96884343065277
john b. stetson,16.96884343065277
ride back left,16.93969708499325
much longer wait,16.82866577260451
stand doorway cri,16.82866577260451
burn ring flame,16.80219356124332
flame burn burn,16.80219356124332
go-yeah stand pat,16.776198352710377
go-yeah stand swear,16.776198352710377
go-yeah stand pat,16.77619835271037
go-yeah stand swear,16.77619835271037
stand pat swear,16.77619835271037
step stand pat,16.77619835271037
next broken flea,16.750663260603233
next juney bug,16.750663260603233
rat fat side,16.70908415685183
rat shook fat,16.70908415685183
rat shook side,16.70908415685183
three danc four,16.676662679159456
walk dirt road,16.60627335126806
good lawd good,16.58355327476798
mani linger cabin,16.58355327476798
sigh weari time,16.58355327476798
time sigh weari,16.58355327476798
uncl rat downtown,16.53915915540952
uncl rat laugh,16.53915915540952
linger around cabin,16.49609043351764
dark yet get,16.454270257823012
five tri six,16.454270257823012
hard sigh weari,16.41362827332567
linger cabin hard,16.41362827332567
worri sittin top,16.413628273325664
burn ring ring,16.401655631659583
dandi sugar candi,16.3547345842721
handi sugar candi,16.3547345842721
handi dandi clear,16.354734584272094
two ark two,16.354734584272094
two step two,16.354734584272094
sun goe creep,16.316766734073074
sun shadow creep,16.316766734073074
seaport town canadee-i-o,16.261625179880614
twenti cold iron,16.26162517988061
feel broke-down engin,16.243703271883355
supper wed supper,16.243703271883355
queen wiggl dress,16.23187783648656
mine ride back,16.202731490827045
go-yeah pat step,16.19123585198922
go-yeah swear step,16.19123585198922
left doorway cri,16.19123585198922
mean mean boogi,16.19123585198922
mean mean woogi,16.19123585198922
woogi mean mean,16.19123585198922
behind hors togeth,16.191235851989216
pat swear step,16.191235851989212
sold lordi lord,16.18552220079482
four turn one,16.13234216293565
fire flame higher,16.124121656130676
uncl rat fat,16.124121656130676
uncl rat runnin,16.124121656130676
uncl rat shook,16.124121656130676
without rat consent,16.124121656130676
without uncl rat,16.124121656130676
two dark three,16.091700178438302
two foggi three,16.091700178438302
cold iron bound,16.068980101938216
went higher burn,16.052171814251665
let wind blow,16.03280648938474
boogi woogi boogi,15.998590774046828
go-yeah stand step,15.998590774046825
linger cabin door,15.998590774046825
song sigh time,15.998590774046825
song weari time,15.998590774046825
time song sigh,15.998590774046825
time song weari,15.998590774046825
weari hard time,15.998590774046821
said miss mous,15.99859077404682
said miss within,15.99859077404682
stand pat step,15.998590774046818
stand swear step,15.998590774046818
burn ring fire,15.986618132380745
good babi honey,15.954196654688374
sugar candi dandi,15.93969708499325
sugar candi handi,15.93969708499325
countri mean mean,15.869307757101854
mean mean countri,15.869307757101854
hard song sigh,15.82866577260451
hard song weari,15.82866577260451
song sigh hard,15.82866577260451
song weari hard,15.82866577260451
shall wed supper,15.828665772604506
burn fire flame,15.802193561243321
littl cornbread layin,15.789137408417869
littl cornbread shelf,15.789137408417869
littl layin shelf,15.789137408417869
mr. went a-hoppin,15.789137408417869
mr. went brook,15.789137408417869
went a-hoppin brook,15.789137408417869
mani day cabin,15.776198352710377
mani day linger,15.776198352710377
time day linger,15.776198352710377
see seaport canadee-i-o,15.77619835271037
day around cabin,15.688735511460038
day linger around,15.688735511460038
tryin heaven close,15.676662679159463
three sea four,15.676662679159456
burn burn burn,15.664690037493386
burn burn fire,15.66469003749338
higher burn burn,15.66469003749338
paddywhack dog bone,15.66469003749338
wed supper wed,15.6587407711622
hard day linger,15.606273351268065
left stand doorway,15.606273351268062
hors rode togeth,15.606273351268058
twenti mile iron,15.583553274767976
roll hoop wiggl,15.579801139906866
burn ring fire,15.539159155409529
alright til fell,15.528270839266792
two step three,15.506737677717144
lordi lord lordi,15.463056176323732
goe creep town,15.454270257823008
shadow creep town,15.454270257823008
stetson hat stack-a-le,15.454270257823008
woogi boogi woogi,15.413628273325667
mean boogi woogi,15.413628273325664
hung boogi woogi,15.41362827332566
burn burn ring,15.40165563165959
mile iron bound,15.390908196825578
flame went higher,15.374099909139026
littl piec cornbread,15.374099909139026
littl piec layin,15.374099909139026
littl piec shelf,15.374099909139026
went flame higher,15.374099909139026
went runnin downtown,15.374099909139026
handi dandi ya,15.354734584272094
hit handi dandi,15.354734584272094
two flew two,15.354734584272094
two lover two,15.354734584272094
left stand cri,15.343238945434269
black jack davey,15.31676673407307
'm drift scene,15.312090246863605
drift scene 'm,15.312090246863605
creep town blue-ey,15.261625179880614
twenti mile cold,15.26162517988061
twenti town iron,15.26162517988061
wed shall wed,15.243703271883351
b. hat stack-a-le,15.23187783648656
dress green wiggl,15.23187783648656
john hat stack-a-le,15.23187783648656
wiggl dress green,15.23187783648656
uh-huh broken flea,15.21723106052216
uh-huh cornbread layin,15.21723106052216
uh-huh first moth,15.21723106052216
uh-huh juney bug,15.21723106052216
uh-huh mous within,15.21723106052216
uh-huh mr. a-hoppin,15.21723106052216
uh-huh uncl consent,15.21723106052216
boogi woogi mean,15.19123585198922
day cabin door,15.19123585198922
day linger door,15.19123585198922
mean boogi woogi,15.19123585198922
step stand pat,15.19123585198922
big black snake,15.191235851989216
one follow two,15.132342162935647
closer million mile,15.124121656130683
like diamond sky,15.10242658503136
sun goe shadow,15.094374312736626
countri mean boogi,15.091700178438305
mean boogi countri,15.091700178438305
mean woogi countri,15.091700178438305
woogi countri mean,15.091700178438305
boogi woogi countri,15.091700178438302
mile cold bound,15.068980101938216
mile cold iron,15.068980101938216
town iron bound,15.068980101938216
lord sittin top,15.059991318710964
burn went flame,15.052171814251668
flame went burn,15.052171814251668
went flame burn,15.052171814251668
frog went a-hoppin,15.052171814251661
frog went brook,15.052171814251661
mr. frog went,15.052171814251661
charmin good morn,15.008644438710743
good morn sergeant,15.008644438710743
heaven close door,14.998590774046825
b. stetson stack-a-le,14.968843430652765
john stetson stack-a-le,14.968843430652765
closer still million,14.95419665468837
knick-knack paddywhack dog,14.939697084993256
play knick-knack paddywhack,14.939697084993256
twenti town cold,14.939697084993252
ring burn ring,14.927724443327175
went higher burn,14.914668290501734
babi honey wrong,14.890066317268651
worri lord sittin,14.890066317268651
boogi countri mean,14.869307757101854
countri mean boogi,14.869307757101854
mean boogi countri,14.869307757101854
mean woogi countri,14.869307757101854
woogi countri mean,14.869307757101854
eye babe care,14.83133990690283
lawd day babi,14.82866577260451
lawd quit babi,14.82866577260451
sun creep town,14.802193561243318
uh-huh bumbley bee,14.802193561243318
uh-huh first flyin,14.802193561243318
uh-huh flyin moth,14.802193561243318
uh-huh laugh shook,14.802193561243318
uh-huh piec cornbread,14.802193561243318
uh-huh piec layin,14.802193561243318
knick-knack paddywhack bone,14.802193561243314
lordi lordi lordi,14.79022091957724
uncl went downtown,14.789137408417869
time mani day,14.776198352710377
knee miss mousey,14.77619835271037
miss mousey knee,14.77619835271037
mousey knee miss,14.77619835271037
handi dandi candi,14.769772083550944
next big snake,14.750663260603233
town cold bound,14.747052007050854
town cold iron,14.747052007050854
john b. stack-a-le,14.746451009316317
knick-knack paddywhack give,14.738063223823602
babe blood eye,14.688735511460035
sittin top world,14.67666267915946
ring fire flame,14.664690037493383
knick-knack dog bone,14.66469003749338
