NGRAM,VALUE,
wa-hooo wa-hooo,19383.749963727183
freddi po,9691.687489118449
wake strengthen,8940.74930508784
brr-brr brrr,8030.360844711461
troubl troubl,7771.692933249784
brrr brr-brr,7485.608761887356
boogi woogi,7263.702907571174
noel noel,7263.702907571174
knick-knack paddywhack,6455.374758515421
ho ho,6327.842437274826
lordi lordi,6002.765977542924
brrr brrr,5843.0421716499095
corrina gal,5741.1110874957385
appl suckl,5552.062159642422
noel born,5534.571422475778
play knick-knack,5342.696514204625
anywher belong,4845.374990932708
belong christ-forsaken,4845.374990932708
fennario march,4845.187505443618
juggler believ,4845.187505443618
march fennario,4845.187505443618
behold lo,4842.093837234348
lo behold,4842.093837234348
corrina corrina,4822.456109345509
locust sang,4744.228272739939
weekend weekend,4464.654444587699
handi dandi,4355.212923212698
pedro advanc,4306.333354299594
ah-a summertim,4305.750014532316
lay brass,4304.9167505685255
lay lay,4304.9167505685255
odd lost,4151.785762162353
shore driftin,4019.8935928969654
anim begin,3958.696534798675
laugh ho,3874.950027596269
burn burn,3842.6192337077273
wiggl wiggl,3794.5630130496124
face cannonbal,3633.5859562458522
roman king,3631.359583267186
winterlud winterlud,3522.4773136518675
lo behold,3443.333474017478
lamb save,3351.8079027175213
a-hoppin brook,3229.687532652231
best notifi,3229.687532652231
brazo molass,3229.687532652231
cassius clay,3229.687532652231
could-a champion,3229.687532652231
dot pug-nos,3229.687532652231
eatin eatin,3229.687532652231
final tularosa,3229.687532652231
folsom prison,3229.687532652231
freddi freddi,3229.687532652231
jug a-fil,3229.687532652231
juney bug,3229.687532652231
junip jug,3229.687532652231
march march,3229.687532652231
ruben remus,3229.687532652231
salari oblivion,3229.687532652231
tularosa rio,3229.687532652231
valeri salari,3229.687532652231
valeri vivian,3229.687532652231
vivian oblivion,3229.687532652231
vivian salari,3229.687532652231
wa-hooo wa-hooo,3229.687532652231
polli guess,3229.437524194137
pus heavi,3229.437524194137
a-run a-run,3229.312558052902
advanc businessmen,3229.312558052902
agarram vida,3229.312558052902
desk clerk,3229.312558052902
dio nos,3229.312558052902
dio vigila,3229.312558052902
durango agarram,3229.312558052902
durango vida,3229.312558052902
frontlin workingman,3229.312558052902
gregori peck,3229.312558052902
lieuten lieuten,3229.312558052902
llore dio,3229.312558052902
llore nos,3229.312558052902
llore querida,3229.312558052902
nos vigila,3229.312558052902
querida dio,3229.312558052902
querida nos,3229.312558052902
querida vigila,3229.312558052902
creation honor,3228.937590714679
forgiv one,3228.937590714679
gibraltar curtain,3228.937590714679
honor forgiv,3228.937590714679
honor one,3228.937590714679
jingle-jangl followin,3228.937590714679
jordan gibraltar,3228.937590714679
lenni bruce,3228.937590714679
mahatma gandhi,3228.937590714679
pledg hopin,3228.937590714679
properti resent,3228.937590714679
sundown u.s.a.,3228.937590714679
warehous arabian,3228.937590714679
higher burn,3228.7500544513396
noel israel,3228.7500544513396
wastin tri,3228.7500544513396
write johnni,3228.625102825529
martin luther,3228.5626306392455
mem ry,3228.5626306392455
leopard-skin pill-box,3228.1876778282876
pat swear,3228.1876778282876
johnni johnni,3227.43779400654
press press,3227.43779400654
summertim summertim,3227.43779400654
whiskey-drink marin,3227.062862999123
boogi woogi,3226.3130227996303
boogi boogi,3226.3130227996303
woogi boogi,3226.3130227996303
woogi woogi,3226.3130227996303
readi readi,3213.944870661889
suckl tree,3201.5254817436576
heavi bottl,3102.8128727342364
troubl nothin,3048.451989758664
tweedle-de dee,2987.7087644902404
acapulco goin,2980.2116065923833
brr-brr brr-brr-brr,2980.2116065923833
goin soccer,2980.2116065923833
name begin,2967.0035413373607
answer marin,2933.295915431774
answer whiskey-drink,2933.295915431774
bash ooh,2933.295915431774
ooh ooh-e,2933.295915431774
adio mi,2906.625032774136
a-run stair,2905.518881130864
wake remain,2885.9869939344467
neighborhood bulli,2884.2415147740253
juic odd,2882.7679672537997
sad-ey prophet,2880.9378924548246
rose dead,2868.8355982991743
behold lookin,2868.778088556689
desol row,2868.778088556689
knock knockin,2868.778088556689
stuck mobil,2868.778088556689
grand coule,2766.964475448088
jokerman nightingal,2766.964475448088
wake wake,2743.6539882240704
drunken hay,2729.534310153424
arabian drum,2690.4168067677006
coule dam,2690.4168067677006
creation neither,2690.4168067677006
groom altar,2690.4168067677006
jordan rock,2690.4168067677006
late a-rollin,2690.4168067677006
melancholi mood,2690.4168067677006
mem serv,2690.4168067677006
neither forgiv,2690.4168067677006
neither honor,2690.4168067677006
neither one,2690.4168067677006
rock gibraltar,2690.4168067677006
ry serv,2690.4168067677006
stetson hat,2690.4168067677006
warehous drum,2690.4168067677006
burn ring,2688.4901439433293
drunken answer,2666.2299147761373
mobil memphi,2639.915244902375
diseas conceit,2620.0088125146335
sarah jane,2603.1838791007904
ho ho,2583.250042579316
netti winter,2583.100097720758
pat garrett,2583.100097720758
sugar nohow,2583.100097720758
world war,2583.100097720758
brownsvill curl,2581.700271995762
shake shake,2549.6300361100225
mrs. henri,2538.6452260900505
brand leopard-skin,2510.132261515128
brand pill-box,2510.132261515128
hay whiskey-drink,2481.3468155934743
willi scare,2460.0477111963673
wed supper,2458.5241782380467
cornbread layin,2421.9375625826533
dexter bradley,2421.9375625826533
dot moonbeam,2421.9375625826533
driftin driftin,2421.9375625826533
fifteen juggler,2421.9375625826533
moonbeam pug-nos,2421.9375625826533
seaport canadee-i-o,2421.9375625826533
smith wonderin,2421.9375625826533
soccer fun,2421.000109800549
b. stetson,2420.765875385574
name anim,2418.42287698213
speak dare,2371.3012865169135
narrow work,2360.9693858384762
mr. bojangl,2354.453483305112
mama stuck,2346.545927015736
strengthen remain,2346.545927015736
stuck memphi,2346.545927015736
ira hay,2328.2651536300127
brr-brr brr-brr,2308.8496852105213
brrr etc.,2305.759119500421
grand dam,2305.759119500421
lowland prophet,2305.759119500421
prophet warehous,2305.759119500421
indian marin,2303.795406853415
whiskey-drink indian,2303.795406853415
clean-cut killer,2294.311615231898
rainin leve,2275.8540661680695
round spin,2269.099376935619
hay answer,2255.35920323147
doin dump,2241.640831824136
bojangl danc,2197.0754145489723
older younger,2195.9709066913015
santa claus,2161.7476572268583
alon stone,2152.29180534673
herald sing,2152.29180534673
plow hold,2150.708888217828
stop cri,2100.657426902684
answer indian,2093.9457366636047
odd end,2074.553915729343
clay joey,2067.316301068263
bucket bucket,2066.120154804747
forty-on forty-on,2066.120154804747
duquesn blow,2053.187961112918
hello vivian,2038.381731017454
b. hat,2017.2658676587434
save grace,2017.2658676587434
sundown sure,2017.2658676587434
sundown union,2017.2658676587434
u.s.a. sure,2017.2658676587434
union u.s.a.,2017.2658676587434
william zanzing,2017.2658676587434
work maggi,2004.5507381033117
iron bound,1976.0622285705015
drunken ira,1969.994276441418
live polit,1969.994276441418
best kin,1937.2875936025575
booth thousand,1937.2875936025575
bumbley bee,1937.2875936025575
frog a-hoppin,1937.2875936025575
frog brook,1937.2875936025575
grand final,1937.2875936025575
grand tularosa,1937.2875936025575
gutter thank,1937.2875936025575
isi drive,1937.2875936025575
junip watch,1937.2875936025575
loot trout,1937.2875936025575
notifi kin,1937.2875936025575
phone booth,1937.2875936025575
thousand booth,1937.2875936025575
watch a-fil,1937.2875936025575
watch jug,1937.2875936025575
dum dee,1936.1253403948015
tri cri,1936.1253403948015
jokerman tune,1936.0878744951378
save save,1936.0878744951378
claus lane,1913.000141911839
lo lookin,1911.3340366168122
peggi day,1911.3340366168122
goin goin,1907.6860292327963
highway 51,1881.8338675191762
beyond horizon,1875.0188124581298
aris cobweb,1844.5716089494906
drown watered-down,1844.5716089494906
go-yeah pat,1844.5716089494906
go-yeah swear,1844.5716089494906
herald newborn,1844.5716089494906
lag behind,1844.5716089494906
netti moor,1844.5716089494906
philosoph critic,1844.5716089494906
philosoph fear,1844.5716089494906
gaze chime,1843.750423705254
minstrel coin,1843.750423705254
jolen queen,1842.9650074474998
stuck insid,1842.9650074474998
ol frisco,1816.1133912988962
shoulder stripe,1816.1133912988962
stripe shoulder,1816.1133912988962
stripe stripe,1816.1133912988962
ugli ugli,1813.6767721281356
lawd lawd,1812.4587932006746
twenti iron,1796.1369636584602
curtain risin,1792.882239434836
groom waitin,1792.882239434836
pave park,1792.882239434836
risin groom,1792.882239434836
senor senor,1792.882239434836
babe blood,1776.7944643304616
bottl bread,1771.1001746380882
broke-down engin,1759.8413465350327
earli roman,1751.9304203108634
serv somebodi,1750.3735475350627
hole-in-the-wal sarah,1721.6667563439853
mcmillan sarah,1721.6667563439853
ho cap,1721.533500404588
behold man,1721.4668801700354
chang less,1721.4668801700354
gandhi luther,1721.4668801700354
gandhi martin,1721.4668801700354
heal crippl,1721.4668801700354
mahatma martin,1721.4668801700354
roll tumbl,1721.4668801700354
solid rock,1721.4668801700354
knock knock,1719.867472566363
gate eden,1719.8341876019672
treat unkind,1706.7914730907823
sang locust,1705.5240150547236
