NGRAM,VALUE,
wa-hooo wa-hooo wa-hooo,890751757.7029549
freddi freddi po,445410816.18459225
wa-hooo wa-hooo wa-hooo,334124167.12440217
fennario march fennario,334046621.12445056
rosi face cannonbal,250536040.6141509
fennario march march,222717368.89751577
march march fennario,222717368.89751577
refus sugar salt,197945651.9770959
valeri vivian salari,148505366.99904695
vivian salari oblivion,148505366.99904695
noel noel born,143186202.71181878
dio nos vigila,111409178.37365095
llore dio nos,111409178.37365095
querida dio nos,111409178.37365095
durango agarram vida,111391944.70667474
llore querida dio,111391944.70667474
llore querida nos,111391944.70667474
querida dio vigila,111391944.70667474
querida nos vigila,111391944.70667474
dot moonbeam pug-nos,111381175.04060425
anywher belong belong,111359157.36626425
belong belong christ-forsaken,111359157.36626425
back-io a-run stair,100235297.92817505
face cannonbal waist,100224750.24613775
honor forgiv one,89141124.79790106
junip watch jug,89127341.7327146
watch jug a-fil,89127341.7327146
grand final tularosa,89117384.0806677
best notifi kin,89117001.53252499
frog a-hoppin brook,89117001.53252499
horn wa-hooo wa-hooo,83560118.71947284
boogi woogi boogi,83543942.51871347
cure ill wake,77086183.81809154
creation neither honor,74290011.9423541
neither honor forgiv,74290011.9423541
neither forgiv one,74275649.71964279
jordan rock gibraltar,74271340.08049971
neither honor one,74271340.08049971
warehous arabian drum,74271340.08049971
lo behold lookin,74252981.44151232
san pedro advanc,74240826.11059265
odd end lost,71594902.63214776
a-run stair a-run,69611878.16402249
field lay a-keep,66808884.455116585
shepherd field lay,66808884.455116585
summertim ah-a summertim,66009078.8895984
juggler five believ,65994645.34190297
higher burn burn,63665857.14649459
noel born israel,63657140.05072537
mem ry serv,61924853.04809253
found fennario march,60746316.93300755
ho ho cherri,59402134.77806019
sundown u.s.a. sure,55713189.872020625
sundown union u.s.a.,55705652.22622232
horn wa-hooo wa-hooo,55697285.86405003
ho ho ho,55691735.91210622
wa-hooo wa-hooo ride,54019388.269837804
laugh ho ho,53488101.90882536
phone booth thousand,53474559.61712564
thousand phone booth,53471801.16362824
grand coule dam,53082545.30271422
burn burn ring,53058377.06593999
brrr brr-brr brrr,51918242.87992771
netti moor winter,50928912.93160901
wake strengthen remain,49887734.52115672
corrina gal corrina,49549429.39995736
gal corrina gal,49548926.08174261
brand leopard-skin pill-box,49532407.36538605
vivian water oblivion,49530504.66699322
agarram vida desert,49512305.60944659
vivian salari water,49507522.33267318
salari water oblivion,49507519.332499094
cane brazo molass,49504968.0732656
write johnni johnni,49496131.96447814
bessi smith wonderin,47738471.23130292
mahatma gandhi martin,47565246.26270016
wake wake strengthen,47475221.93098485
b. stetson hat,46450814.63267071
pedro advanc spirit,45687760.12874798
natur forgiv one,44587787.56545744
frontlin bit workingman,44584343.749834314
cell could-a champion,44580900.36731434
creation natur honor,44579169.56489311
natur honor forgiv,44579169.56489311
higher burn ring,44566733.44292009
natur honor one,44566239.647218786
herald sing newborn,42444039.69693785
arthur dexter bradley,41791359.953373834
piec cornbread layin,41791359.953373834
groom waitin altar,41265033.43837556
speak dare multitud,40922991.39398731
answer whiskey-drink marin,40535119.579993226
found march march,40513643.08913242
gandhi martin luther,39652921.723383926
sugar brain nohow,39630524.592289396
netti happi winter,39610604.59096805
ho cherri cap,39603138.133685075
march fennario captain,39311000.28226765
jokerman nightingal tune,38204057.38131847
isi mystic drive,38189136.83957856
noel noel noel,37221115.86501585
woogi boogi woogi,37165087.11014135
natur neither honor,37156483.17889542
natur neither one,37144987.84446152
creation natur neither,37139245.17772813
natur neither forgiv,37139245.17772813
go-yeah pat swear,36416646.56438835
philosoph critic fear,36377082.96437892
stuck mobil memphi,36034086.00665271
dude think winterlud,36010645.59282197
brownsvill curl teeth,35641951.39925595
sundown union sure,34836895.74107658
union u.s.a. sure,34824101.07843847
durango agarram mi,34303601.34716126
llore mi nos,34303601.34716126
mi nos vigila,34303601.34716126
mi querida dio,34303601.34716126
mi dio nos,34298297.75694732
advanc spirit businessmen,34283880.559053265
durango mi vida,34280394.90928657
llore mi dio,34280394.90928657
mi dio vigila,34280394.90928657
mi querida nos,34280394.90928657
agarram mi vida,34279727.8063691
llore mi querida,34279727.8063691
mi querida vigila,34279727.8063691
name anim begin,34205979.493083574
behold lookin lo,33004356.97358118
fifteen juggler five,32997393.529953077
jordan east gibraltar,32098373.366374165
whiskey-drink indian marin,31860703.667167503
philosoph disgrac critic,31838561.106102277
philosoph disgrac fear,31836101.39198696
juic odd end,31830098.701508403
goin acapulco goin,31640525.662936024
hay answer whiskey-drink,31184464.685396217
sweetheart doin dump,30958943.065154325
play knick-knack paddywhack,30750191.03555723
cornbread layin shelf,30398412.114430703
jug a-fil moonlight,29728641.402321815
roll best notifi,29728641.402321815
brr-brr brrr brrr,29218415.911986962
answer indian marin,28975472.686959572
answer whiskey-drink indian,28957558.397408802
meet lag behind,28661353.006181583
ho ho ho,28564427.67211604
drunken hay answer,28355996.2837986
stuck insid mobil,28314056.44750299
netti moor happi,28305318.644975457
willi scare way,28283163.918075815
best notifi wheel,27875987.607337315
stair a-run stair,27855208.05057896
go-yeah pat swear,27338723.425658986
brrr brrr brr-brr,26839275.153952785
east rock gibraltar,26773340.938407484
solid rock foundat,26750593.878933102
jordan east rock,26745539.588102177
loot catch trout,26735602.91022135
arabian drum gate,26543930.743730314
knock knock knockin,26426448.861682024
lookin behold man,26409613.401463557
forgiv one see,26242299.06081768
name mahatma gandhi,26242299.06081768
march march captain,26223157.24368447
done done stay,25478725.29514516
u.s.a. sure idea,25332487.603112742
william zanzing philosoph,25088586.845036563
zanzing philosoph disgrac,25078518.71064226
lo behold lo,24792037.55878672
dio nos hors,24784396.901704237
hors durango agarram,24784396.901704237
nos vigila hors,24780566.160372913
desert danc fandango,24774815.232571952
summertim summertim marri,24768581.656220302
summertim summertim stranger,24768581.656220302
dio vigila hors,24760451.13909524
papa write johnni,24752434.7205709
sugar salt flood,24746544.98131275
columbia grand coule,23917689.346028984
odd end lost,23890918.776148174
direct complet unknown,23883275.396901876
juic odd end,23878506.73652523
laugh fat side,23876150.062849343
end odd lost,23871994.151968736
west jordan gibraltar,23771289.912311263
call jack-a-ro waist,23582944.23205147
leopard-skin pill-box hat,23487201.263591215
valeri hello salari,23479958.88199026
final tularosa alley,23469574.6680448
freddi po boy,23466375.91290388
hello vivian salari,23462260.667129185
tularosa alley rio,23461408.158112146
play jingle-jangl followin,23459985.10450583
valeri hello vivian,23457719.630933814
hello valeri vivian,23455459.352192298
heaven knock knockin,23312946.345936388
knock knockin heaven,23312946.345936388
arabian drum sad-ey,23235364.854195356
mama stuck insid,23169619.136084348
stuck insid memphi,23165146.06282978
gibraltar page curtain,22962758.77634992
solid made foundat,22918443.205958232
bowl soup wiggl,22906930.451241132
satin silk wiggl,22906930.451241132
moor happi winter,22642496.770053364
martin luther king,22312843.91093495
pat garrett number,22307959.201950666
pretti polli guess,22294304.632549297
noel king israel,22289041.887559656
corrina corrina gal,22065028.500313416
noel born king,21483950.189715568
pat swear step,21253606.70020841
gaze chime freedom,21234202.651999168
blow wa-hooo wa-hooo,21232829.7361865
flame higher burn,21228712.82060058
drunken ira hay,20985661.048472196
miss netti winter,20972738.337567113
rip lo behold,20933260.394869145
end end lost,20890820.477303334
belong bodi christ-forsaken,20889624.383247737
insid mobil memphi,20613911.01345244
save lamb save,20578062.548167627
drunken ira answer,20499639.616868872
odd odd lost,20479511.555999853
troubl troubl troubl,20451066.83494831
ruben remus doctor,20282847.627873532
salli sue brown,20270304.169258863
winterlud dude think,20270304.169258863
troubl troubl nothin,20197786.223062042
ho ho ho,20090672.630783167
happen mister jone,20070184.1508295
lowland sad-ey prophet,19900622.70773794
sad-ey lowland prophet,19898702.23883664
west rock gibraltar,19837752.1341156
behold lookin behold,19817539.835041013
west jordan rock,19815246.540178634
ho ho nose,19810473.297113325
lo behold man,19809501.82987999
herald sing glori,19807970.14124697
lag behind boot,19600151.86232919
ill wake strengthen,19353572.44474046
wander desir wake,19272653.566671293
rock gibraltar page,19135626.884834208
solid rock made,19117531.93553578
higher burn ring,19112489.80641223
rock made foundat,19103130.20090592
pail milk wiggl,19089476.09340762
lay lay brass,18611257.44910706
u.s.a. sure til,18589722.197028834
lay lay lay,18588276.558945473
usual usual rock,18575353.56214837
believ lawd day,18560819.923698902
appl suckl tree,18374487.27261493
brand pill-box hat,18253688.30442891
brand leopard-skin hat,18250870.142540757
disgrac critic fear,18199079.9052584
critic fear rag,18194155.33351841
sure idea greed,18095322.54406336
watch jug moonlight,17839243.442766756
merri merri merri,17830277.77454386
watch a-fil moonlight,17825452.30847249
ira hay answer,17343592.52155849
earli roman king,17254624.491447993
bottom lag behind,16995006.010179922
herald glori newborn,16991062.08486221
call drunken hay,16990435.242284067
mahatma gandhi name,16811469.337957192
notifi kin wheel,16711683.520894744
best kin wheel,16711358.05233055
lay junip watch,16711358.05233055
clean-cut kid killer,16695663.642920043
duquesn whistl blow,16689293.075128585
ah-a summertim summertim,16564719.21975911
herald angel sing,16512136.945764177
properti resent bone,16511424.779653942
instead speak dare,16381950.522350533
hole-in-the-wal sarah jane,16230260.239312507
mcmillan sarah jane,16230260.239312507
dream titan sink,16218740.074904257
john stetson hat,16169908.1811297
mr. a-hoppin brook,15943912.213476775
play final tularosa,15932246.000340044
disgrac critic rag,15924190.721270377
disgrac fear rag,15919266.149530383
gambl momma done,15913359.990999635
brazo ground molass,15912947.35982531
brrr brr-brr brr-brr-brr,15866187.738498019
curtain risin age,15862494.208457934
risin age groom,15862494.208457934
brr-brr brrr brr-brr-brr,15859534.498495132
age groom waitin,15850810.396984495
curl teeth pearl,15850660.155543786
ev'ri ol frisco,15679021.133908559
hang pictur frame,15675536.794756051
pave paradis park,15480951.732156744
adio mi corazon,15437662.016870582
tie knot wake,15426175.340284381
jokerman nightingal bird,15286921.80080813
agarram mi desert,15251925.531493748
mi vida desert,15241609.022851955
