NGRAM,VALUE,
work someday,42.05430651978772
narrow work,40.90193057549931
long narrow,33.393899708659795
way work,28.696630908840298
scarlet town,25.984042788715424
long way,21.39397992430716
duquesn blow,21.217959846521648
roll john,20.556490821097476
sure someday,20.210544757349602
narrow sure,19.717489250395772
long time,19.27345105108875
roman king,19.103702806873418
burn roll,18.49068153094888
earli roman,17.952369030151903
bright john,17.87817042657492
bright roll,17.87817042657492
road narrow,17.07239621804701
spin old,16.907861010714473
black magic,16.86101766046785
work sure,16.593234286243547
sure work,16.593234286243543
move burn,16.360669216382046
round spin,15.905797184949545
burn bright,15.826378441549377
burn john,15.826378441549377
move bright,15.826378441549377
move john,15.826378441549377
move roll,15.826378441549377
shine burn,15.826378441549377
shine move,15.826378441549377
earli king,15.356100827858663
whistl blow,15.339595646886472
shine bright,15.29259787080369
long long,15.197283927641507
light burn,14.93614446551432
light move,14.93614446551432
spin 'm,14.90899122734032
call spin,14.55680117468656
light bright,14.403384693571883
light roll,14.403384693571883
listen duquesn,14.403384693571883
shine light,14.403384693571883
old magic,14.21150912716735
way sure,14.119353624420448
time gone,14.057288183512544
road work,13.975789271562505
listen blow,13.792225092645475
whistl blow,13.792225092645475
long road,13.604989801868395
way someday,13.588301360636518
magic call,13.263471332814794
old black,13.204578049591
narrow way,13.107032448619416
long sure,13.07939697551166
listen blow,13.06850675190974
duquesn blow,13.024939787786256
listen whistl,12.8054428791054
black call,12.497206631417095
work work,12.495063856416184
tri chang,12.410652099198154
duquesn whistl,12.040199041641058
blow blow,11.868245189330445
night day,11.776785320556534
pay blood,11.77509431144277
road way,11.538872003776543
melancholi mood,11.39636300154105
blow like,11.254012971761632
duquesn like,11.093945466971498
love spin,10.849596005910687
spin love,10.849596005910687
full moon,10.77897553010682
road long,10.520530032101838
old call,10.481735242604152
babi round,10.378298824252077
comin gone,10.362678209072396
call love,9.995706245517527
whistl blow,9.96792835281389
let love,9.779478791893602
dream titan,9.562294844644393
nothin heaven,9.562294844644393
nothin roll,9.562294844644393
roll heaven,9.562294844644393
somebodi need,9.562294844644393
fight em,9.493863843628088
magic love,9.475750614689488
love old,9.412907541729812
blow like,9.374036210376296
meet round,9.334347066341827
lean year,9.285411300927496
wrong wrong,9.136517312083498
long work,9.088688750116155
wrong along,9.085586311075664
dream sink,9.058478872429516
titan sink,9.058478872429516
fool want,8.980792867414523
spin black,8.861638432894384
love black,8.729493183619784
lucki nothin,8.657296096406276
rememb today,8.657296096406276
black love,8.614197940142335
spin spin,8.58727060519829
soon midnight,8.555172194847508
whistl like,8.408741546581048
watchman dream,8.323930030729093
watchman lay,8.323930030729093
dream dream,8.323930030729091
would need,8.308797744313662
love spin,8.249200810560636
year know,8.243497500153172
around heaven,8.038764179797203
nothin around,8.038764179797203
roll around,8.038764179797203
mayb 'm,7.990566839406226
love way,7.973076391676228
hear blow,7.923233564540044
mine round,7.754335045659396
round love,7.754335045659396
mayb mayb,7.62774289091713
crowd room,7.6024326831162545
dot moonbeam,7.6024326831162545
dot pug-nos,7.6024326831162545
enchant even,7.6024326831162545
folsom prison,7.6024326831162545
moonbeam pug-nos,7.6024326831162545
sun nothin,7.568485006644696
sun roll,7.568485006644696
even may,7.54431458444663
clown chang,7.477238093403403
time comin,7.476565803037304
comin time,7.476565803037303
love 'm,7.40898142035822
spin magic,7.405995647645358
need wrong,7.369679774627802
wrong without,7.369679774627802
need good,7.189140154765371
call love,7.137841865121331
empti arm,7.1290213865765715
somebodi unless,7.116967958369893
lay dream,7.09015120451919
comin long,7.0901351255727345
long comin,7.0901351255727345
magic love,6.889735140388759
mayb nevertheless,6.871342647177215
wrong right,6.869431591350447
dot dream,6.7516428220582405
moonbeam dream,6.7516428220582405
pug-nos dream,6.7516428220582405
year may,6.732683442986117
lot thing,6.729894781456155
rememb said,6.729894781456155
rememb thing,6.729894781456155
lucki sun,6.669602467682795
love vain,6.661365685882419
good-by love,6.6613656858824175
cold grow,6.632012301397892
deep lot,6.632012301397892
deep rememb,6.632012301397892
grow cold,6.632012301397892
grow grow,6.632012301397892
lot rememb,6.632012301397892
would word,6.597993900340325
clown tri,6.54382750668321
young heart,6.538634074228275
across crowd,6.458637276900076
across room,6.458637276900076
meet mine,6.458637276900075
� long,6.400378545304501
like earli,6.374690321488314
someday deep,6.267196362470627
someday lot,6.267196362470627
old nothin,6.248625582400618
old roll,6.248625582400618
rather noth,6.097786768718877
time time,6.064224991445922
king earli,6.057189879273033
sun around,6.057189879273033
lot today,5.974700144368347
night call,5.952597994644997
'm magic,5.880070884091879
said today,5.836116237171798
thing today,5.836116237171798
tear cloud,5.820269803177601
see stranger,5.755242115740991
sure way,5.746680305674822
dream deep,5.730600441176723
dream lot,5.730600441176723
dream rememb,5.730600441176723
dream titan,5.730600441176723
lay dream,5.730600441176723
put fire,5.730600441176723
call day,5.6959197523321965
heaven day,5.6959197523321965
nothin day,5.6959197523321965
roll day,5.6959197523321965
girl someday,5.61090298929565
earli earli,5.593033156427962
duquesn whistl,5.509585003587261
magic spin,5.436883374192225
scarlet born,5.375758604524502
someday dream,5.367312872706442
lucki old,5.358934928189215
fade tear,5.337861430522127
lip mine,5.319425814594364
round round,5.319425814594364
want want,5.319425814594364
good year,5.219813880149161
'm black,5.1703442276776315
dead lost,5.158408692750762
town born,5.139860621141535
old love,5.1371139482315735
need way,5.083942495950295
fade left,5.028196453765173
black spin,5.0250928869704214
home long,4.996139200976723
love fade,4.971037955664033
nevertheless love,4.971037955664033
'm call,4.922813134821935
em fight,4.813118356875156
full empti,4.813118356875156
must wrong,4.714446447719553
alway tri,4.685645789551534
right wrong,4.666948531096065
gone dawn,4.660002781270432
like duquesn,4.597690176159816
blow blow,4.555397318727105
deep thing,4.555397318727105
lot said,4.555397318727105
town scarlet,4.539014735141044
full arm,4.5341424751504436
long gone,4.465997929473501
never let,4.44825242378162
arm moon,4.40165528277322
bed head,4.378021238820922
tell someon,4.378021238820922
'm old,4.347071084969117
old sun,4.300763480229075
next one,4.2804456352537406
'm fool,4.253027576079885
much long,4.239261677890547
around day,4.215295591718073
went would,4.11464659889855
love love,4.098767593231775
want love,4.098767593231775
roman earli,4.076286946637295
saw saw,4.056456723318734
thing said,3.959276775474059
noth love,3.9504910576998604
'm 'm,3.931014734882548
sad moon,3.90930608099821
nevertheless 'm,3.881435188298552
like king,3.8617485530358717
like roman,3.8617485530358717
unless way,3.807675738819822
left tear,3.7518947645230902
em em,3.7360996287240456
side side,3.7360996287240456
time time,3.7233140026077836
fool hold,3.59248228878755
gentl long,3.5320796816464326
hold kiss,3.449375837163962
love tear,3.2802331756161855
away would,3.2786553515411807
deep love,3.25471730970348
love lot,3.25471730970348
love rememb,3.25471730970348
scarlet scarlet,3.1904031874833136
moon empti,3.131941345299218
wrong must,3.0919080826246184
'd went,3.072326429312508
alon long,3.0372316538717907
'm want,3.036989233408779
someday mayb,2.9637000234933035
time leav,2.906264517429941
someday love,2.90626451742994
love left,2.8930455343060393
like hear,2.890635106312261
like lucki,2.890635106312261
moon arm,2.863183235494947
way good,2.833582004978351
town town,2.7390430262296803
one day,2.642251186161821
may see,2.639549714238611
girl time,2.6301356307110666
time girl,2.6301356307110666
blow blow,2.5405683367249976
may road,2.4607965151638425
'm weak,2.4537102057137767
hand long,2.4466079453166443
dream love,2.402407445768682
home time,2.402407445768682
never never,2.357189551474641
'm mayb,2.3403212911770366
went away,2.3367791296294973
love thing,2.318851485655429
time said,2.318851485655429
like listen,2.2936814885649515
'm love,2.2602183275623853
like old,2.2180707137277427
heart never,2.2033588494632257
time would,2.2033588494632257
