NGRAM,VALUE,
way work someday,1079.5494194022153
narrow way work,1055.8768368053263
sure work someday,955.6981427223004
narrow sure work,939.8645353753573
long narrow way,903.859502156834
work work someday,864.0374102624919
narrow work work,840.3262391328328
bright roll john,802.2579707222995
work sure work,792.7448270643986
move roll john,791.8812681869497
long narrow sure,786.1442405131069
way work sure,782.9935370902253
work sure someday,761.8439227160452
narrow work sure,751.4979027009263
burn roll john,747.5612706173612
burn bright roll,744.1650087200421
long long narrow,737.526517387028
move burn bright,733.9689227670784
move burn john,733.9689227670783
road long narrow,731.8998854603894
road way work,728.8048688972913
long work sure,726.4477702492002
earli roman king,724.151318769736
long narrow work,719.062391130849
light move burn,715.5447576207862
shine burn bright,706.1815691126851
light bright roll,696.9886090553805
old black magic,694.3292548909869
way sure someday,688.8889191006438
black magic call,688.1658070509865
move burn roll,688.1399026498518
shine move burn,688.1399026498517
move bright roll,684.1763675170148
shine light bright,676.3471094957082
narrow way sure,673.1192330962308
move bright john,670.3432814060732
burn bright john,670.3432814060731
road narrow work,668.9792300717921
listen duquesn blow,667.737015342437
shine light move,666.2191104148823
light move roll,666.2191104148822
shine move bright,663.9799360956706
light burn bright,651.9283081405458
duquesn whistl blow,643.2823537698075
light move bright,642.7696721756352
way sure work,642.1843454374567
listen duquesn blow,639.9895696421339
light burn roll,636.4063268652326
shine light burn,636.4063268652326
way work work,628.5455249699912
road narrow way,618.7311530801041
duquesn blow blow,617.7559475640543
long road way,611.744987682256
long road narrow,610.9758079580968
long road long,609.8715225800972
road long work,605.9398663692621
listen duquesn whistl,601.1669477028979
duquesn blow like,597.4677999399718
listen blow blow,593.2337661461858
listen whistl blow,576.1885930351
whistl blow blow,573.2199636376731
black magic love,568.5181430092105
listen whistl blow,566.5940489387104
long way work,564.118576244149
old magic call,558.7319637531788
spin black magic,557.5813979859832
long way sure,550.6244589281041
scarlet town born,548.7599602837322
duquesn whistl like,543.5458202547693
duquesn whistl blow,542.4300915718096
old black call,541.7221562634759
magic call love,531.2584263074884
long long way,529.2690962366989
whistl blow like,524.1189911902827
long long time,508.3918740245823
blow blow like,507.1648259107013
love old black,506.7275341960317
scarlet town town,506.53181694907005
scarlet scarlet town,505.5931599880739
'm black magic,503.22765579158875
black magic spin,502.4910686128061
duquesn blow like,500.0873795364201
spin love spin,497.38395003880646
scarlet town scarlet,495.0533529458292
town scarlet town,490.8045882309838
roll john roll,489.08586573119584
spin old black,474.61893192973497
spin love old,472.2161731653651
road long way,469.2200600114507
call love spin,469.10079742701873
roman king earli,456.01165108116976
whistl blow like,455.8351533690304
black call love,454.1619173980117
magic call love,453.70631527441526
old black love,449.5407614735525
like roman king,449.32690186382945
long time comin,447.15497671766093
love spin black,447.0615892553178
spin 'm old,442.59401279702774
comin long time,441.2702470388067
call love spin,437.9069188538861
like earli roman,435.96517118829854
like listen duquesn,435.863460837478
love spin 'm,433.3583478030117
'm magic call,432.83887094909403
earli roman earli,425.78755140080443
love spin old,418.3772655850606
round love spin,412.15564824012426
round spin love,412.15564824012426
dream titan sink,411.92708678384116
magic call spin,409.7352739167684
'm old black,406.7935925988979
magic spin love,403.3864298392107
spin old magic,402.75291103153376
nothin roll heaven,399.65870214811014
duquesn whistl blow,397.606480071765
old magic love,394.2292686416089
long time gone,393.5662854990476
nothin roll around,391.5768868208868
hear duquesn blow,388.7882294024232
spin spin old,384.9567846103598
old call love,380.35121689572463
spin love 'm,379.9138975731363
call spin love,373.87823732025157
long time long,369.7705589919241
time comin long,367.41864544863733
long time time,365.41633033777384
sun nothin roll,364.2584167000821
time long time,363.6599864090848
whistl blow like,361.6208409448425
clown tri chang,361.2565439120158
round spin spin,361.005450160976
love spin love,360.0502960390794
round round spin,358.2375526490571
roll around heaven,357.2831273812734
spin 'm magic,356.747357197357
nothin around heaven,353.90302046983936
nothin roll day,347.4194548051711
meet babi round,346.57946998882807
call love love,346.3475007365844
spin spin 'm,345.2719475830336
call spin spin,344.767924501029
spin 'm black,342.6866583863517
watchman lay dream,342.4958925720279
old nothin roll,339.414673331992
'm old magic,338.23343805817177
time comin time,336.95032425932675
comin long gone,334.9422743280707
round spin 'm,334.79366102196826
long comin long,332.85058589496816
dream dream titan,328.40816086049796
babi round spin,326.55009792085394
love 'm black,325.18923809941407
meet mine round,324.6818002395603
'm black call,324.49665452616534
lucki sun nothin,324.4574324553449
time comin gone,323.7328318179566
home long time,320.544775377065
black call spin,320.4153055229274
comin time gone,318.5606059525803
love love spin,317.4973789781976
earli king earli,316.83707217826924
around heaven day,316.80938660617636
dot moonbeam pug-nos,315.27197664524573
dot moonbeam dream,314.93750416920255
love spin 'm,314.8036820773358
like earli king,314.46670268116577
hear whistl blow,313.81406283068594
sun roll around,309.664927171602
across crowd room,309.1968431902327
tri chang fairi,307.32955059714493
rememb thing today,300.6284156676138
babi round love,300.28537292599253
mine babi round,300.28537292599253
sun nothin around,300.12774513519855
lot rememb thing,300.11614519142177
magic love love,298.40944129708083
dot pug-nos dream,294.43240263229126
night call day,293.63719816788387
roll heaven day,293.10356106379345
lucki old nothin,291.9058376657236
rememb said today,291.10251868785303
moonbeam pug-nos dream,289.1001761170328
love 'm old,287.32060042736964
lot rememb today,285.09839393356947
night day strip,284.2969676199678
lot thing today,282.6676254846596
roll around day,279.1355202551288
nothin heaven day,278.69597188669485
lay dream dream,276.46860718439353
magic love spin,275.29400873729764
deep lot rememb,274.0546774208308
full moon empti,271.1958560365234
dream lot rememb,271.0396187280478
full moon arm,268.46579243274505
lot said today,265.8866455731346
wrong along without,265.3270710277736
someday deep lot,263.4131368171475
nothin around day,262.4934928647986
long comin time,262.4283830659137
lot rememb said,262.1363896631288
deep rememb thing,261.61113039978824
deep lot thing,259.6945720367987
time time gone,259.30454852741366
full empti arm,258.83132428338257
old sun nothin,257.15936180856517
rememb thing said,256.83733832183805
someday dream lot,256.32559952049434
dream deep rememb,254.3853517507384
blow like blow,254.23364793191854
'm old call,252.38275393410095
would need word,250.76572613509467
dream deep lot,248.64806104667127
old sun roll,247.54672596666518
someday dream deep,247.0767916086396
love spin spin,245.07675943147538
black love spin,243.325370559812
moon empti arm,242.17742663113523
thing said today,238.23936441540832
lucki old sun,238.21285771284235
lean year may,236.67247070821313
lot thing said,235.281208195384
mine round spin,232.14066737869427
good lean year,231.31743744107408
blood night day,229.3333822902108
grow cold grow,225.18076658482127
love lot rememb,224.9370561378354
need wrong right,224.42607404982462
wrong right wrong,223.73086984567905
must wrong along,222.7022234141038
love rememb thing,221.6255521586288
sure love way,220.214797785474
love fade left,220.21267172094787
someday love lot,217.76206876911738
year may know,215.89236176733604
alway clown tri,214.1695242551863
fight em whiskey,213.59383892056334
love lot thing,207.79468602991204
dream deep love,207.61342017610684
'm fool want,207.48925876605992
time long gone,207.36531722826913
fade left tear,205.39534739588441
love fade tear,203.00554672231266
mayb nevertheless 'm,197.8747644697641
away would need,197.50999763903695
high fight em,197.31027515135173
like lucki old,192.45609145614216
deep love thing,186.67231770387497
wrong must wrong,185.8156713470568
deep love rememb,185.66304830691269
dream love rememb,185.22186249473032
someday deep love,178.48806093819462
love love 'm,176.45020752723735
someday dream love,174.74153074840743
deep love lot,173.74874054118536
cold grow weari,172.68336683638643
dream love lot,168.33941234518417
lost grow cold,166.06598930440148
love left tear,159.69948933027027
mayb 'm 'm,158.83425511784907
love rememb said,158.121804829189
gentl pray long,150.3981930961165
'm love way,149.93835809480328
fool hold seek,149.5563561029805
sure 'm way,148.47194977285227
nevertheless 'm love,147.8752945555077
went away would,147.33589012261496
love thing said,145.58668744987415
love lot said,135.48400210722502
'm fool hold,132.9656643647907
saw dug long,120.64296424524215
time 'd leav,118.01121503989523
time said leav,107.29923205331417
time said 'd,85.93150600356728
