NGRAM,VALUE,
freddi po,6584.437483983941
wake strengthen,6315.7189755618765
troubl troubl,6305.369198503996
anywher belong,3950.2874854084425
belong christ-forsaken,3950.2874854084425
appl suckl,3770.3255677017505
lamb save,3701.1445487253504
shore driftin,3550.0387759027644
lay lay,3509.4000257227713
troubl nothin,3397.9450433919314
suckl tree,3354.1349516474734
behold lo,3288.4688785226904
lo behold,3288.4688785226904
locust sang,3221.0666651238116
weekend weekend,3031.090651067239
handi dandi,2956.9506234824303
eight nine,2925.33336419901
ah-a summertim,2924.750021405837
lo behold,2924.083371418444
lay brass,2923.9167902091363
odd end,2820.1072133470675
odd lost,2820.1072133470675
sad-ey prophet,2740.468841475126
anim begin,2687.5490498221757
rose dead,2645.0652140453976
wiggl wiggl,2573.6478038185774
heavi bottl,2490.7389895728725
roman king,2466.140931648435
mrs. henri,2396.5190256574924
winterlud winterlud,2392.5682420784783
peggi day,2226.920955653311
neighborhood bulli,2196.3181477764283
best notifi,2193.9375480645954
cassius clay,2193.9375480645954
eatin eatin,2193.9375480645954
freddi freddi,2193.9375480645954
salari oblivion,2193.9375480645954
valeri salari,2193.9375480645954
valeri vivian,2193.9375480645954
vivian oblivion,2193.9375480645954
vivian salari,2193.9375480645954
pus heavi,2193.6875356192186
-lrb- -rrb-,2193.562585457902
frontlin workingman,2193.562585457902
netti moor,2193.562585457902
creation honor,2193.1876335431793
forgiv one,2193.1876335431793
gibraltar curtain,2193.1876335431793
honor forgiv,2193.1876335431793
honor one,2193.1876335431793
jingle-jangl followin,2193.1876335431793
jordan gibraltar,2193.1876335431793
lenni bruce,2193.1876335431793
lowland prophet,2193.1876335431793
pledg hopin,2193.1876335431793
properti resent,2193.1876335431793
prophet warehous,2193.1876335431793
sundown u.s.a.,2193.1876335431793
warehous arabian,2193.1876335431793
soccer fun,2193.000080174729
mem ry,2192.8126923240798
leopard-skin pill-box,2192.437761804255
behold lookin,2192.062841987358
press press,2191.687932877042
summertim summertim,2191.687932877042
readi readi,2178.1983663711867
wake remain,2037.4995057419708
tweedle-de dee,2028.6811903837527
acapulco goin,2024.1347156990144
goin soccer,2024.1347156990144
treat unkind,2017.0488143364023
wake wake,2013.8533969327507
name begin,2013.643412851603
bash ooh,1991.7052240511016
ooh ooh-e,1991.7052240511016
spend peggi,1989.166985757124
juic odd,1957.9912335258584
desol row,1948.1115686606404
knock knockin,1948.1115686606404
stuck mobil,1948.1115686606404
jokerman nightingal,1879.178850747412
arabian drum,1827.2918729107355
creation neither,1827.2918729107355
doin dump,1827.2918729107355
groom altar,1827.2918729107355
highway 61,1827.2918729107355
jordan rock,1827.2918729107355
late a-rollin,1827.2918729107355
mem serv,1827.2918729107355
neither forgiv,1827.2918729107355
neither honor,1827.2918729107355
neither one,1827.2918729107355
rock gibraltar,1827.2918729107355
ry serv,1827.2918729107355
warehous drum,1827.2918729107355
jack heart,1823.4393582045223
mobil memphi,1792.483649734917
diseas conceit,1778.4624100377973
heal crippl,1754.500143850609
moor winter,1754.500143850609
netti winter,1754.500143850609
sugar nohow,1754.500143850609
clean-cut killer,1731.2598577030908
narrow work,1716.543403890116
brand leopard-skin,1704.5490779057764
brand pill-box,1704.5490779057764
iron bound,1704.5490779057764
beyond horizon,1698.2936434393434
work maggi,1681.2558799249684
appl tree,1666.240512964785
dear landlord,1645.1250921220987
driftin driftin,1645.1250921220987
loot trout,1645.1250921220987
ol frisco,1645.1250921220987
tom pain,1645.1250921220987
world war,1645.1250921220987
far shore,1644.1382233960003
new york,1642.7820796348517
name anim,1641.6108503830574
hard a-gonna,1614.8513436080923
simpl twist,1610.3422284881356
speak dare,1610.3422284881356
sugar salt,1595.000076412806
mama stuck,1593.2734228726279
strengthen remain,1593.2734228726279
stuck memphi,1593.2734228726279
stop cri,1587.2326047164365
sundown sure,1565.937781068349
sundown union,1565.937781068349
u.s.a. sure,1565.937781068349
union u.s.a.,1565.937781068349
william zanzing,1565.937781068349
mr. tambourin,1563.9743391665127
hello vivian,1547.3384176289128
rainin leve,1544.7369506305572
bottl bread,1531.05888730748
serv somebodi,1522.276205008713
happen jone,1491.0856886253432
mister jone,1491.0856886253432
pictur frame,1461.833505441566
alon stone,1461.7918708120485
aris cobweb,1461.7918708120485
behold man,1461.7918708120485
bid farewel,1461.7918708120485
bit workingman,1461.7918708120485
drown watered-down,1461.7918708120485
frontlin bit,1461.7918708120485
lag behind,1461.7918708120485
philosoph fear,1461.7918708120485
minstrel coin,1461.0004594271907
save save,1461.0004594271907
knock knock,1460.209150270749
lo lookin,1460.209150270749
tambourin man,1459.4179434095163
hard hard,1454.9355411714694
shine light,1450.4790766643662
live polit,1415.9685407684672
older younger,1408.7147925792167
clay joey,1403.3742749801838
bucket bucket,1403.2402278812554
complet roll,1403.2402278812554
counti hook,1403.2402278812554
solid rock,1403.2402278812554
twenti iron,1394.074542494753
need shot,1380.8016110088909
groom waitin,1369.9222322214605
save grace,1369.9222322214605
sweetheart doin,1369.9222322214605
dollar bash,1367.9311171736008
franki lee,1350.697315957652
happen mister,1325.058645062013
best kin,1315.8376377840814
booth thousand,1315.8376377840814
coupl month,1315.8376377840814
direct complet,1315.8376377840814
gutter thank,1315.8376377840814
notifi kin,1315.8376377840814
phone booth,1315.8376377840814
thousand booth,1315.8376377840814
dum dee,1314.6755011262303
jokerman tune,1314.638051320301
clean-cut kid,1313.4387408847795
sure greed,1304.568857619451
earli roman,1303.785195992179
queen jane,1302.553705162432
knock knockin,1297.5565909754632
goin goin,1294.8167348444429
save glad,1284.9710577125215
tree appl,1274.8416899013534
mr. man,1260.3205397553181
philosoph critic,1252.7145512429
philosoph disgrac,1252.7145512429
big jim,1251.8934809062068
gaze chime,1251.8934809062068
stuck insid,1251.1082054504125
stop babi,1247.8971113494624
end lost,1233.504068242856
shoulder stripe,1233.504068242856
stripe shoulder,1233.504068242856
stripe stripe,1233.504068242856
factori daddi,1232.2858044323275
curtain risin,1217.4657120397585
risin groom,1217.4657120397585
senor senor,1217.4657120397585
u.s.a. idea,1217.4657120397585
tambourin play,1215.4531269237173
eye tooth,1194.887007631922
chime freedom,1192.2370435034993
a-gonna blue-ey,1169.0669809568474
drift scene,1169.0669809568474
dyin blanket,1169.0669809568474
roll tumbl,1169.0669809568474
gate eden,1167.434591046956
shine shine,1157.860114262166
sang locust,1157.1867040320728
cri cri,1147.9544569143534
gave begin,1147.1960320964563
ago anim,1141.2179555220318
ridin hmm,1141.2179555220318
sweetheart dump,1141.2179555220318
waitin altar,1141.2179555220318
ya unto,1141.2179555220318
dream late,1139.499917190201
shelter storm,1139.1752086330307
gaze freedom,1126.4364562004384
nightingal tune,1126.4364562004384
union sure,1117.8768078930436
tree underneath,1114.6765981663434
insid mobil,1111.683873245047
stop stop,1108.4180374967623
peggi night,1096.375134415908
summertim stranger,1096.375134415908
dude think,1096.3126842496733
rooster crowin,1096.3126842496733
behold behold,1095.906577593503
brain nohow,1095.906577593503
lookin behold,1095.906577593503
watchman dream,1095.906577593503
creation natur,1095.5005119250573
natur forgiv,1095.5005119250573
natur honor,1095.5005119250573
natur one,1095.5005119250573
tambourin jingle-jangl,1095.5005119250573
food tombston,1095.0944872587954
tweedle-de dee,1095.0944872587954
knockin knock,1095.0632915425435
press higher,1095.0632915425435
save lamb,1095.0632915425435
leopard-skin hat,1094.6885036091815
pill-box hat,1094.6885036091815
heaven knock,1094.2825609906827
knock heaven,1094.2825609906827
rainin break,1092.6592011173402
trust trust,1072.6942416553204
dude winterlud,1062.6972528562903
kid killer,1037.334817200985
long narrow,1031.122853513261
cri stop,1016.3806874245089
stop cri,1016.3806874245089
blue-ey darl,1014.1672777044449
idea greed,1014.1672777044449
king clay,1014.1672777044449
tweedle-de tweedle-de,1014.1672777044449
vision johanna,1014.1672777044449
henri appl,1012.6585330340024
complet unknown,1001.8004020603477
titan sink,1001.8004020603477
unknown roll,1001.8004020603477
west gibraltar,1001.8004020603477
west jordan,1001.8004020603477
� whoo-e,1001.8004020603477
alberta treat,993.638816669269
sport car,986.6157813178077
captain arab,986.5314840036145
end end,986.5314840036145
end lost,986.5314840036145
juic end,986.5314840036145
kin explod,986.5314840036145
long-dist oper,986.5314840036145
meet lag,986.5314840036145
zanzing philosoph,986.5314840036145
burn roll,984.0396074766462
dead believ,976.0402629743925
fight frontlin,973.9448345584912
moor happi,973.9448345584912
netti happi,973.9448345584912
piti immigr,973.9448345584912
tini montgomeri,973.9170939561918
mighti quinn,973.0842949538091
heaven knockin,972.2794125697071
knockin heaven,972.2794125697071
father father,972.2517099370324
lo lo,972.2517099370324
roll john,971.4193390520735
ten thousand,969.0662884025847
wan wan,963.9376611844542
mrs. pleas,954.5930402271955
driftin far,943.9674766034481
direct unknown,939.5091597470723
pick gutter,939.5091597470723
