NGRAM,VALUE,
anywher belong,847.3123756356583
belong bodi,847.3123756356583
belong christ-forsaken,847.3123756356583
freddi po,847.3123756356583
gutter thank,635.1093060310151
lay shade,423.00006255376826
pick gutter,423.00006255376826
fill earli,375.58340794476425
care stay,317.1561689956735
belong belong,281.5628740840855
freddi freddi,281.5628740840855
stay mississippi,281.5628740840855
comin barren,281.31277805518386
behind boot,281.18816562654666
behind bring,281.18816562654666
behind hang,281.18816562654666
bit blue,281.18816562654666
bit workingman,281.18816562654666
boot fight,281.18816562654666
boot hang,281.18816562654666
bottom behind,281.18816562654666
bottom boot,281.18816562654666
bottom bring,281.18816562654666
bottom lag,281.18816562654666
bring boot,281.18816562654666
bring hang,281.18816562654666
fight frontlin,281.18816562654666
fight littl,281.18816562654666
frontlin bit,281.18816562654666
frontlin littl,281.18816562654666
frontlin workingman,281.18816562654666
hang fight,281.18816562654666
hang frontlin,281.18816562654666
lag behind,281.18816562654666
lag boot,281.18816562654666
lag bring,281.18816562654666
littl bit,281.18816562654666
littl blue,281.18816562654666
littl workingman,281.18816562654666
miss moor,281.18816562654666
miss netti,281.18816562654666
miss winter,281.18816562654666
moor winter,281.18816562654666
netti moor,281.18816562654666
netti winter,281.18816562654666
roll tumbl,281.18816562654666
workingman blue,281.18816562654666
heart burn,279.3158846571509
tweedle-de dee,257.9679298857013
shade nobodi,253.31287559676747
burn yearn,250.9918987430076
heart yearn,250.9918987430076
understand honest,233.64744068141948
beyond horizon,233.3041809656352
high water,227.81793371918917
worri anymor,227.81793371918917
behind shoe,224.6011202589509
boot shoe,224.6011202589509
bring shoe,224.6011202589509
deal goe,224.6011202589509
lag shoe,224.6011202589509
nohow might,224.6011202589509
shoe fight,224.6011202589509
shoe hang,224.6011202589509
sugar nohow,224.6011202589509
winter love,224.6011202589509
winter rise,224.6011202589509
rainin break,221.5101500556561
rainin leve,221.5101500556561
turn cri,217.14947651305616
water risin,212.3213468148991
readi unload,210.891165527865
door freddi,210.84446689154274
meet behind,210.84446689154274
meet bottom,210.84446689154274
meet bring,210.84446689154274
meet lag,210.84446689154274
meet moonlight,209.6747497709833
moonlight alon,209.6747497709833
talk walk,205.51715712641598
went might,199.957547622699
best bit,186.87658986477595
best frontlin,186.87658986477595
best littl,186.87658986477595
brain nohow,186.87658986477595
fight best,186.87658986477595
hang best,186.87658986477595
roll whole,186.87658986477595
tumbl whole,186.87658986477595
someday worri,186.08691658805688
love shall,179.32177461419877
rise love,179.32177461419877
rise shall,179.32177461419877
leve break,176.1360778944501
summer night,174.69028418096718
without might,174.69028418096718
dawn lay,168.41357230921446
feel honest,168.41357230921446
let let,168.41357230921446
summer night,168.41357230921446
dum dee,167.25391007278063
happi winter,159.93063955022862
miss happi,159.93063955022862
moor happi,159.93063955022862
netti happi,159.93063955022862
nohow went,159.93063955022862
meet alon,156.57927409032612
worri po,155.40141314996583
honest knew,155.03810724292697
someday anymor,151.77775113400043
shoe best,149.13578106174992
sugar brain,149.13578106174992
babi worri,147.68131738934574
keep rainin,142.6521016307962
compani tweedle-de,140.1885468411603
stop readi,140.12643411486548
understand feel,140.12643411486548
comin field,139.72130186848588
fight sing,139.72130186848588
frontlin sing,139.72130186848588
lover comin,139.72130186848588
nohow without,139.72130186848588
sing bit,139.72130186848588
sing blue,139.72130186848588
sing littl,139.72130186848588
sing workingman,139.72130186848588
might goin,139.31649094067387
tweedle-de dee,138.91200221090187
wo moonlight,138.91200221090187
tweedle-de tweedle-de,128.81263357476186
understand knew,128.81263357476186
day night,127.57456026835338
happi rise,127.57456026835338
year might,126.4534642674266
po anymor,126.39282260330069
brand new,126.04809260917966
spent woman,126.04809260917966
went without,124.12345909694173
moor river,124.00303934915583
winter river,124.00303934915583
burn still,123.54018394443949
heart still,123.54018394443949
summer day,119.9214424990293
keep break,113.01517260393761
keep leve,113.01517260393761
still yearn,110.76625971542214
say tweedle-de,110.55884215525258
brain went,106.00422161150074
summer summer,104.76779255702783
someday po,103.53213474414372
wo alon,103.48615133452851
wo meet,103.48615133452851
nohow year,101.14038531714685
roll cri,101.14038531714685
tumbl cri,101.14038531714685
river love,98.82674036673558
river rise,98.82674036673558
river shall,98.82674036673558
tweedle-de dum,98.82674036673558
tweedle-de dee,96.05322164223112
po boy,93.23881463186727
everybodi lift,92.98170378631116
feel knew,92.98170378631116
freddi boy,92.98170378631116
high risin,92.98170378631116
thing mississippi,92.98170378631116
thing stay,92.98170378631116
wrong mississippi,92.98170378631116
wrong stay,92.98170378631116
mind paid,92.56701541441967
best sing,92.5259567328724
brain without,92.5259567328724
dream keep,90.5971635286696
water everywher,89.95741204824343
cri turn,89.65513941956563
went year,89.65513941956563
love left,88.76521711072837
love one,88.76521711072837
rise one,88.76521711072837
shall left,88.76521711072837
shall one,88.76521711072837
shall tell,88.76521711072837
'd honest,86.25768272083835
without goin,86.20024164821223
dum tweedle-de,83.51587207641282
tweedle-de dum,83.51587207641282
babi anymor,79.45646983616894
day summer,79.0421559945275
dream live,79.0421559945275
keep live,79.0421559945275
hot summer,78.22033884906203
travel care,78.22033884906203
year without,78.15638434519676
high everywher,76.36465686081488
last hour,75.83850684427875
dum dee,73.67328880410933
walk heart,72.7989872866852
understand 'd,71.48513155738561
night day,71.38808770875907
happi river,70.05518232848381
mississippi long,69.40990198967299
stay long,69.40990198967299
woke morn,69.37912159965337
fill fill,69.36374163973638
cri cri,69.21333607543095
rainin rainin,68.06439734162842
brain year,66.79573588926134
cri whole,66.79573588926134
someday babi,65.32541597485631
left black,62.86583252231893
tell black,62.86583252231893
year goin,62.0592828248872
love ever,59.3462843493177
might keep,59.3462843493177
kill last,56.51948994821793
look see,56.51948994821793
dum tweedle-de,55.2182442061371
back fight,54.84599742570381
back frontlin,54.84599742570381
boot back,54.84599742570381
bring back,54.84599742570381
hang back,54.84599742570381
sugar babi,54.42579754287037
break rainin,53.898569288357926
leve rainin,53.898569288357926
babi po,53.314901026961806
feel 'd,51.73170936275412
tumbl long,51.69727520196905
say dum,49.55904023827628
one mississippi,48.61213921683721
one stay,48.61213921683721
'd knew,46.86825347039417
man freddi,45.839229929605416
way belong,45.839229929605416
summer day,44.09040076623928
babi nohow,43.53100301813468
shoe back,43.492291778428765
left tell,43.443999441945024
one left,43.443999441945024
one tell,43.443999441945024
break break,42.56157862065585
break leve,42.56157862065585
leve leve,42.56157862065585
went keep,41.707478078155205
shall world,41.33681340958248
wrong long,40.08942860087921
cri night,38.89976131818686
moor gone,38.68215343319572
netti gone,38.68215343319572
winter gone,38.68215343319572
road went,38.60478955204258
'd like,38.43692140749472
road nohow,38.43692140749472
care care,38.402808427034394
babi went,38.19250305439996
ever shall,37.58834278431096
rise ever,37.58834278431096
year keep,37.56213975375673
without keep,36.197072714592665
roll night,35.988517157429506
tumbl night,35.988517157429506
back best,35.924495267571686
ever sinc,35.592014958878416
sometim give,34.99241377657419
rainin keep,34.19747046792221
dee tweedle-de,33.98699318221007
whole long,33.98699318221007
wrong care,33.979450600515754
gone love,30.56085995442986
gone rise,30.56085995442986
night gone,30.56085995442986
sugar road,30.46134207020223
thing wrong,30.047088904281033
tweedle-de tweedle-de,30.047088904281033
man comin,29.611570126612396
summer gone,29.332615313770273
summer gone,29.005196575986417
black eye,28.980405354034676
world black,28.980405354034676
look eye,28.966505944393845
ever tell,28.48526281128538
keep goin,28.48526281128538
babi brain,28.380807090477393
alway someon,27.546274270038058
break keep,26.79880117375873
leve keep,26.79880117375873
back sing,26.46776862275156
keep paid,26.33162034730841
road brain,25.145367757764266
care long,25.134199536917787
night fill,23.353244820427598
whole night,23.353244820427598
keep keep,23.035301139320637
one gone,22.994736805449456
mississippi day,22.94623693814563
stay day,22.94623693814563
work day,22.94623693814563
day gone,21.28436399756189
gone black,21.28436399756189
happi gone,21.28436399756189
