NGRAM,VALUE,
belong bodi christ-forsaken,10233286.998230388
anywher belong belong,3413939.8846300347
belong belong bodi,3413939.8846300347
belong belong christ-forsaken,3413939.8846300347
freddi freddi po,3413939.8846300347
freddi po boy,1139039.8991507285
behind bring boot,858421.6930006464
behind bring hang,858421.6930006464
bit workingman blue,858421.6930006464
bottom bring boot,858421.6930006464
bottom lag behind,858421.6930006464
bottom lag boot,858421.6930006464
frontlin bit workingman,858421.6930006464
lag behind bring,858421.6930006464
littl bit workingman,858421.6930006464
miss netti moor,858421.6930006464
miss netti winter,858421.6930006464
behind boot hang,856911.3561256621
boot hang fight,856911.3561256621
bottom behind boot,856911.3561256621
bottom behind bring,856911.3561256621
bottom lag bring,856911.3561256621
bring boot hang,856911.3561256621
fight frontlin littl,856911.3561256621
frontlin littl bit,856911.3561256621
frontlin littl workingman,856911.3561256621
hang fight frontlin,856911.3561256621
lag behind boot,856911.3561256621
lag bring boot,856911.3561256621
littl bit blue,856911.3561256621
littl workingman blue,856911.3561256621
miss moor winter,856911.3561256621
netti moor winter,856911.3561256621
door freddi freddi,855048.3988456482
comin barren field,853798.0126261101
behind shoe hang,687338.1515480416
boot shoe fight,687338.1515480416
bring boot shoe,687338.1515480416
lag behind shoe,687338.1515480416
boot shoe hang,686731.7471516528
lag boot shoe,686731.7471516528
behind bring shoe,686129.6146134592
behind boot shoe,685675.4790157395
bring shoe hang,685675.4790157395
lag bring shoe,685675.4790157395
shoe hang fight,685675.4790157395
meet behind bring,645368.079950762
meet bottom lag,645368.079950762
meet lag behind,644235.5779035185
meet bottom bring,643860.7503837148
meet bottom behind,643292.9957061245
meet lag bring,643292.9957061245
best littl bit,573282.6807021024
fight best littl,573282.6807021024
hang best frontlin,573282.6807021024
roll tumbl whole,572275.343629111
best frontlin bit,572271.7841419899
fight best frontlin,572271.7841419899
best frontlin littl,571518.2839923077
hang fight best,571518.2839923077
anywher way belong,570653.7404136569
man freddi po,570653.7404136569
way belong bodi,570653.7404136569
winter rise love,549864.6741892367
miss happi winter,491814.6789014939
netti moor happi,491814.6789014939
miss netti happi,490951.05593071645
moor happi winter,490514.6684695934
miss moor happi,489977.4787646893
netti happi winter,489977.4787646893
care care stay,480605.31086135213
sugar brain nohow,459025.12046261335
shoe hang best,458620.13794292597
shoe fight best,458215.6905292535
rise love shall,439307.0500607959
fight sing littl,430713.8453656479
frontlin sing workingman,430713.8453656479
sing littl bit,430713.8453656479
sing workingman blue,430713.8453656479
sing bit workingman,429958.007897425
frontlin sing littl,429196.8323834322
sing littl blue,429196.8323834322
fight frontlin sing,428821.917187571
frontlin sing bit,428821.917187571
sing bit blue,428821.917187571
sing littl workingman,428821.917187571
nohow went might,393814.0382871345
happi winter rise,392752.1318407346
wrong stay mississippi,382858.74455409904
thing stay mississippi,382354.852785134
moor winter river,381256.5180691343
freddi freddi boy,381181.6773610308
nohow without might,345640.0142406891
heart burn yearn,345310.47058235353
understand feel honest,344135.8533643646
brain nohow went,328445.4371023255
meet moonlight alon,324158.35998129525
care long stay,320560.14737789345
understand honest knew,318752.83780540014
roll tumbl cri,314067.5326179076
went without might,307168.3185654124
winter river love,306077.1006374758
winter river rise,305066.5000296707
summer day night,294518.6265227622
best frontlin sing,287639.454851267
stay mississippi long,287519.98459597497
brain nohow without,287132.2236741734
best sing bit,286755.8073741279
fight best sing,286755.8073741279
best sing littl,286376.9439784159
summer summer night,258321.39472518713
nohow year might,251136.8859818324
nohow went without,246109.0887386093
river rise love,245447.3537191734
river rise shall,244583.20338445078
river love shall,244262.7051100288
feel honest knew,230403.77812551524
went year might,223237.9164048431
rise love one,221094.22728081126
rise shall one,220121.8445155578
love shall left,219882.21754232404
love shall one,219882.21754232404
moor happi river,219533.25503929783
happi winter river,218714.8635556623
wo meet moonlight,216471.23180369337
wo moonlight alon,215999.8760982419
without might goin,215576.82671984824
someday worri anymor,209859.65870178014
brain nohow year,209094.17243671912
tumbl cri whole,208447.33609092102
roll cri whole,208128.58677521264
one stay mississippi,204110.9835612256
day summer night,197201.19807897866
year without might,196447.2593413665
understand feel knew,192922.68807875237
man freddi freddi,191638.26476514118
way belong belong,191638.26476514118
man comin barren,189864.9605215837
rainin leve break,186152.1301338614
summer day summer,185021.37881244638
nohow went year,180010.33721727564
understand 'd honest,179326.94250733452
worri po anymor,177400.22492254415
happi river rise,175619.82256522388
heart burn still,174834.7204482542
boot back fight,174095.59660929738
bring boot back,174095.59660929738
hang back frontlin,174095.59660929738
back fight frontlin,171969.88379127017
boot hang back,171969.88379127017
bring hang back,171661.94173221808
hang back fight,171661.94173221808
brain went without,164115.4523579455
wo meet alon,161632.2541938453
nohow year without,156644.1332759434
year might goin,156358.7991738958
burn still yearn,155967.43143743667
heart still yearn,155632.33493130605
someday worri po,145127.86732311783
door man freddi,142747.94738540356
dream keep live,140992.01957130176
went year without,140184.34117285456
shoe hang back,139392.9187862723
boot shoe back,139058.5600230958
bring shoe back,137691.33370575728
shoe back fight,137691.33370575728
feel 'd honest,129757.93903556887
thing wrong stay,127603.6096848294
thing wrong mississippi,127099.71791586436
cri turn cri,127025.05617399035
netti moor gone,125219.7958434268
moor winter gone,123046.66235231922
netti winter gone,122607.69223700806
keep rainin leve,122551.05785528473
keep rainin break,121037.34628126478
'd honest knew,120991.14822677082
travel care care,120358.85591720685
someday po anymor,119739.46148848887
brain went year,119710.10361124753
roll tumbl night,117074.28225153316
back fight best,116257.85211227351
back best frontlin,115902.64799592544
hang back best,114839.01848231973
say tweedle-de dee,114679.2192792431
babi worri anymor,113470.97357095832
sugar babi nohow,112241.9795886112
love one left,110530.73995226466
shall one left,110530.73995226466
shall one tell,110411.59371517006
shall left tell,110046.68248207828
understand feel 'd,108643.35254803955
tumbl whole long,107976.9410347933
high water risin,107473.82630807377
went might keep,106980.50254597969
travel wrong care,106842.31042425342
brain year without,105338.74008043537
tweedle-de dum dee,103221.0569570958
dum tweedle-de dee,102621.73255686108
stay mississippi day,100701.686835802
understand 'd knew,100356.63459567678
winter gone love,100257.69078125736
sugar road nohow,99131.26040505
winter gone rise,98518.11639184809
year without goin,98376.26524540519
rise love ever,97587.2874024952
keep leve break,97386.95435302604
wrong stay long,96260.84049229123
love ever shall,96059.67501899741
rise ever shall,95860.61998042984
wrong mississippi long,95693.12848133258
without might keep,95179.93372612896
lover man comin,95015.07015807836
babi brain nohow,93123.76623449082
someday babi worri,93081.5288429389
shoe back best,92735.9375022277
high water everywher,89978.83878059225
back frontlin sing,87031.44359108781
dum tweedle-de dee,87021.78968970838
back fight sing,86118.03586476752
dee tweedle-de dum,85805.54769555434
tweedle-de dee tweedle-de,85607.33421852849
road brain nohow,82728.2394252578
babi nohow went,80161.86537867752
gone rise love,80025.73052573066
babi worri po,79470.64738995052
left tell black,79079.92938559064
tweedle-de dum tweedle-de,77711.49316048696
summer night gone,77573.58847020712
someday babi anymor,76763.69459779238
tumbl whole night,76618.036057525
roll whole night,76411.768719587
might keep goin,75072.41831461797
sugar babi brain,73925.81291624032
summer night gone,73797.74071803821
feel 'd knew,72084.2848404873
happi winter gone,71729.68053235493
moor happi gone,71464.34448570701
road nohow went,70936.78379223638
netti happi gone,70485.60124601604
say tweedle-de dum,70204.24480919908
say dum tweedle-de,68986.4652773549
year might keep,68460.55133240063
one wrong stay,68022.78839385028
one wrong mississippi,67665.45309858848
one thing mississippi,67543.63973005785
one thing stay,67396.34651477968
went without keep,67056.95492803054
sugar road brain,64905.141499985664
babi po anymor,64486.72268434909
rainin leve rainin,61316.80556826607
tumbl cri long,60057.03713225429
rainin break rainin,59046.41664114278
back best sing,57453.04118982506
happi gone rise,57177.230160746876
day night gone,56393.83915159995
moor gone river,55634.93623853819
one left tell,55492.0040870382
winter gone river,54714.882402661075
river ever shall,54183.730097754735
river rise ever,53924.051041233535
river love ever,53802.49176792639
summer day gone,53798.92145635921
wrong care care,53646.901017200886
shall one world,53362.53483683511
babi brain went,52815.9194355052
shall left world,52689.06494191252
shall tell world,52616.62462442894
someday babi po,52382.15507840979
say dum dee,52096.906431538344
leve rainin leve,49677.73358569969
went year keep,49563.59607868959
keep mind paid,49517.6041027659
break rainin leve,49466.69867842693
love ever left,49178.28974365814
tweedle-de tweedle-de dee,49143.75058182952
ever shall one,48804.9606437074
leve break rainin,48734.67393901308
rise ever one,48539.17056529767
love ever one,48498.78934582296
ever shall left,48126.09162518116
ever shall tell,48092.92600403823
break rainin break,47406.85112950779
without keep goin,46958.07043654647
road brain went,46539.61010499255
summer summer gone,46334.226751546026
gone river rise,44540.01737509683
road nohow year,44254.53351493764
gone river love,43815.26026059238
year without keep,43150.61106034185
tumbl cri night,42687.175693444435
roll cri night,42160.15028125984
care care long,40304.66862999434
rainin keep rainin,40232.97156233496
break leve break,39825.90682065564
leve break leve,39825.90682065564
cri whole long,39793.734735658974
say tweedle-de tweedle-de,38697.092069714796
left world black,37915.01293989064
tell black eye,37639.36656454933
tell world black,37566.49147004923
