NGRAM,VALUE,
fight em whiskey,163233.74379003723
high fight em,163233.74379003723
dream titan sink,147122.13384891694
watchman lay dream,104878.4522626102
dream dream titan,104005.27350859728
bright roll john,101538.9244014129
burn bright roll,92576.94312223315
shine move burn,92459.0233416824
move burn bright,82959.44025591144
move burn john,82959.44025591144
shine burn bright,82801.49344088195
move burn roll,82337.1869973312
shine move bright,82219.47270169943
night day strip,81148.64069445356
gentl pray long,77666.19221787753
earli roman king,74800.15214425056
light move burn,74800.15214425056
shine light move,74515.71384206845
move roll john,74356.94023671644
shine light burn,74027.86766948157
burn roll john,73734.6869781362
move bright roll,73255.45054208137
burn bright john,73217.8160709516
move bright john,73217.8160709516
narrow way work,67437.66775885217
way work someday,67437.66775885217
shine light bright,66609.3359707814
light move roll,66356.02327193925
light burn bright,66016.6122536227
light move bright,65922.35151822877
light burn roll,65827.9707146711
lay dream dream,59429.95307288139
light bright roll,59344.14743644176
long narrow way,53006.4098679869
roll john roll,42868.1084351729
narrow way sure,34310.611297930765
way sure someday,34310.611297930765
saw dug long,33285.243795565366
like roman king,32512.114753839054
narrow sure work,32213.027255569323
sure work someday,32213.027255569323
road narrow way,31504.77921515167
narrow work sure,31259.867219338208
work sure someday,31259.867219338208
road narrow work,28661.569096710184
like earli roman,26186.473215509974
long narrow sure,25291.131698449495
like earli king,25188.615812026263
road long narrow,23271.712539747674
long road narrow,22569.252148214393
way work sure,19576.670875919197
way sure work,19011.584961337936
road way work,18010.74508824756
work sure work,17790.97757344999
narrow work work,16701.827754216494
work work someday,16701.827754216494
scarlet town born,16195.745224728018
long way sure,14964.367832754913
long road way,14129.700366215473
long work sure,14119.260759507257
road long way,13716.223999019689
long narrow work,13140.349402883381
road long work,12934.729466836981
roman king earli,12658.098682865599
long long narrow,10625.576000614596
long road long,10259.945995235745
earli roman earli,10100.067399040796
way work work,10015.979993134875
blood night day,9170.782017748488
earli king earli,9005.397437283593
long way work,8040.498708565265
long long way,6382.31336201101
scarlet scarlet town,5529.46744640449
scarlet town scarlet,5490.855677809222
scarlet town town,5263.440030689346
