NGRAM,VALUE,
hard hard,69.4425214619525
work maggi,39.94183620057525
hard rain,26.96969147131042
hard a-gonna,25.29163328004831
want want,19.383995697759055
stone stone,19.17076283981375
franki lee,18.761704646705596
sad-ey prophet,18.75127489615032
mr. man,18.09893237307016
mr. tambourin,17.056095133368725
queen jane,17.056095133368725
lay brass,16.81480110813729
lay lay,16.81480110813729
tambourin man,16.767402089818884
tambourin play,16.5001140800276
oxford town,16.32414076029911
mobil memphi,16.28431999340925
want honey,16.188519895936174
mr. play,15.842528065443119
man play,15.553835021893278
hard fall,15.39868260156265
tambourin song,15.39868260156265
maggi work,15.21146499953305
wo jane,15.037707828224713
peggi day,14.860241261137457
mama stuck,14.814801108137292
new york,14.814801108137292
mr. song,14.741096586978164
hang pictur,14.53876354090603
desol row,14.474951105252668
lay big,14.474951105252668
mama insid,14.474951105252668
stuck insid,14.474951105252668
stuck memphi,14.474951105252668
stuck mobil,14.474951105252668
man song,14.452403543428325
blowin wind,14.439271992148278
end memphi,14.416651246654453
end mobil,14.416651246654453
memphi blue,14.416651246654453
mobil blue,14.416651246654453
wo queen,14.380121813640228
want bad,14.276230134090298
play song,14.185115533637045
insid memphi,14.13510110236804
insid mobil,14.13510110236804
gate eden,13.831094915477943
brand leopard-skin,13.300079856019323
brand pill-box,13.300079856019323
happen jone,13.300079856019323
happen mister,13.300079856019323
leopard-skin pill-box,13.300079856019323
mister jone,13.300079856019323
maggi farm,13.28602548046379
spend peggi,13.054768954434868
sad-ey ladi,12.946454658931913
end stuck,12.814801108137292
lay across,12.814801108137292
mama end,12.814801108137292
stuck blue,12.814801108137292
chime freedom,12.625822083220937
end insid,12.474951105252666
insid blue,12.474951105252666
babe babe,12.361734508496218
brand hat,12.158945637004859
leopard-skin hat,12.158945637004859
pill-box hat,12.158945637004859
maggi maggi,12.155399714273129
see jane,11.908860910734802
realli mobil,11.875764458528279
alley lookin,11.765079164644007
god side,11.666268298647442
brand new,11.550079856019323
new leopard-skin,11.550079856019323
new pill-box,11.550079856019323
ladi lay,11.527088728587843
work work,11.433308689403521
factori daddi,11.400068448016562
older younger,11.400068448016562
feel home,11.266807381155024
see queen,11.251274896150319
along cove,11.11110083110297
gaze chime,11.11110083110297
gaze freedom,11.11110083110297
daddi food,10.8562133289395
daddi lookin,10.8562133289395
food tombston,10.8562133289395
lookin tombston,10.8562133289395
shoe daddi,10.8562133289395
like like,10.842828134577362
daddi alley,10.628208688771924
feel direct,10.628208688771924
mama realli,10.55623507424736
realli stuck,10.55623507424736
factori lookin,10.52262469693483
factori shoe,10.52262469693483
new hat,10.40894563700486
someth happen,10.296717546520355
someth jone,10.296717546520355
someth mister,10.296717546520355
factori alley,10.294620056767252
thousand mile,10.294620056767252
mama daddi,10.233657080021235
realli insid,10.216385071362733
a-gonna fall,10.106840573976603
highway 61,10.106840573976603
jingle-jangl followin,10.106840573976603
lowland prophet,10.106840573976603
pledg hopin,10.106840573976603
prophet warehous,10.106840573976603
warehous arabian,10.106840573976603
william zanzing,10.106840573976603
answer blowin,10.08836477114235
realli end,10.00809571177348
lookin food,9.978769577857765
shoe food,9.978769577857765
shoe lookin,9.978769577857765
mama factori,9.900068448016562
arabian drum,9.778047566684362
blue-ey darl,9.778047566684362
pictur hang,9.778047566684362
warehous drum,9.778047566684362
alley food,9.75076493769019
shoe alley,9.75076493769019
answer wind,9.726852621886657
darl young,9.61110083110297
tombston blue,9.61110083110297
arabian gate,9.5000570400138
sweet mari,9.44925455939212
tonight mari,9.44925455939212
tonight sweet,9.44925455939212
work farm,9.418264558432638
babe babe,9.417176305685519
mama shoe,9.3562133289395
much older,9.3562133289395
stone stone,9.277512199098297
wo see,9.232887591006307
drum gate,9.17126403272156
pawn game,9.17126403272156
mama alley,9.128208688771926
pictur frame,9.085472459181283
stay ahead,9.085472459181283
gaze upon,9.022624696934828
much younger,9.022624696934828
chime flash,8.930457685293565
freedom flash,8.930457685293565
kitchen tombston,8.930457685293565
vision johanna,8.930457685293565
tambourin jingle-jangl,8.856840573976603
hang frame,8.82243805334749
food blue,8.733657080021233
woman woman,8.72055328390924
blue-ey son,8.684961169289185
sleepi mr.,8.528047566684362
babi blue,8.407400554068644
complet roll,8.407400554068644
complet unknown,8.407400554068644
philosoph fear,8.407400554068644
unknown roll,8.407400554068644
lookin babe,8.400068448016562
upon chime,8.400068448016562
upon freedom,8.400068448016562
man jingle-jangl,8.383701044909442
man sleepi,8.383701044909442
juda priest,8.356168161996942
son darl,8.356168161996942
'm go,8.352050953454679
maggi pa,8.302332259632085
gate wait,8.2500570400138
play followin,8.2500570400138
play jingle-jangl,8.2500570400138
play sleepi,8.2500570400138
sleepi go,8.2500570400138
food kitchen,8.19925455939212
lookin kitchen,8.19925455939212
'm 'm,8.19013895048538
arabian sad-ey,8.125637448075159
countri pie,8.125637448075159
lowland sad-ey,8.125637448075159
sad-ey lowland,8.125637448075159
home complet,8.101751419390528
alon stone,8.085472459181283
dyin blanket,8.085472459181283
fear rag,8.085472459181283
piti immigr,8.085472459181283
throw troubl,8.015083131289886
alley kitchen,8.009250692585807
arabian put,8.009250692585807
blue-ey young,8.009250692585807
time a-changin,8.009250692585807
warehous put,8.009250692585807
live honey,7.986848307589228
like woman,7.907733253704141
jingle-jangl morn,7.8999221410228815
morn followin,7.8999221410228815
rain a-gonna,7.8999221410228815
rain fall,7.8999221410228815
bid farewel,7.82243805334749
critic fear,7.82243805334749
disgrac fear,7.82243805334749
philosoph critic,7.82243805334749
philosoph disgrac,7.82243805334749
stay awhil,7.82243805334749
drum sad-ey,7.796844440782916
ten thousand,7.796844440782916
a-gonna blue-ey,7.763544364293921
fall blue-ey,7.763544364293921
stay stay,7.763544364293921
sleepi place,7.699341300781325
song followin,7.699341300781325
song jingle-jangl,7.699341300781325
song sleepi,7.699341300781325
drum put,7.680457685293565
like roll,7.6682645584326385
ask honey,7.624965036095498
ask live,7.624965036095498
friend blowin,7.61024972627281
feel alon,7.606840573976604
jane jane,7.606840573976604
babe babe,7.5188539141123565
gate sad-ey,7.5188539141123565
critic rag,7.500509958460128
disgrac rag,7.500509958460128
night peggi,7.446685587329876
put gate,7.402467158623005
maggi brother,7.29313860706008
rag tear,7.278117537123679
throw suitcas,7.278117537123679
ticket throw,7.278117537123679
tonight stay,7.278117537123679
jane queen,7.278047566684362
big brass,7.237475552626334
disgrac critic,7.237475552626334
gaze flash,7.237475552626334
ladi lowland,7.2044304553674
ladi prophet,7.2044304553674
kitchen blue,7.161660811195009
alon everybodi,7.133701044909442
lowland say,7.133701044909442
prophet say,7.133701044909442
say warehous,7.133701044909442
babe lookin,7.0854724591812825
dyin bound,7.0854724591812825
babe light,7.015083131289886
cove spi,7.015083131289886
day stole,7.015083131289886
spend day,7.015083131289886
go tambourin,7.000057040013802
later us,7.000057040013802
queen queen,6.949254559392118
woman break,6.883838598011632
drum ladi,6.875637448075159
sad-ey wait,6.875637448075159
lovin honey,6.82243805334749
throw throw,6.792690709953437
bound blanket,6.76354436429392
put wait,6.759250692585807
babe lookin,6.6712640327215595
go mr.,6.6712640327215595
peggi stole,6.652513051905177
a-gonna son,6.626040840543985
fall son,6.626040840543985
cassius clay,6.6168285400106175
dear landlord,6.6168285400106175
eatin eatin,6.6168285400106175
suppos sooner,6.6168285400106175
tom pain,6.6168285400106175
along spi,6.6000456320110406
young one,6.597752194580952
eye arabian,6.5976469214046
gate ladi,6.5976469214046
warehous eye,6.5976469214046
would alon,6.5976469214046
son young,6.587371287898389
insid eden,6.546844440782916
go man,6.526917510946639
sport car,6.502826219926829
stay stay,6.500509958460127
place tambourin,6.449341300781325
across brass,6.407400554068646
brass bed,6.407400554068646
dyin bed,6.407400554068646
dyin put,6.407400554068646
lay lay,6.407400554068646
lay across,6.407400554068646
poor immigr,6.407400554068646
alon must,6.402497919007997
go play,6.393273506051001
priest lee,6.363006434710193
insid gate,6.356840573976604
night day,6.329990914713539
direct complet,6.305550415551483
direct unknown,6.305550415551483
mountain rang,6.305550415551483
world war,6.305550415551483
stay still,6.27811753712368
eye drum,6.2688539141123565
jane wo,6.2688539141123565
priest franki,6.237475552626333
man morn,6.176782611955721
