NGRAM,VALUE,
hard hard hard,656.4956128430051
hard hard rain,406.6023400466143
hard rain a-gonna,232.1911613016505
hard hard a-gonna,214.7841912187518
want bad honey,172.9350771592233
hard a-gonna fall,166.59982999085187
mr. tambourin man,159.44436388553885
mr. tambourin play,158.37521184637376
tambourin man play,157.2204396721744
mr. man play,154.59009561383647
mr. tambourin song,153.96948593251392
want want honey,153.5081591674894
tambourin man song,152.81471375831455
wo queen jane,152.52558683916217
tambourin play song,151.74556171914946
mr. man song,150.18436969997666
mr. play song,149.1152176608115
hard rain fall,148.9444825272221
man play song,147.96044548661217
want want bad,145.85900012010586
end mobil memphi,144.5392224537644
mobil memphi blue,144.5392224537644
lay big brass,144.47930884779058
see queen jane,140.01019916920254
lay across brass,137.83870885932907
lay lay across,137.83870885932907
mama stuck insid,136.47930884779058
stuck insid memphi,135.11990883625208
stuck insid mobil,135.11990883625208
stuck mobil memphi,135.11990883625208
insid mobil memphi,133.76050882471358
lay ladi lay,132.6878593411313
wo see jane,131.9366499486265
mama end stuck,129.83870885932907
wo see queen,129.30630589028857
end stuck insid,128.47930884779058
end stuck memphi,128.47930884779058
end stuck mobil,128.47930884779058
lay across big,128.47930884779058
mama end insid,128.47930884779058
stuck insid blue,128.47930884779058
stuck memphi blue,128.47930884779058
stuck mobil blue,128.47930884779058
end insid memphi,127.11990883625208
end insid mobil,127.11990883625208
insid memphi blue,127.11990883625208
insid mobil blue,127.11990883625208
realli end mobil,126.90500031424052
maggi work maggi,125.79219371622763
work maggi maggi,125.79219371622763
work maggi work,124.34801166648843
work work maggi,124.34801166648843
ladi lay big,123.32845932959279
brand leopard-skin pill-box,123.30590134310648
happen mister jone,123.30590134310648
mama realli stuck,120.80444472376936
hang pictur frame,119.44746307517264
mama realli insid,119.44504471223085
realli stuck insid,119.44504471223085
realli stuck mobil,119.44504471223085
brand leopard-skin hat,118.74136446704863
brand pill-box hat,118.74136446704863
leopard-skin pill-box hat,118.74136446704863
realli insid mobil,118.08564470069236
ladi lay across,116.68785934113127
brand new leopard-skin,116.30590134310648
brand new pill-box,116.30590134310648
new leopard-skin pill-box,116.30590134310648
work maggi farm,114.47588601600843
mama realli end,112.80444472376935
realli end stuck,112.80444472376935
brand new hat,111.74136446704863
new leopard-skin hat,111.74136446704863
new pill-box hat,111.74136446704863
realli end insid,111.44504471223085
someth happen jone,111.29245210511061
someth happen mister,111.29245210511061
someth mister jone,111.29245210511061
factori daddi lookin,103.51535210349729
factori shoe daddi,103.51535210349729
gaze chime freedom,103.3790316444968
factori daddi alley,102.60333354282702
daddi lookin food,101.33993162718906
lookin food tombston,101.33993162718906
shoe daddi food,101.33993162718906
shoe daddi lookin,101.33993162718906
mama factori daddi,101.02512710782425
daddi alley food,100.42791306651876
daddi alley lookin,100.42791306651876
shoe daddi alley,100.42791306651876
factori shoe lookin,100.00557709917038
factori alley lookin,99.09355853850008
factori shoe alley,99.09355853850008
mama shoe daddi,98.849706631516
mama daddi alley,97.9376880708457
shoe lookin food,97.83015662286212
want honey want,97.659072772557
mama factori shoe,97.51535210349729
much older younger,97.51535210349729
alley lookin food,96.91813806219182
shoe alley food,96.91813806219182
shoe alley lookin,96.91813806219182
mama factori alley,96.60333354282702
food tombston blue,96.35948163584294
answer blowin wind,95.0854490958078
gaze upon chime,95.02512710782425
gaze upon freedom,95.02512710782425
mama shoe alley,94.42791306651876
want bad want,92.55963340763468
upon chime freedom,92.53490211215117
warehous arabian drum,91.61474005903807
spend night peggi,91.2115956650775
night peggi day,89.87724113705882
arabian drum gate,89.18760592318688
tonight sweet mari,88.98439600070013
babe babe babe,88.24942900615444
blue-ey son darl,85.92722244028842
graveyard hard hard,85.91367648750072
hatr hard hard,85.91367648750072
sing hard hard,85.91367648750072
play jingle-jangl followin,85.50277795235584
lowland sad-ey prophet,85.00509958460128
sad-ey lowland prophet,85.00509958460128
peggi day stole,84.94762139041212
chime freedom flash,84.8340210079117
warehous arabian put,84.53955256264386
babe lookin babe,84.18099757547863
jingle-jangl morn followin,84.10223835639216
rain a-gonna fall,84.10223835639216
food kitchen tombston,83.98439600070013
lookin kitchen tombston,83.98439600070013
arabian drum sad-ey,83.6899275554323
song jingle-jangl followin,83.29991499542594
arabian drum put,83.2243805334749
blue-ey darl young,83.2243805334749
warehous drum put,83.2243805334749
arabian gate sad-ey,82.57796544875006
arabian put gate,82.11241842679266
ladi lowland prophet,81.32027161377023
drum gate sad-ey,81.26279341958109
lookin food kitchen,81.05958349709437
lowland prophet say,81.03735397193842
prophet say warehous,81.03735397193842
tambourin man jingle-jangl,81.03735397193842
drum put gate,80.79724639762368
tambourin play jingle-jangl,80.50277795235584
older 'm younger,80.40069523398046
alley food kitchen,80.2995680298691
alley lookin kitchen,80.2995680298691
kitchen tombston blue,79.8340210079117
want want want,79.60835474647872
babe babe lookin,79.18760592318688
babe lookin babe,79.18760592318688
sleepi go mr.,79.18760592318688
warehous eye arabian,78.89313747791903
blue-ey son young,78.85203494389418
ask live honey,78.76242540390788
man play jingle-jangl,78.6102198360872
man play sleepi,78.6102198360872
tambourin song jingle-jangl,78.29991499542594
daddi food 'm,78.22527475767222
daddi lookin 'm,78.22527475767222
food 'm tombston,78.22527475767222
lookin 'm tombston,78.22527475767222
drum gate ladi,77.57796544875006
eye arabian drum,77.57796544875006
gate sad-ey wait,77.57796544875006
warehous eye drum,77.57796544875006
son darl young,77.5368629147252
daddi alley 'm,77.3132561970019
man jingle-jangl morn,77.20968024012352
put gate wait,77.11241842679264
sad-ey lowland sad-ey,77.08028708099549
sad-ey sad-ey prophet,77.08028708099549
feel direct home,76.98474296625696
sleepi place mr.,76.98474296625696
complet unknown roll,76.91935442966454
food kitchen blue,76.90920850430592
play jingle-jangl morn,76.67510422054094
play morn followin,76.67510422054094
arabian put sad-ey,76.61474005903807
jane queen jane,76.61474005903807
eye arabian gate,76.46600334206781
man song jingle-jangl,76.40735687915728
man song sleepi,76.40735687915728
lowland prophet man,76.03735397193839
man warehous arabian,76.03735397193839
prophet man warehous,76.03735397193839
play sleepi place,75.87278085957473
play song followin,75.87278085957473
play song jingle-jangl,75.87278085957473
play song sleepi,75.87278085957473
sleepi place go,75.87278085957473
pledg time hopin,75.63275399502058
drum put sad-ey,75.2995680298691
queen jane queen,75.2995680298691
eye drum gate,75.15083131289886
lookin food 'm,74.71549975334527
philosoph critic fear,74.57950442677992
philosoph disgrac fear,74.57950442677992
song jingle-jangl morn,74.47224126361105
song morn followin,74.47224126361105
go mr. tambourin,74.18760592318688
put gate sad-ey,74.18760592318688
like woman like,73.89379462024755
gate ladi wait,73.89313747791903
alley food 'm,73.80348119267497
alley lookin 'm,73.80348119267497
insid gate eden,73.6899275554323
song sleepi place,73.66991790264483
go tambourin man,73.6102198360872
ladi lowland sad-ey,73.39545911016445
ladi sad-ey prophet,73.39545911016445
sad-ey ladi lowland,73.39545911016445
sad-ey ladi prophet,73.39545911016445
critic fear rag,73.29179204723046
disgrac fear rag,73.29179204723046
'm tombston blue,73.24482476632608
lowland sad-ey say,73.11254146833262
sad-ey prophet say,73.11254146833262
go tambourin play,73.07564381650464
a-gonna fall blue-ey,73.05621729101618
children hard hard,72.89412647884683
jane wo jane,72.57796544875005
stay still ahead,72.40222236188467
go mr. man,72.29504780691823
disgrac critic fear,72.23965442389529
philosoph disgrac critic,72.23965442389529
much older 'm,72.22527475767222
drum sad-ey ladi,72.08028708099549
place mr. tambourin,71.98474296625696
alley hard hard,71.98210791817655
go mr. play,71.76047178733566
drum put ladi,71.61474005903808
put sad-ey wait,71.61474005903808
jane wo queen,71.26279341958109
queen jane wo,71.26279341958109
go man play,71.18308570023598
feel alon everybodi,71.0373539719384
gate sad-ey ladi,70.96832497431325
disgrac critic rag,70.95194204434584
much 'm younger,70.89092022965352
place go tambourin,70.87278085957473
eye arabian put,70.50277795235584
put gate ladi,70.50277795235584
warehous eye put,70.50277795235584
dyin bound blanket,70.34392967056564
queen wo queen,69.94762139041212
man play morn,69.78254610427231
food 'm blue,69.73504976199914
place go mr.,69.55760883040575
'm pledg hopin,69.42771349750159
ladi lowland say,69.42771349750159
ladi prophet say,69.42771349750159
eye drum put,69.18760592318688
lay lay brass,68.91935442966454
lay lay lay,68.91935442966454
would feel alon,68.89313747791903
a-gonna blue-ey son,68.50620319601646
a-gonna fall son,68.50620319601646
fall blue-ey son,68.50620319601646
sad-ey ladi wait,68.39545911016445
gaze chime flash,68.23965442389529
gaze freedom flash,68.23965442389529
stay night ahead,68.1997180696048
feel alon must,68.11254146833262
lowland sad-ey man,68.11254146833262
sad-ey prophet man,68.11254146833262
eye put gate,68.07564381650464
put ladi wait,67.92991208820705
home complet unknown,67.9276443758902
window throw troubl,67.72252235611543
dyin blanket bed,67.63164205011509
dyin put blanket,67.63164205011509
piti poor immigr,67.63164205011509
man song morn,67.5796831473424
along cove spi,67.3500847385495
wo jane wo,67.22601880929307
play song morn,67.04510712775983
say warehous eye,67.00057936165038
would alon everybodi,67.00057936165038
son darl one,66.99424063083438
spend peggi day,66.67038473278025
realli babi friend,66.52479354618434
feel alon stone,66.34392967056564
jane see jane,66.32027161377025
play song place,66.24278376679361
alon everybodi must,66.21998335206398
rain a-gonna blue-ey,65.99407830556427
rain fall blue-ey,65.99407830556427
wo queen wo,65.9108467801241
fear rag face,65.79391557556589
complet roll stone,65.68993474143413
complet unknown stone,65.68993474143413
unknown roll stone,65.68993474143413
later us must,65.6854073324814
sad-ey ladi sad-ey,65.47064660655867
jane see queen,65.00509958460127
put sad-ey ladi,65.00509958460127
queen jane see,65.00509958460127
