NGRAM,VALUE,
anywher belong,0.23076923076923078
belong bodi,0.23076923076923078
belong christ-forsaken,0.23076923076923078
freddi po,0.23076923076923078
gutter thank,0.23076923076923078
lay shade,0.17647058823529413
pick gutter,0.17647058823529413
behind boot,0.14285714285714285
behind bring,0.14285714285714285
behind hang,0.14285714285714285
belong belong,0.14285714285714285
bit blue,0.14285714285714285
bit workingman,0.14285714285714285
boot fight,0.14285714285714285
boot hang,0.14285714285714285
bottom behind,0.14285714285714285
bottom boot,0.14285714285714285
bottom bring,0.14285714285714285
bottom lag,0.14285714285714285
bring boot,0.14285714285714285
bring hang,0.14285714285714285
fight frontlin,0.14285714285714285
fight littl,0.14285714285714285
fill earli,0.14285714285714285
freddi freddi,0.14285714285714285
frontlin bit,0.14285714285714285
frontlin littl,0.14285714285714285
frontlin workingman,0.14285714285714285
hang fight,0.14285714285714285
hang frontlin,0.14285714285714285
heart burn,0.14285714285714285
lag behind,0.14285714285714285
lag boot,0.14285714285714285
lag bring,0.14285714285714285
littl bit,0.14285714285714285
littl blue,0.14285714285714285
littl workingman,0.14285714285714285
miss moor,0.14285714285714285
miss netti,0.14285714285714285
miss winter,0.14285714285714285
moor winter,0.14285714285714285
netti moor,0.14285714285714285
netti winter,0.14285714285714285
roll tumbl,0.14285714285714285
stay mississippi,0.14285714285714285
workingman blue,0.14285714285714285
tweedle-de dee,0.13513513513513514
burn yearn,0.13432835820895522
heart yearn,0.13432835820895522
beyond horizon,0.12941176470588237
understand honest,0.1282051282051282
high water,0.1267605633802817
worri anymor,0.1267605633802817
behind shoe,0.125
boot shoe,0.125
bring shoe,0.125
deal goe,0.125
lag shoe,0.125
nohow might,0.125
rainin break,0.125
rainin leve,0.125
shoe fight,0.125
shoe hang,0.125
sugar nohow,0.125
winter love,0.125
winter rise,0.125
turn cri,0.12280701754385964
door freddi,0.12
meet behind,0.12
meet bottom,0.12
meet bring,0.12
meet lag,0.12
meet moonlight,0.12
moonlight alon,0.12
shade nobodi,0.12
talk walk,0.11627906976744186
went might,0.11627906976744186
best bit,0.1111111111111111
best frontlin,0.1111111111111111
best littl,0.1111111111111111
brain nohow,0.1111111111111111
comin barren,0.1111111111111111
fight best,0.1111111111111111
hang best,0.1111111111111111
leve break,0.1111111111111111
love shall,0.1111111111111111
rise love,0.1111111111111111
rise shall,0.1111111111111111
roll whole,0.1111111111111111
someday worri,0.1111111111111111
tumbl whole,0.1111111111111111
summer night,0.10638297872340426
without might,0.10638297872340426
dawn lay,0.10344827586206896
feel honest,0.10344827586206896
let let,0.10344827586206896
meet alon,0.10344827586206896
readi unload,0.10344827586206896
summer night,0.10344827586206896
happi winter,0.1
miss happi,0.1
moor happi,0.1
netti happi,0.1
nohow went,0.1
shoe best,0.1
sugar brain,0.1
worri po,0.0989010989010989
honest knew,0.09803921568627451
water risin,0.09803921568627451
dum dee,0.0967741935483871
someday anymor,0.0967741935483871
keep rainin,0.09375
care stay,0.09090909090909091
comin field,0.09090909090909091
day night,0.09090909090909091
fight sing,0.09090909090909091
frontlin sing,0.09090909090909091
happi rise,0.09090909090909091
lover comin,0.09090909090909091
might goin,0.09090909090909091
nohow without,0.09090909090909091
po anymor,0.09090909090909091
sing bit,0.09090909090909091
sing blue,0.09090909090909091
sing littl,0.09090909090909091
sing workingman,0.09090909090909091
stop readi,0.09090909090909091
tweedle-de tweedle-de,0.09090909090909091
tweedle-de dee,0.09090909090909091
understand feel,0.09090909090909091
understand knew,0.09090909090909091
went without,0.09090909090909091
wo moonlight,0.09090909090909091
babi worri,0.088
keep break,0.08571428571428572
keep leve,0.08571428571428572
say tweedle-de,0.08571428571428572
year might,0.0847457627118644
burn still,0.08411214953271028
heart still,0.08411214953271028
brain went,0.08333333333333333
moor river,0.08333333333333333
winter river,0.08333333333333333
still yearn,0.08108108108108109
summer day,0.08108108108108109
wo alon,0.08108108108108109
wo meet,0.08108108108108109
best sing,0.07692307692307693
brain without,0.07692307692307693
dream keep,0.07692307692307693
river love,0.07692307692307693
river rise,0.07692307692307693
river shall,0.07692307692307693
tweedle-de dum,0.07692307692307693
water everywher,0.07692307692307693
po boy,0.07526881720430108
cri turn,0.07462686567164178
tweedle-de dee,0.07462686567164178
went year,0.07462686567164178
without goin,0.07462686567164178
compani tweedle-de,0.07317073170731707
dum tweedle-de,0.07317073170731707
someday po,0.07317073170731707
summer summer,0.07317073170731707
tweedle-de dum,0.07317073170731707
day summer,0.07142857142857142
dream live,0.07142857142857142
keep live,0.07142857142857142
love left,0.07142857142857142
love one,0.07142857142857142
nohow year,0.07142857142857142
rise one,0.07142857142857142
roll cri,0.07142857142857142
shall left,0.07142857142857142
shall one,0.07142857142857142
shall tell,0.07142857142857142
tumbl cri,0.07142857142857142
high everywher,0.07042253521126761
year without,0.07042253521126761
babi anymor,0.06666666666666667
brand new,0.06666666666666667
cri cri,0.06666666666666667
everybodi lift,0.06666666666666667
feel knew,0.06666666666666667
fill fill,0.06666666666666667
freddi boy,0.06666666666666667
happi river,0.06666666666666667
high risin,0.06666666666666667
hot summer,0.06666666666666667
mind paid,0.06666666666666667
night day,0.06666666666666667
rainin rainin,0.06666666666666667
spent woman,0.06666666666666667
thing mississippi,0.06666666666666667
thing stay,0.06666666666666667
travel care,0.06666666666666667
walk heart,0.06666666666666667
wrong mississippi,0.06666666666666667
wrong stay,0.06666666666666667
'd honest,0.06329113924050633
year goin,0.06329113924050633
brain year,0.0625
cri whole,0.0625
dum dee,0.0625
left black,0.0625
tell black,0.0625
woke morn,0.061224489795918366
understand 'd,0.060240963855421686
break rainin,0.058823529411764705
leve rainin,0.058823529411764705
babi po,0.05806451612903226
dum tweedle-de,0.05660377358490566
last hour,0.05660377358490566
'd knew,0.05263157894736842
break break,0.05263157894736842
break leve,0.05263157894736842
kill last,0.05263157894736842
left tell,0.05263157894736842
leve leve,0.05263157894736842
look see,0.05263157894736842
mississippi long,0.05263157894736842
one left,0.05263157894736842
one tell,0.05263157894736842
say dum,0.05263157894736842
stay long,0.05263157894736842
summer day,0.05263157894736842
someday babi,0.05084745762711865
wrong long,0.05
care care,0.04918032786885246
tumbl long,0.04918032786885246
love ever,0.04672897196261682
might keep,0.04672897196261682
sometim give,0.046153846153846156
wrong care,0.046153846153846156
year keep,0.046153846153846156
road went,0.045454545454545456
rainin keep,0.04477611940298507
cri night,0.044585987261146494
back fight,0.043478260869565216
back frontlin,0.043478260869565216
boot back,0.043478260869565216
bring back,0.043478260869565216
dee tweedle-de,0.043478260869565216
hang back,0.043478260869565216
sugar babi,0.043478260869565216
thing wrong,0.043478260869565216
tweedle-de tweedle-de,0.043478260869565216
went keep,0.043478260869565216
whole long,0.043478260869565216
without keep,0.04201680672268908
shoe back,0.041666666666666664
alway someon,0.0410958904109589
break keep,0.0410958904109589
feel 'd,0.0410958904109589
leve keep,0.0410958904109589
babi went,0.04065040650406504
'm 'm,0.040152963671128104
back best,0.04
man comin,0.04
shall world,0.04
keep keep,0.03954802259887006
ever tell,0.03937007874015748
keep goin,0.03937007874015748
'd like,0.03896103896103896
care long,0.03896103896103896
one mississippi,0.03896103896103896
one stay,0.03896103896103896
road nohow,0.03896103896103896
back sing,0.037037037037037035
black eye,0.037037037037037035
ever shall,0.037037037037037035
man freddi,0.037037037037037035
rise ever,0.037037037037037035
sugar road,0.037037037037037035
way belong,0.037037037037037035
world black,0.037037037037037035
summer gone,0.03597122302158273
babi nohow,0.03571428571428571
break peopl,0.03571428571428571
last last,0.03529411764705882
road brain,0.03529411764705882
say dee,0.03529411764705882
see see,0.03529411764705882
peopl road,0.034482758620689655
one gone,0.034013605442176874
cri long,0.033707865168539325
mind away,0.033707865168539325
babi brain,0.03333333333333333
left world,0.03333333333333333
one world,0.03333333333333333
tell eye,0.03333333333333333
tell world,0.03333333333333333
burn walk,0.03225806451612903
go go,0.03225806451612903
heart walk,0.03225806451612903
moor gone,0.03225806451612903
netti gone,0.03225806451612903
river ever,0.03225806451612903
winter gone,0.03225806451612903
ever left,0.03125
