NGRAM,VALUE,
belong bodi christ-forsaken,0.16666666666666666
anywher belong belong,0.10714285714285714
belong belong bodi,0.10714285714285714
belong belong christ-forsaken,0.10714285714285714
freddi freddi po,0.10714285714285714
behind boot hang,0.08333333333333333
behind bring boot,0.08333333333333333
behind bring hang,0.08333333333333333
bit workingman blue,0.08333333333333333
boot hang fight,0.08333333333333333
bottom behind boot,0.08333333333333333
bottom behind bring,0.08333333333333333
bottom bring boot,0.08333333333333333
bottom lag behind,0.08333333333333333
bottom lag boot,0.08333333333333333
bottom lag bring,0.08333333333333333
bring boot hang,0.08333333333333333
fight frontlin littl,0.08333333333333333
frontlin bit workingman,0.08333333333333333
frontlin littl bit,0.08333333333333333
frontlin littl workingman,0.08333333333333333
hang fight frontlin,0.08333333333333333
lag behind boot,0.08333333333333333
lag behind bring,0.08333333333333333
lag bring boot,0.08333333333333333
littl bit blue,0.08333333333333333
littl bit workingman,0.08333333333333333
littl workingman blue,0.08333333333333333
miss moor winter,0.08333333333333333
miss netti moor,0.08333333333333333
miss netti winter,0.08333333333333333
netti moor winter,0.08333333333333333
heart burn yearn,0.07894736842105263
behind boot shoe,0.07407407407407407
behind bring shoe,0.07407407407407407
behind shoe hang,0.07407407407407407
boot shoe fight,0.07407407407407407
boot shoe hang,0.07407407407407407
bring boot shoe,0.07407407407407407
bring shoe hang,0.07407407407407407
lag behind shoe,0.07407407407407407
lag boot shoe,0.07407407407407407
lag bring shoe,0.07407407407407407
shoe hang fight,0.07407407407407407
best frontlin bit,0.06666666666666667
best frontlin littl,0.06666666666666667
best littl bit,0.06666666666666667
fight best frontlin,0.06666666666666667
fight best littl,0.06666666666666667
hang best frontlin,0.06666666666666667
hang fight best,0.06666666666666667
meet behind bring,0.06666666666666667
meet bottom lag,0.06666666666666667
meet lag behind,0.06666666666666667
rainin leve break,0.06666666666666667
roll tumbl whole,0.06666666666666667
winter rise love,0.06666666666666667
door freddi freddi,0.06521739130434782
meet bottom behind,0.06521739130434782
meet lag bring,0.06521739130434782
meet bottom bring,0.06382978723404255
meet moonlight alon,0.0625
comin barren field,0.06060606060606061
miss happi winter,0.06060606060606061
miss moor happi,0.06060606060606061
miss netti happi,0.06060606060606061
moor happi winter,0.06060606060606061
netti happi winter,0.06060606060606061
netti moor happi,0.06060606060606061
rise love shall,0.06060606060606061
shoe fight best,0.06060606060606061
shoe hang best,0.06060606060606061
sugar brain nohow,0.06060606060606061
nohow went might,0.056338028169014086
fight frontlin sing,0.05555555555555555
fight sing littl,0.05555555555555555
frontlin sing bit,0.05555555555555555
frontlin sing littl,0.05555555555555555
frontlin sing workingman,0.05555555555555555
happi winter rise,0.05555555555555555
sing bit blue,0.05555555555555555
sing bit workingman,0.05555555555555555
sing littl bit,0.05555555555555555
sing littl blue,0.05555555555555555
sing littl workingman,0.05555555555555555
sing workingman blue,0.05555555555555555
understand honest knew,0.05555555555555555
went without might,0.05555555555555555
worri po anymor,0.05555555555555555
nohow without might,0.05333333333333334
keep rainin break,0.05263157894736842
keep rainin leve,0.05263157894736842
someday worri anymor,0.05263157894736842
heart burn still,0.05172413793103448
brain nohow went,0.05128205128205128
moor winter river,0.05128205128205128
burn still yearn,0.05
heart still yearn,0.05
wo meet moonlight,0.05
wo moonlight alon,0.05
keep leve break,0.04878048780487805
understand feel honest,0.04838709677419355
best frontlin sing,0.047619047619047616
best sing bit,0.047619047619047616
best sing littl,0.047619047619047616
brain nohow without,0.047619047619047616
fight best sing,0.047619047619047616
winter river love,0.047619047619047616
winter river rise,0.047619047619047616
went year might,0.046296296296296294
without might goin,0.046296296296296294
freddi po boy,0.045454545454545456
nohow went without,0.045454545454545456
wo meet alon,0.045454545454545456
river love shall,0.044444444444444446
river rise love,0.044444444444444446
river rise shall,0.044444444444444446
roll tumbl cri,0.044444444444444446
year without might,0.043859649122807015
summer day night,0.04285714285714286
nohow year might,0.0425531914893617
someday worri po,0.0425531914893617
day summer night,0.042105263157894736
babi worri anymor,0.041666666666666664
happi winter river,0.041666666666666664
love shall left,0.041666666666666664
love shall one,0.041666666666666664
moor happi river,0.041666666666666664
rise love one,0.041666666666666664
rise shall one,0.041666666666666664
thing stay mississippi,0.041666666666666664
wrong stay mississippi,0.041666666666666664
summer summer night,0.04054054054054054
brain went without,0.04
cri turn cri,0.03968253968253968
went year without,0.03968253968253968
year might goin,0.03968253968253968
freddi freddi boy,0.039473684210526314
brain nohow year,0.0392156862745098
happi river rise,0.0392156862745098
roll cri whole,0.0392156862745098
someday po anymor,0.0392156862745098
tumbl cri whole,0.0392156862745098
say tweedle-de dee,0.03870967741935484
feel honest knew,0.038461538461538464
nohow went year,0.0380952380952381
understand 'd honest,0.03787878787878788
dream keep live,0.037037037037037035
babi worri po,0.036585365853658534
high water everywher,0.036231884057971016
nohow year without,0.036036036036036036
understand feel knew,0.03571428571428571
babi po anymor,0.03488372093023256
year without goin,0.034722222222222224
summer day summer,0.034482758620689655
brain went year,0.03418803418803419
care care stay,0.03409090909090909
'd honest knew,0.03333333333333333
rainin leve rainin,0.03333333333333333
stay mississippi long,0.03333333333333333
brain year without,0.032520325203252036
rainin break rainin,0.03225806451612903
tweedle-de dum dee,0.03225806451612903
understand 'd knew,0.03205128205128205
love one left,0.031746031746031744
shall left tell,0.031746031746031744
shall one left,0.031746031746031744
shall one tell,0.031746031746031744
dum tweedle-de dee,0.031496062992125984
someday babi worri,0.03076923076923077
break rainin leve,0.030303030303030304
leve break rainin,0.030303030303030304
leve rainin leve,0.030303030303030304
tweedle-de dee tweedle-de,0.029850746268656716
break rainin break,0.029411764705882353
left tell black,0.028985507246376812
high water risin,0.02857142857142857
travel care care,0.02830188679245283
someday babi anymor,0.028169014084507043
back fight frontlin,0.027777777777777776
boot back fight,0.027777777777777776
boot hang back,0.027777777777777776
break leve break,0.027777777777777776
bring boot back,0.027777777777777776
bring hang back,0.027777777777777776
hang back fight,0.027777777777777776
hang back frontlin,0.027777777777777776
leve break leve,0.027777777777777776
thing wrong mississippi,0.027777777777777776
thing wrong stay,0.027777777777777776
went might keep,0.027777777777777776
without might keep,0.026881720430107527
tumbl whole long,0.026785714285714284
boot shoe back,0.02666666666666667
bring shoe back,0.02666666666666667
man comin barren,0.02666666666666667
shoe back fight,0.02666666666666667
shoe hang back,0.02666666666666667
care long stay,0.02631578947368421
rainin keep rainin,0.02631578947368421
travel wrong care,0.02631578947368421
dum tweedle-de dee,0.02608695652173913
back best frontlin,0.02564102564102564
back fight best,0.02564102564102564
hang back best,0.02564102564102564
one left tell,0.02564102564102564
tweedle-de dum tweedle-de,0.02564102564102564
might keep goin,0.025252525252525252
went without keep,0.025252525252525252
anywher way belong,0.025
feel 'd honest,0.025
man freddi po,0.025
one stay mississippi,0.025
say tweedle-de dum,0.025
someday babi po,0.025
way belong bodi,0.025
lover man comin,0.024691358024691357
shoe back best,0.024691358024691357
year might keep,0.024630541871921183
break keep rainin,0.024390243902439025
dee tweedle-de dum,0.024390243902439025
leve keep rainin,0.024390243902439025
rainin leve keep,0.024390243902439025
wrong mississippi long,0.024390243902439025
wrong stay long,0.024390243902439025
back fight sing,0.023809523809523808
back frontlin sing,0.023809523809523808
rainin break keep,0.023809523809523808
say dum tweedle-de,0.023809523809523808
love ever shall,0.023391812865497075
rise love ever,0.023391812865497075
went year keep,0.02336448598130841
sugar road nohow,0.023255813953488372
without keep goin,0.023148148148148147
man freddi freddi,0.023076923076923078
understand feel 'd,0.023076923076923078
way belong belong,0.023076923076923078
rise ever shall,0.022988505747126436
summer night gone,0.0228310502283105
leve break keep,0.022727272727272728
year without keep,0.02262443438914027
sugar babi nohow,0.022598870056497175
tweedle-de tweedle-de dee,0.022556390977443608
back best sing,0.022222222222222223
break keep leve,0.022222222222222223
leve keep leve,0.022222222222222223
road brain nohow,0.022222222222222223
wrong care care,0.022058823529411766
break keep break,0.021739130434782608
door man freddi,0.021739130434782608
road nohow went,0.02158273381294964
year keep goin,0.021551724137931036
babi brain nohow,0.021505376344086023
say dum dee,0.02142857142857143
tumbl cri long,0.02127659574468085
babi nohow went,0.021164021164021163
sugar babi brain,0.021164021164021163
sugar road brain,0.02112676056338028
moor winter gone,0.020833333333333332
netti moor gone,0.020833333333333332
netti winter gone,0.020833333333333332
shall left world,0.020833333333333332
shall one world,0.020833333333333332
shall tell world,0.020833333333333332
feel 'd knew,0.02054794520547945
river love ever,0.020512820512820513
keep rainin keep,0.020477815699658702
say tweedle-de tweedle-de,0.02040816326530612
tweedle-de tweedle-de dee,0.02040816326530612
river ever shall,0.020202020202020204
river rise ever,0.020202020202020204
winter gone love,0.020202020202020204
winter gone rise,0.020202020202020204
babi brain went,0.01990049751243781
love ever left,0.01990049751243781
love ever one,0.01990049751243781
road brain went,0.019736842105263157
ever shall tell,0.019704433497536946
cri whole long,0.0196078431372549
ever shall left,0.0196078431372549
ever shall one,0.0196078431372549
gone rise love,0.0196078431372549
left world black,0.0196078431372549
rise ever one,0.0196078431372549
roll tumbl night,0.0196078431372549
tell black eye,0.0196078431372549
tell world black,0.0196078431372549
wrong care long,0.0196078431372549
care care long,0.01948051948051948
one thing mississippi,0.019230769230769232
one thing stay,0.019230769230769232
one wrong mississippi,0.019230769230769232
one wrong stay,0.019230769230769232
happi winter gone,0.01904761904761905
moor happi gone,0.01904761904761905
netti happi gone,0.01904761904761905
keep leve keep,0.01892744479495268
keep break keep,0.018575851393188854
day night gone,0.018518518518518517
happi gone rise,0.018518518518518517
