NGRAM,VALUE,
wa-hooo wa-hooo,0.42857142857142855
troubl troubl,0.24092409240924093
boogi woogi,0.23076923076923078
freddi po,0.23076923076923078
noel noel,0.23076923076923078
brr-brr brrr,0.2283464566929134
brrr brr-brr,0.21875
wake strengthen,0.21428571428571427
ho ho,0.21212121212121213
lordi lordi,0.2054794520547945
brrr brrr,0.2023121387283237
knick-knack paddywhack,0.2
appl suckl,0.19540229885057472
play knick-knack,0.18787878787878787
noel born,0.1875
corrina gal,0.18181818181818182
corrina corrina,0.18032786885245902
locust sang,0.17857142857142858
behold lo,0.17647058823529413
fennario march,0.17647058823529413
juggler believ,0.17647058823529413
lo behold,0.17647058823529413
march fennario,0.17647058823529413
weekend weekend,0.1724137931034483
handi dandi,0.16981132075471697
lay brass,0.16666666666666666
lay lay,0.16666666666666666
pedro advanc,0.16666666666666666
odd lost,0.15789473684210525
wiggl wiggl,0.15702479338842976
anim begin,0.15254237288135594
roman king,0.15254237288135594
burn burn,0.15151515151515152
a-hoppin brook,0.14285714285714285
a-run a-run,0.14285714285714285
advanc businessmen,0.14285714285714285
agarram vida,0.14285714285714285
ah-a summertim,0.14285714285714285
best notifi,0.14285714285714285
boogi woogi,0.14285714285714285
boogi boogi,0.14285714285714285
brazo molass,0.14285714285714285
cassius clay,0.14285714285714285
could-a champion,0.14285714285714285
creation honor,0.14285714285714285
desk clerk,0.14285714285714285
dio nos,0.14285714285714285
dio vigila,0.14285714285714285
dot pug-nos,0.14285714285714285
durango agarram,0.14285714285714285
durango vida,0.14285714285714285
eatin eatin,0.14285714285714285
face cannonbal,0.14285714285714285
final tularosa,0.14285714285714285
folsom prison,0.14285714285714285
forgiv one,0.14285714285714285
freddi freddi,0.14285714285714285
frontlin workingman,0.14285714285714285
gibraltar curtain,0.14285714285714285
gregori peck,0.14285714285714285
honor forgiv,0.14285714285714285
honor one,0.14285714285714285
jingle-jangl followin,0.14285714285714285
johnni johnni,0.14285714285714285
jordan gibraltar,0.14285714285714285
jug a-fil,0.14285714285714285
juney bug,0.14285714285714285
junip jug,0.14285714285714285
lenni bruce,0.14285714285714285
leopard-skin pill-box,0.14285714285714285
lieuten lieuten,0.14285714285714285
llore dio,0.14285714285714285
llore nos,0.14285714285714285
llore querida,0.14285714285714285
mahatma gandhi,0.14285714285714285
march march,0.14285714285714285
martin luther,0.14285714285714285
mem ry,0.14285714285714285
nos vigila,0.14285714285714285
pat swear,0.14285714285714285
pledg hopin,0.14285714285714285
press press,0.14285714285714285
properti resent,0.14285714285714285
querida dio,0.14285714285714285
querida nos,0.14285714285714285
querida vigila,0.14285714285714285
readi readi,0.14285714285714285
ruben remus,0.14285714285714285
salari oblivion,0.14285714285714285
shore driftin,0.14285714285714285
summertim summertim,0.14285714285714285
sundown u.s.a.,0.14285714285714285
tularosa rio,0.14285714285714285
valeri salari,0.14285714285714285
valeri vivian,0.14285714285714285
vivian oblivion,0.14285714285714285
vivian salari,0.14285714285714285
wa-hooo wa-hooo,0.14285714285714285
warehous arabian,0.14285714285714285
whiskey-drink marin,0.14285714285714285
woogi boogi,0.14285714285714285
woogi woogi,0.14285714285714285
answer marin,0.13513513513513514
answer whiskey-drink,0.13513513513513514
bash ooh,0.13513513513513514
heavi bottl,0.13513513513513514
ooh ooh-e,0.13513513513513514
tweedle-de dee,0.13513513513513514
lamb save,0.13432835820895522
name begin,0.13432835820895522
neighborhood bulli,0.13385826771653545
behold lookin,0.13333333333333333
desol row,0.13333333333333333
knock knockin,0.13333333333333333
lo behold,0.13333333333333333
stuck mobil,0.13333333333333333
grand coule,0.13043478260869565
jokerman nightingal,0.13043478260869565
laugh ho,0.13043478260869565
wake wake,0.13043478260869565
write johnni,0.13043478260869565
drunken hay,0.12941176470588237
arabian drum,0.1282051282051282
burn ring,0.1282051282051282
coule dam,0.1282051282051282
creation neither,0.1282051282051282
drunken answer,0.1282051282051282
groom altar,0.1282051282051282
jordan rock,0.1282051282051282
juic odd,0.1282051282051282
late a-rollin,0.1282051282051282
melancholi mood,0.1282051282051282
mem serv,0.1282051282051282
neither forgiv,0.1282051282051282
neither honor,0.1282051282051282
neither one,0.1282051282051282
rock gibraltar,0.1282051282051282
ry serv,0.1282051282051282
stetson hat,0.1282051282051282
warehous drum,0.1282051282051282
mobil memphi,0.1267605633802817
diseas conceit,0.1262135922330097
rose dead,0.1262135922330097
netti winter,0.125
pat garrett,0.125
shake shake,0.125
sugar nohow,0.125
world war,0.125
brand leopard-skin,0.12280701754385964
brand pill-box,0.12280701754385964
hay whiskey-drink,0.12195121951219512
sad-ey prophet,0.12195121951219512
wake remain,0.12121212121212122
a-run stair,0.12
adio mi,0.12
anywher belong,0.12
b. stetson,0.12
belong christ-forsaken,0.12
cornbread layin,0.12
dexter bradley,0.12
dot moonbeam,0.12
driftin driftin,0.12
fifteen juggler,0.12
moonbeam pug-nos,0.12
name anim,0.12
seaport canadee-i-o,0.12
smith wonderin,0.12
speak dare,0.12
suckl tree,0.12
winterlud winterlud,0.12
brr-brr brr-brr,0.11827956989247312
mrs. henri,0.11790393013100436
clean-cut killer,0.11764705882352941
mama stuck,0.11764705882352941
strengthen remain,0.11764705882352941
stuck memphi,0.11764705882352941
ira hay,0.11711711711711711
brrr etc.,0.11627906976744186
doin dump,0.11627906976744186
grand dam,0.11627906976744186
hay answer,0.11627906976744186
indian marin,0.11627906976744186
lowland prophet,0.11627906976744186
prophet warehous,0.11627906976744186
sarah jane,0.11627906976744186
whiskey-drink indian,0.11627906976744186
rainin leve,0.11538461538461539
older younger,0.11475409836065574
alon stone,0.1111111111111111
answer indian,0.1111111111111111
bucket bucket,0.1111111111111111
forty-on forty-on,0.1111111111111111
herald sing,0.1111111111111111
higher burn,0.1111111111111111
noel israel,0.1111111111111111
odd end,0.1111111111111111
plow hold,0.1111111111111111
polli guess,0.1111111111111111
pus heavi,0.1111111111111111
round spin,0.1111111111111111
wastin tri,0.1111111111111111
wed supper,0.1111111111111111
willi scare,0.1111111111111111
duquesn blow,0.1076923076923077
iron bound,0.1076923076923077
b. hat,0.10638297872340426
goin goin,0.10638297872340426
mr. bojangl,0.10638297872340426
save grace,0.10638297872340426
sundown sure,0.10638297872340426
sundown union,0.10638297872340426
u.s.a. sure,0.10638297872340426
union u.s.a.,0.10638297872340426
william zanzing,0.10638297872340426
brownsvill curl,0.10526315789473684
lo lookin,0.10526315789473684
peggi day,0.10526315789473684
beyond horizon,0.10476190476190476
drunken ira,0.10476190476190476
live polit,0.10476190476190476
acapulco goin,0.10344827586206896
best kin,0.10344827586206896
booth thousand,0.10344827586206896
brr-brr brr-brr-brr,0.10344827586206896
bumbley bee,0.10344827586206896
frog a-hoppin,0.10344827586206896
frog brook,0.10344827586206896
gaze chime,0.10344827586206896
goin soccer,0.10344827586206896
grand final,0.10344827586206896
grand tularosa,0.10344827586206896
gutter thank,0.10344827586206896
isi drive,0.10344827586206896
jokerman tune,0.10344827586206896
junip watch,0.10344827586206896
lawd lawd,0.10344827586206896
loot trout,0.10344827586206896
minstrel coin,0.10344827586206896
notifi kin,0.10344827586206896
ol frisco,0.10344827586206896
phone booth,0.10344827586206896
save save,0.10344827586206896
shoulder stripe,0.10344827586206896
stripe shoulder,0.10344827586206896
stripe stripe,0.10344827586206896
thousand booth,0.10344827586206896
ugli ugli,0.10344827586206896
watch a-fil,0.10344827586206896
watch jug,0.10344827586206896
narrow work,0.102803738317757
bottl bread,0.10204081632653061
work maggi,0.1016949152542373
highway 51,0.10144927536231885
twenti iron,0.10144927536231885
bojangl danc,0.10067114093959731
aris cobweb,0.1
behold man,0.1
chang less,0.1
drown watered-down,0.1
gandhi luther,0.1
gandhi martin,0.1
gate eden,0.1
go-yeah pat,0.1
go-yeah swear,0.1
heal crippl,0.1
herald newborn,0.1
jolen queen,0.1
lag behind,0.1
mahatma martin,0.1
netti moor,0.1
philosoph critic,0.1
philosoph fear,0.1
roll tumbl,0.1
sang locust,0.1
solid rock,0.1
stuck insid,0.1
stop cri,0.09836065573770492
curtain risin,0.09803921568627451
groom waitin,0.09803921568627451
pave park,0.09803921568627451
risin groom,0.09803921568627451
senor senor,0.09803921568627451
troubl nothin,0.09803921568627451
usual rock,0.09803921568627451
broke-down engin,0.0967741935483871
dum dee,0.0967741935483871
knockin knock,0.0967741935483871
nightingal tune,0.0967741935483871
simpl twist,0.0967741935483871
tri cri,0.0967741935483871
santa claus,0.0962962962962963
call drunken,0.0958904109589041
happen jone,0.0958904109589041
happen mister,0.0958904109589041
trust trust,0.0958904109589041
insid mobil,0.09523809523809523
knock knock,0.09523809523809523
treat unkind,0.09473684210526316
flora lili,0.09433962264150944
ira answer,0.09433962264150944
