NGRAM,VALUE,
wa-hooo wa-hooo wa-hooo,0.21428571428571427
noel noel born,0.14285714285714285
boogi woogi boogi,0.125
wa-hooo wa-hooo wa-hooo,0.125
troubl troubl troubl,0.12126537785588752
brrr brr-brr brrr,0.12030075187969924
freddi freddi po,0.10714285714285714
fennario march fennario,0.1
wake wake strengthen,0.096
lo behold lookin,0.09523809523809523
noel noel noel,0.09090909090909091
fennario march march,0.08823529411764706
march march fennario,0.08823529411764706
wake strengthen remain,0.08743169398907104
brr-brr brrr brrr,0.08602150537634409
name anim begin,0.08571428571428572
dio nos vigila,0.08333333333333333
durango agarram vida,0.08333333333333333
honor forgiv one,0.08333333333333333
llore dio nos,0.08333333333333333
llore querida dio,0.08333333333333333
llore querida nos,0.08333333333333333
querida dio nos,0.08333333333333333
querida dio vigila,0.08333333333333333
querida nos vigila,0.08333333333333333
rosi face cannonbal,0.08333333333333333
valeri vivian salari,0.08333333333333333
vivian salari oblivion,0.08333333333333333
woogi boogi woogi,0.08333333333333333
brrr brrr brr-brr,0.08185053380782918
burn burn ring,0.08064516129032258
answer whiskey-drink marin,0.07936507936507936
play knick-knack paddywhack,0.07905138339920949
creation neither honor,0.07575757575757576
jordan rock gibraltar,0.07575757575757576
neither forgiv one,0.07575757575757576
neither honor forgiv,0.07575757575757576
neither honor one,0.07575757575757576
warehous arabian drum,0.07575757575757576
brand leopard-skin pill-box,0.07291666666666667
mem ry serv,0.07246376811594203
dot moonbeam pug-nos,0.07142857142857142
hay answer whiskey-drink,0.06944444444444445
whiskey-drink indian marin,0.06944444444444445
odd end lost,0.06896551724137931
stuck mobil memphi,0.06837606837606838
drunken hay answer,0.06756756756756757
answer indian marin,0.06666666666666667
answer whiskey-drink indian,0.06666666666666667
grand coule dam,0.06666666666666667
ho ho ho,0.06666666666666667
troubl troubl nothin,0.0650759219088937
corrina gal corrina,0.06451612903225806
sundown u.s.a. sure,0.0641025641025641
sundown union u.s.a.,0.0641025641025641
higher burn burn,0.06315789473684211
best notifi kin,0.0625
frog a-hoppin brook,0.0625
grand final tularosa,0.0625
junip watch jug,0.0625
watch jug a-fil,0.0625
b. stetson hat,0.06172839506172839
drunken ira hay,0.06111111111111111
noel born israel,0.06060606060606061
summertim ah-a summertim,0.06060606060606061
a-run stair a-run,0.060240963855421686
laugh ho ho,0.06
jokerman nightingal tune,0.058823529411764705
behold lookin lo,0.057971014492753624
mahatma gandhi martin,0.057971014492753624
stuck insid mobil,0.057971014492753624
brr-brr brrr brr-brr,0.05714285714285714
lo behold lo,0.05714285714285714
brrr brrr brrr,0.05688622754491018
write johnni johnni,0.05660377358490566
readi readi readi,0.0565149136577708
drunken ira answer,0.05649717514124294
creation natur honor,0.05555555555555555
face cannonbal waist,0.05555555555555555
gandhi martin luther,0.05555555555555555
groom waitin altar,0.05555555555555555
knock knock knockin,0.05555555555555555
natur forgiv one,0.05555555555555555
natur honor forgiv,0.05555555555555555
natur honor one,0.05555555555555555
netti moor winter,0.05555555555555555
san pedro advanc,0.05555555555555555
brr-brr brr-brr brrr,0.0547945205479452
ira hay answer,0.0546448087431694
appl suckl tree,0.05442176870748299
gal corrina gal,0.05405405405405406
brownsvill curl teeth,0.05333333333333334
go-yeah pat swear,0.05333333333333334
mama stuck insid,0.05333333333333334
stuck insid memphi,0.05333333333333334
higher burn ring,0.05309734513274336
insid mobil memphi,0.05228758169934641
creation natur neither,0.052083333333333336
natur neither forgiv,0.052083333333333336
natur neither honor,0.052083333333333336
natur neither one,0.052083333333333336
sundown union sure,0.052083333333333336
union u.s.a. sure,0.052083333333333336
agarram vida desert,0.05128205128205128
heaven knock knockin,0.05128205128205128
herald sing newborn,0.05128205128205128
knock knockin heaven,0.05128205128205128
phone booth thousand,0.05
stop cri stop,0.05
thousand phone booth,0.05
cri stop cri,0.04984423676012461
mr. bojangl danc,0.04927536231884058
sweetheart doin dump,0.049019607843137254
refus sugar salt,0.04878048780487805
happen mister jone,0.04861111111111111
frontlin bit workingman,0.047619047619047616
gave anim begin,0.047619047619047616
ho ho ho,0.047619047619047616
horn wa-hooo wa-hooo,0.047619047619047616
netti happi winter,0.047619047619047616
philosoph critic fear,0.047619047619047616
sugar brain nohow,0.047619047619047616
call drunken hay,0.0472972972972973
anywher belong belong,0.046875
belong belong christ-forsaken,0.046875
gaze chime freedom,0.046511627906976744
bessi smith wonderin,0.045454545454545456
brrr brr-brr brr-brr,0.045454545454545456
ho ho cherri,0.045454545454545456
noel born king,0.045454545454545456
clean-cut kid killer,0.04519774011299435
leopard-skin pill-box hat,0.04487179487179487
mrs. henri pleas,0.044657097288676235
philosoph disgrac critic,0.044444444444444446
philosoph disgrac fear,0.044444444444444446
rainin leve break,0.044444444444444446
gave name begin,0.04411764705882353
jordan east gibraltar,0.04411764705882353
noel noel king,0.04411764705882353
juic odd end,0.04395604395604396
tambourin man play,0.043859649122807015
u.s.a. sure idea,0.043859649122807015
shine light shine,0.04377104377104377
knick-knack knick-knack paddywhack,0.043668122270742356
save lamb save,0.043478260869565216
horn wa-hooo wa-hooo,0.04285714285714286
goin acapulco goin,0.0425531914893617
ho cherri cap,0.0425531914893617
back-io a-run stair,0.04225352112676056
lordi lordi lordi,0.04225352112676056
stair a-run stair,0.04201680672268908
arabian drum gate,0.041666666666666664
arthur dexter bradley,0.041666666666666664
brand leopard-skin hat,0.041666666666666664
brand pill-box hat,0.041666666666666664
cane brazo molass,0.041666666666666664
done done stay,0.041666666666666664
duquesn whistl blow,0.041666666666666664
earli roman king,0.041666666666666664
east rock gibraltar,0.041666666666666664
go-yeah pat swear,0.041666666666666664
heaven knock knock,0.041666666666666664
knock knock heaven,0.041666666666666664
lookin behold man,0.041666666666666664
netti moor happi,0.041666666666666664
pat swear step,0.041666666666666664
piec cornbread layin,0.041666666666666664
salari water oblivion,0.041666666666666664
vivian salari water,0.041666666666666664
vivian water oblivion,0.041666666666666664
locust sang locust,0.0410958904109589
corrina corrina gal,0.04081632653061224
dude think winterlud,0.04040404040404041
heaven knock knockin,0.04040404040404041
knock knockin heaven,0.04040404040404041
call drunken ira,0.040229885057471264
night night night,0.04019138755980861
columbia grand coule,0.04
knock knockin knock,0.04
knockin knock knock,0.04
lay lay brass,0.04
lay lay lay,0.04
mean boogi woogi,0.04
meet lag behind,0.04
sang locust sang,0.04
solid rock foundat,0.04
sure idea greed,0.03968253968253968
jordan east rock,0.039473684210526314
agarram mi vida,0.0392156862745098
desert danc fandango,0.0392156862745098
durango agarram mi,0.0392156862745098
durango mi vida,0.0392156862745098
llore mi dio,0.0392156862745098
llore mi nos,0.0392156862745098
llore mi querida,0.0392156862745098
mi dio nos,0.0392156862745098
mi dio vigila,0.0392156862745098
mi nos vigila,0.0392156862745098
mi querida dio,0.0392156862745098
mi querida nos,0.0392156862745098
mi querida vigila,0.0392156862745098
moor happi winter,0.0392156862745098
pedro advanc spirit,0.0392156862745098
isi mystic drive,0.03896103896103896
speak dare multitud,0.03896103896103896
call ira hay,0.03888888888888889
behold lookin behold,0.038461538461538464
boogi boogi woogi,0.038461538461538464
boogi woogi boogi,0.038461538461538464
boogi woogi woogi,0.038461538461538464
boogi woogi woogi,0.038461538461538464
cell could-a champion,0.038461538461538464
gibraltar page curtain,0.038461538461538464
martin luther king,0.038461538461538464
william zanzing philosoph,0.038461538461538464
woogi boogi woogi,0.038461538461538464
knockin heaven knock,0.0379746835443038
arabian drum sad-ey,0.03787878787878788
forgiv one see,0.03787878787878788
name mahatma gandhi,0.03787878787878788
advanc spirit businessmen,0.03773584905660377
knick-knack paddywhack dog,0.03754266211604096
pleas stop cri,0.037383177570093455
usual usual rock,0.037383177570093455
west jordan gibraltar,0.037383177570093455
burn ring ring,0.03731343283582089
boogi boogi woogi,0.037037037037037035
critic fear rag,0.037037037037037035
direct complet unknown,0.037037037037037035
disgrac critic fear,0.037037037037037035
nightingal tune fli,0.037037037037037035
odd end lost,0.037037037037037035
papa write johnni,0.037037037037037035
spin love spin,0.037037037037037035
stop cri babi,0.037037037037037035
zanzing philosoph disgrac,0.037037037037037035
knick-knack paddywhack bone,0.03690036900369004
juic odd end,0.036585365853658534
boogi woogi countri,0.03636363636363636
lo behold behold,0.03636363636363636
press higher call,0.03636363636363636
chime freedom flash,0.036231884057971016
lowland sad-ey prophet,0.036231884057971016
sad-ey lowland prophet,0.036231884057971016
u.s.a. sure til,0.036231884057971016
whiskey-drink marin war,0.036231884057971016
west rock gibraltar,0.036036036036036036
end odd lost,0.03571428571428571
found fennario march,0.03571428571428571
laugh fat side,0.03571428571428571
rock gibraltar page,0.03571428571428571
simpl twist fate,0.03571428571428571
solid made foundat,0.03571428571428571
west jordan rock,0.03571428571428571
mr. tambourin man,0.03558718861209965
mr. tambourin play,0.03546099290780142
play knick-knack knick-knack,0.03536977491961415
behold lo behold,0.03508771929824561
disgrac critic rag,0.03508771929824561
disgrac fear rag,0.03508771929824561
gaze chime flash,0.03508771929824561
lo behold man,0.03508771929824561
willi scare way,0.03508771929824561
listen duquesn blow,0.03482587064676617
weekend weekend weekend,0.034782608695652174
burn ring fire,0.034722222222222224
play jingle-jangl followin,0.034722222222222224
alberta treat unkind,0.03463203463203463
boogi boogi boogi,0.034482758620689655
heavi bottl bread,0.034482758620689655
odd odd lost,0.034482758620689655
pat garrett number,0.034482758620689655
solid rock made,0.034482758620689655
woogi boogi woogi,0.034482758620689655
woogi woogi boogi,0.034482758620689655
woogi woogi woogi,0.034482758620689655
troubl nothin troubl,0.034274193548387094
bash ooh ooh-e,0.03424657534246575
burn burn burn,0.03424657534246575
ooh-e ooh ooh-e,0.03424657534246575
curtain risin age,0.03418803418803419
risin age groom,0.03418803418803419
light shine light,0.03415061295971979
found march march,0.03409090909090909
highway 51 run,0.034013605442176874
age groom waitin,0.03389830508474576
underneath appl suckl,0.033816425120772944
corrina corrina corrina,0.03361344537815126
ho ho cherri,0.03361344537815126
street clay joey,0.033444816053511704
behold lo behold,0.03333333333333333
cornbread layin shelf,0.03333333333333333
curl teeth pearl,0.03333333333333333
done laid around,0.03333333333333333
dream titan sink,0.03333333333333333
end end lost,0.03333333333333333
indian marin war,0.03333333333333333
lag behind boot,0.03333333333333333
loot catch trout,0.03333333333333333
million dollar bash,0.03333333333333333
