NGRAM,VALUE,
fennario march,10.566886488038495
found march,10.566886488038495
juggler believ,10.566886488038495
march fennario,10.566886488038495
stay ahead,10.244958393151133
bird whistl,10.151848988759651
whistl bird,10.151848988759651
hang frame,9.98192398731734
pictur frame,9.98192398731734
cassius clay,9.981923987317339
dear landlord,9.981923987317339
eatin eatin,9.981923987317339
fifteen juggler,9.981923987317339
march march,9.981923987317339
suppos sooner,9.981923987317339
tom pain,9.981923987317339
bird bird,9.88881458292586
five believ,9.829920893872288
sport car,9.829920893872288
a-run a-run,9.566886488038497
bird sing,9.566886488038497
complet unknown,9.566886488038497
lay brass,9.566886488038497
lay lay,9.566886488038497
lieuten lieuten,9.566886488038497
philosoph fear,9.566886488038497
a-run stair,9.566886488038495
direct complet,9.566886488038495
direct unknown,9.566886488038495
hors follow,9.566886488038495
mountain rang,9.566886488038495
stop beat,9.566886488038495
world war,9.566886488038495
corrina gal,9.396961486596185
a-gonna fall,9.244958393151137
jingle-jangl followin,9.244958393151137
lowland prophet,9.244958393151137
pledg hopin,9.244958393151137
prophet warehous,9.244958393151137
warehous arabian,9.244958393151137
william zanzing,9.244958393151137
alon stone,9.244958393151133
complet roll,9.244958393151133
fear rag,9.244958393151133
fifteen five,9.244958393151133
god almighti,9.244958393151133
juggler five,9.244958393151133
mind hate,9.244958393151133
piti immigr,9.244958393151133
unknown roll,9.244958393151133
hang pictur,9.204316408653789
throw troubl,9.174569065259735
arabian drum,8.98192398731734
bid farewel,8.98192398731734
critic fear,8.98192398731734
disgrac fear,8.98192398731734
philosoph critic,8.98192398731734
philosoph disgrac,8.98192398731734
stair a-run,8.98192398731734
stay awhil,8.98192398731734
warehous drum,8.98192398731734
bottom rambl,8.981923987317339
peggi night,8.981923987317339
a-gonna blue-ey,8.923030298263772
dyin blanket,8.923030298263772
fall blue-ey,8.923030298263772
stay stay,8.923030298263772
captain arab,8.829920893872288
gettin fill,8.829920893872288
street gettin,8.829920893872288
william philosoph,8.829920893872288
zanzing philosoph,8.829920893872288
arabian gate,8.759531565980893
brand leopard-skin,8.759531565980893
brand pill-box,8.759531565980893
happen jone,8.759531565980893
happen mister,8.759531565980893
leopard-skin pill-box,8.759531565980893
mister jone,8.759531565980893
pretti peggy-o,8.759531565980893
dog barkin,8.75953156598089
factori daddi,8.75953156598089
hate cri,8.75953156598089
morn mile,8.75953156598089
older younger,8.75953156598089
stop turn,8.75953156598089
three o'clock,8.75953156598089
pictur hang,8.718889581483548
corrina corrina,8.686468103791167
critic rag,8.65999589242998
disgrac rag,8.65999589242998
sad-ey prophet,8.659995892429976
spend peggi,8.61935390793263
peggi day,8.589606564538581
blue-ey darl,8.566886488038499
earli mornin,8.566886488038497
mama stuck,8.566886488038497
buri ground,8.566886488038495
gaze chime,8.566886488038495
gaze freedom,8.566886488038495
march captain,8.566886488038495
orlean rise,8.566886488038495
somehow older,8.566886488038495
gettin gettin,8.507992798984926
jump jump,8.507992798984926
51 run,8.4964971601471
drum gate,8.4964971601471
pawn game,8.4964971601471
rag tear,8.437603471093531
ticket throw,8.437603471093531
big brass,8.396961486596185
desol row,8.396961486596185
disgrac critic,8.396961486596185
gal corrina,8.396961486596185
gaze flash,8.396961486596185
lay big,8.396961486596185
mama insid,8.396961486596185
plow hold,8.396961486596185
stair stair,8.396961486596185
stuck insid,8.396961486596185
stuck memphi,8.396961486596185
stuck mobil,8.396961486596185
fix hate,8.396961486596183
mobil memphi,8.396961486596183
chime freedom,8.3742414100961
beat turn,8.344494066702048
brother hand,8.344494066702048
church toll,8.344494066702048
fear take,8.344494066702048
philosoph take,8.344494066702048
somehow younger,8.344494066702048
chime flash,8.303852082204703
freedom flash,8.303852082204703
kitchen tombston,8.303852082204703
sweet mari,8.303852082204703
tonight sweet,8.303852082204703
vision johanna,8.303852082204703
tambourin jingle-jangl,8.244958393151137
allow chanc,8.244958393151133
babi blue,8.244958393151133
blame game,8.244958393151133
daddi alley,8.244958393151133
daddi food,8.244958393151133
food tombston,8.244958393151133
morn thousand,8.244958393151133
sooner later,8.244958393151133
stop cold,8.244958393151133
suppos later,8.244958393151133
two follow,8.244958393151133
zanzing disgrac,8.244958393151133
insid memphi,8.22703648515387
insid mobil,8.22703648515387
babe light,8.174569065259735
cove spi,8.174569065259735
day stole,8.174569065259735
spend day,8.174569065259735
throw suitcas,8.174569065259735
call rise,8.151848988759651
give lay,8.151848988759651
mornin callin,8.151848988759651
blue-ey son,8.1074548694012
highway 61,8.1074548694012
brand hat,8.107454869401199
church bell,8.107454869401199
daddi lookin,8.107454869401199
die hate,8.107454869401199
feel direct,8.107454869401199
highway 51,8.107454869401199
leopard-skin hat,8.107454869401199
lookin tombston,8.107454869401199
pill-box hat,8.107454869401199
gate eden,8.075033391708821
blame pawn,8.022565971814686
take rag,8.022565971814686
factori alley,8.022565971814684
thousand mile,8.022565971814684
sleepi mr.,7.981923987317342
franki lee,7.98192398731734
hang hang,7.981923987317339
hate children,7.981923987317339
pictur pictur,7.981923987317339
wan lay,7.981923987317339
mr. tambourin,7.981923987317338
queen jane,7.981923987317338
throw throw,7.952176643923289
babe lookin,7.923030298263773
bound blanket,7.923030298263773
dyin bound,7.923030298263773
tonight stay,7.923030298263773
hard a-gonna,7.903921475316067
tonight mari,7.8888145829258605
answer blowin,7.885062448064749
factori lookin,7.885062448064749
man jingle-jangl,7.866446769897406
man sleepi,7.866446769897406
along cove,7.8664467698974025
rambl shoe,7.8664467698974025
shoe daddi,7.8664467698974025
tambourin man,7.8664467698974025
juda priest,7.844420463567407
rise head,7.844420463567407
almighti follow,7.829920893872289
beat cold,7.829920893872289
follow almighti,7.829920893872289
two hors,7.829920893872289
work maggi,7.816458634065729
believ fix,7.811998985875028
peggi stole,7.811998985875028
maggi pa,7.8013517416755205
a-gonna son,7.785526774513837
fall son,7.785526774513837
new york,7.759531565980893
play followin,7.759531565980893
play jingle-jangl,7.759531565980893
play sleepi,7.759531565980893
anyth almighti,7.759531565980892
lovin honey,7.759531565980892
new orlean,7.759531565980891
critic take,7.7595315659808906
disgrac take,7.7595315659808906
jackson name,7.7595315659808906
second mother,7.7595315659808906
tambourin play,7.7595315659808906
mr. man,7.740915887813545
hous rise,7.692417370122354
lieuten gone,7.692417370122353
arabian sad-ey,7.65999589242998
lowland sad-ey,7.65999589242998
sad-ey lowland,7.65999589242998
brand new,7.659995892429978
feel funni,7.659995892429978
meet middl,7.659995892429978
new leopard-skin,7.659995892429978
new pill-box,7.659995892429978
stay stay,7.659995892429978
woman break,7.659995892429978
fix mind,7.6599958924299765
gettin empti,7.6599958924299765
wish vain,7.6599958924299765
factori shoe,7.644054348560955
gate wait,7.6220280422309585
alley lookin,7.592881696571441
alley kitchen,7.566886488038499
arabian put,7.566886488038499
blue-ey young,7.566886488038499
countri pie,7.566886488038499
food kitchen,7.566886488038499
sleepi go,7.566886488038499
time a-changin,7.566886488038499
warehous put,7.566886488038499
across brass,7.566886488038497
captain captain,7.566886488038497
end stuck,7.566886488038497
lay across,7.566886488038497
lay lay,7.566886488038497
lay across,7.566886488038497
mama end,7.566886488038497
end memphi,7.566886488038496
end mobil,7.566886488038496
freight train,7.566886488038495
orlean call,7.566886488038494
sooner us,7.566886488038494
stop hand,7.566886488038494
suppos us,7.566886488038494
us sooner,7.566886488038494
us suppos,7.566886488038494
oxford town,7.557897704811239
answer answer,7.537139144644443
oxford oxford,7.537139144644443
highway run,7.522492368680044
priest lee,7.522492368680044
follow god,7.507992798984927
god follow,7.507992798984927
tri close,7.507992798984927
alley food,7.507992798984926
mr. play,7.496497160147096
jingle-jangl morn,7.479423646788158
morn followin,7.479423646788158
rain a-gonna,7.479423646788158
rain fall,7.479423646788158
white hors,7.479423646788157
hate leav,7.479423646788155
white follow,7.479423646788155
anyth god,7.43760347109353
peggy-o mother,7.43760347109353
stay still,7.43760347109353
babe babe,7.437603471093529
lookin kitchen,7.429382964288562
son darl,7.429382964288562
never back-io,7.423928534196452
chanc allow,7.396961486596186
drum sad-ey,7.396961486596186
ten thousand,7.396961486596186
feel believ,7.396961486596185
poor immigr,7.396961486596185
priest franki,7.396961486596185
end insid,7.396961486596184
keep plow,7.396961486596184
fix feel,7.396961486596182
much older,7.396961486596182
