NGRAM,VALUE,
fennario march fennario,22.548810475355836
found fennario march,22.548810475355836
fennario march march,21.96384797463468
found march march,21.96384797463468
march march fennario,21.96384797463468
juggler five believ,21.641919879747316
back-io a-run stair,21.548810475355836
bird whistl bird,21.548810475355836
five believ dress,21.22688238046847
fifteen juggler five,21.056957379026162
hang pictur frame,20.96384797463468
direct complet unknown,20.548810475355836
march fennario captain,20.548810475355836
a-run stair a-run,20.285776069522043
a-hurtin throw away,20.226882380468474
complet unknown roll,20.226882380468474
throw away guilti,20.226882380468474
bird sing bird,20.13377297607699
frame hang pictur,19.96384797463468
march march captain,19.96384797463468
philosoph critic fear,19.96384797463468
philosoph disgrac fear,19.96384797463468
pictur frame hang,19.96384797463468
want fifteen juggler,19.96384797463468
stop beat turn,19.74145555329823
stair a-run stair,19.70081356880089
seen-io lieuten gone,19.674341357439694
critic fear rag,19.64191987974732
disgrac fear rag,19.64191987974732
warehous arabian drum,19.64191987974732
suppos sooner later,19.641919879747316
a-gonna fall blue-ey,19.58302619069375
william zanzing philosoph,19.489916786302267
rodeo captain dead,19.4333332579359
stay still ahead,19.41952745841087
never come back-io,19.405852521513793
disgrac critic fear,19.378885473913527
gal corrina gal,19.378885473913527
lay big brass,19.378885473913527
philosoph disgrac critic,19.378885473913527
philosoph fear take,19.326418054019385
stop beat cold,19.226882380468474
two hors follow,19.226882380468474
zanzing philosoph disgrac,19.226882380468474
arabian drum gate,19.156493052577076
disgrac critic rag,19.056957379026162
fix mind hate,19.05695737902616
fear take rag,19.004489959132023
afternoon hang pictur,18.96384797463468
suppos sooner us,18.96384797463468
us suppos sooner,18.96384797463468
brand leopard-skin pill-box,18.93410063124063
happen mister jone,18.93410063124063
wound hatr hard,18.885845462633405
corrina gal corrina,18.793922973192366
mind die hate,18.767450761831174
a-run stair pretti,18.74145555329823
critic fear take,18.74145555329823
disgrac fear take,18.74145555329823
philosoph critic take,18.74145555329823
philosoph disgrac take,18.74145555329823
somehow older younger,18.74145555329823
mind hate children,18.641919879747316
dyin bound blanket,18.58302619069375
lay across brass,18.54881047535584
lay lay across,18.54881047535584
gaze chime freedom,18.548810475355836
lay lay brass,18.548810475355836
lay lay lay,18.548810475355836
orlean call rise,18.548810475355836
stop beat hand,18.548810475355836
follow god almighti,18.489916786302267
god almighti follow,18.489916786302267
white hors follow,18.461347634105493
a-gonna blue-ey son,18.445522666943816
a-gonna fall son,18.445522666943816
fall blue-ey son,18.445522666943816
anyth god almighti,18.41952745841087
blame pawn game,18.41952745841087
critic take rag,18.41952745841087
disgrac take rag,18.41952745841087
factori daddi alley,18.41952745841087
morn thousand mile,18.41952745841087
play jingle-jangl followin,18.41952745841087
stop turn cold,18.41952745841087
lieuten gone lieuten,18.4113069516059
gaze chime flash,18.378885473913527
gaze freedom flash,18.378885473913527
mama stuck insid,18.378885473913524
hang hang pictur,18.37888547391352
hang pictur hang,18.37888547391352
hang pictur pictur,18.37888547391352
pictur hang pictur,18.37888547391352
lowland sad-ey prophet,18.31999178485996
sad-ey lowland prophet,18.31999178485996
peggi day stole,18.308496146022126
heart stop beat,18.30088296191225
chime freedom flash,18.285776069522043
tonight sweet mari,18.285776069522043
brand leopard-skin hat,18.282023934660938
brand pill-box hat,18.282023934660938
leopard-skin pill-box hat,18.282023934660938
bodi highway 51,18.282023934660934
die hate cri,18.282023934660934
factori daddi lookin,18.282023934660934
bottom rambl shoe,18.263408256493584
window throw troubl,18.249602456968557
warehous arabian put,18.226882380468474
corrina corrina gal,18.20896047247121
corrina gal long,18.20896047247121
stuck insid memphi,18.20896047247121
stuck insid mobil,18.20896047247121
stuck mobil memphi,18.20896047247121
stay night ahead,18.182488261110024
disgrac critic take,18.156493052577076
hate children cri,18.156493052577076
jingle-jangl morn followin,18.139419539218135
rain a-gonna fall,18.139419539218135
mind hate leav,18.13941953921813
blue-ey son darl,18.08937885671854
feel direct complet,18.08937885671854
hous orlean rise,18.08937885671854
arabian drum sad-ey,18.056957379026162
piti poor immigr,18.056957379026162
wish vain sit,18.05695737902616
factori shoe daddi,18.04101583515714
insid mobil memphi,18.0390354710289
highway 51 run,18.01898952882714
beat turn cold,18.004489959132023
spend peggi day,17.986568051134764
hard a-gonna fall,17.97895486702489
song jingle-jangl followin,17.97895486702489
arabian drum put,17.96384797463468
food kitchen tombston,17.96384797463468
give wan lay,17.96384797463468
hold earli mornin,17.96384797463468
warehous drum put,17.96384797463468
fix die hate,17.919453855276224
dyin put blanket,17.904954285581113
daddi alley food,17.90495428558111
start sing hard,17.885845462633405
church bell toll,17.86698643538209
direct home complet,17.848370757214745
direct home unknown,17.848370757214745
home complet unknown,17.848370757214745
lay ladi lay,17.848370757214745
brand new leopard-skin,17.834564957689718
brand new pill-box,17.834564957689718
new leopard-skin pill-box,17.834564957689718
arabian gate sad-ey,17.834564957689715
lookin kitchen tombston,17.826344450884744
rain a-gonna blue-ey,17.817491444330773
rain fall blue-ey,17.817491444330773
fifty-four work maggi,17.798382621383066
daddi alley lookin,17.767450761831178
daddi lookin food,17.767450761831178
feel alon stone,17.767450761831178
god almighti world,17.767450761831178
lookin food tombston,17.767450761831178
complet unknown stone,17.741455553298234
arabian put gate,17.74145555329823
new orlean rise,17.74145555329823
pair die easi,17.74145555329823
stop hand turn,17.74145555329823
hous call rise,17.674341357439694
hate leav cri,17.65399271204789
fear rag face,17.64191987974732
mama bottom rambl,17.641919879747316
pretti peggy-o mother,17.612172536353267
must suppos sooner,17.606295970016596
dyin blanket bed,17.58302619069375
drum gate sad-ey,17.57153055185592
much older younger,17.57153055185592
blue-ey darl young,17.548810475355836
mama end stuck,17.548810475355836
factori alley lookin,17.545058340494727
ladi lowland prophet,17.52644266232738
shoe daddi alley,17.52644266232738
shoe daddi food,17.52644266232738
tambourin man jingle-jangl,17.52644266232738
ticket window throw,17.512636862802353
die hate children,17.50441635599738
heart stop turn,17.493528039854645
drum put gate,17.478421147464438
alon everybodi stone,17.471994878305008
lowland prophet say,17.471994878305004
prophet say warehous,17.471994878305004
seen wish vain,17.471994878305004
along cove spi,17.456053334435985
tambourin play jingle-jangl,17.419527458410872
complet roll stone,17.41952745841087
die mind hate,17.41952745841087
mama factori daddi,17.41952745841087
unknown roll stone,17.41952745841087
shoe daddi lookin,17.388939138577445
end mobil memphi,17.378885473913527
across big brass,17.378885473913524
end stuck insid,17.378885473913524
end stuck memphi,17.378885473913524
end stuck mobil,17.378885473913524
lay across big,17.378885473913524
lay lay big,17.378885473913524
mama end insid,17.378885473913524
somehow much older,17.37888547391352
beat hand turn,17.32641805401939
new call rise,17.32641805401939
factori shoe alley,17.304050240990932
bid farewel everi,17.30088296191225
throw troubl door,17.298512057449503
blue bottom rambl,17.263408256493587
ladi stay awhil,17.263408256493587
mr. tambourin man,17.263408256493587
alley food kitchen,17.226882380468474
lay brass bed,17.226882380468474
sooner later us,17.226882380468474
stop hand cold,17.226882380468474
suppos later us,17.226882380468474
us sooner later,17.226882380468474
us suppos later,17.226882380468474
end insid memphi,17.20896047247121
end insid mobil,17.20896047247121
keep plow hold,17.20896047247121
stay ladi stay,17.204514567440018
mother pretti peggy-o,17.19713503707442
peggy-o mother pretti,17.19713503707442
brand new hat,17.182488261110024
new leopard-skin hat,17.182488261110024
new pill-box hat,17.182488261110024
fix mind die,17.18248826111002
captain dead captain,17.170298852102107
factori shoe lookin,17.166546717240998
51 run right,17.156493052577076
gaze upon chime,17.156493052577076
gaze upon freedom,17.156493052577076
mr. tambourin play,17.156493052577076
somehow much younger,17.156493052577076
two white follow,17.13941953921813
corrina gal mind,17.13095796046994
someth happen jone,17.097599363523507
someth happen mister,17.097599363523507
someth mister jone,17.097599363523507
alley lookin kitchen,17.08937885671854
blue-ey son young,17.08937885671854
lookin food kitchen,17.08937885671854
hous orlean call,17.089378856718536
heart beat turn,17.0784905405758
answer blowin answer,17.059631513324486
big brass bed,17.056957379026162
feel funni believ,17.056957379026162
man play jingle-jangl,17.04101583515714
man play sleepi,17.04101583515714
tambourin man play,17.04101583515714
corrina corrina corrina,17.0390354710289
alley lookin food,17.030485167664967
alon stone stone,17.004489959132023
follow anyth almighti,17.004489959132023
die hate leav,17.001916015468197
come warehous arabian,16.998063689972593
prophet come warehous,16.998063689972593
day stole poor,16.986568051134764
gaze upon flash,16.986568051134764
god almighti let,16.97895486702489
tambourin song jingle-jangl,16.97895486702489
warehous eye arabian,16.97895486702489
sleepi go mr.,16.96384797463468
hear church toll,16.934100631240625
priest franki lee,16.919453855276227
bound put blanket,16.904954285581113
dyin bound put,16.904954285581113
fear rag away,16.90495428558111
mama daddi alley,16.90495428558111
hate leav children,16.87638513338434
'd god almighti,16.86933037585039
alon must stone,16.86933037585039
answer blowin wind,16.866986435382092
hous new rise,16.86698643538209
lieuten gone pretti,16.86698643538209
stay stay night,16.86056016622266
babe babe lookin,16.834564957689715
babe lookin babe,16.834564957689715
rag face tear,16.834564957689715
beat hand cold,16.81184488118963
open gate want,16.802856097962373
hard rain a-gonna,16.798382621383066
work maggi talk,16.798382621383066
shoe alley food,16.789477068161172
drum gate ladi,16.777981429323347
mr. man play,16.777981429323347
mind die children,16.767450761831178
man jingle-jangl morn,16.760907915964406
lord bottom rambl,16.75439460900573
ever church toll,16.74145555329823
fear take face,16.74145555329823
new orlean call,16.74145555329823
upon chime freedom,16.74145555329823
come arabian drum,16.7350292841388
come warehous drum,16.7350292841388
sad-ey lowland sad-ey,16.735029284138797
sad-ey sad-ey prophet,16.735029284138797
wish wish vain,16.735029284138797
