NGRAM,VALUE,
freddi po,13.657681310978953
wa-hooo wa-hooo,13.657681310978953
anywher belong,12.657681310978953
belong christ-forsaken,12.657681310978953
fennario march,12.657681310978953
juggler believ,12.657681310978953
march fennario,12.657681310978953
face cannonbal,12.242643811700109
a-hoppin brook,12.072718810257797
best notifi,12.072718810257797
brazo molass,12.072718810257797
cassius clay,12.072718810257797
could-a champion,12.072718810257797
dot pug-nos,12.072718810257797
eatin eatin,12.072718810257797
final tularosa,12.072718810257797
folsom prison,12.072718810257797
freddi freddi,12.072718810257797
jug a-fil,12.072718810257797
juney bug,12.072718810257797
junip jug,12.072718810257797
march march,12.072718810257797
pedro advanc,12.072718810257797
ruben remus,12.072718810257797
salari oblivion,12.072718810257797
tularosa rio,12.072718810257797
valeri salari,12.072718810257797
valeri vivian,12.072718810257797
vivian oblivion,12.072718810257797
vivian salari,12.072718810257797
wa-hooo wa-hooo,12.072718810257797
adio mi,11.920715716812747
a-run a-run,11.657681310978953
advanc businessmen,11.657681310978953
agarram vida,11.657681310978953
cornbread layin,11.657681310978953
desk clerk,11.657681310978953
dexter bradley,11.657681310978953
dio nos,11.657681310978953
dio vigila,11.657681310978953
dot moonbeam,11.657681310978953
driftin driftin,11.657681310978953
durango agarram,11.657681310978953
durango vida,11.657681310978953
fifteen juggler,11.657681310978953
frontlin workingman,11.657681310978953
gregori peck,11.657681310978953
lieuten lieuten,11.657681310978953
llore dio,11.657681310978953
llore nos,11.657681310978953
llore querida,11.657681310978953
moonbeam pug-nos,11.657681310978953
nos vigila,11.657681310978953
polli guess,11.657681310978953
pus heavi,11.657681310978953
querida dio,11.657681310978953
querida nos,11.657681310978953
querida vigila,11.657681310978953
seaport canadee-i-o,11.657681310978953
smith wonderin,11.657681310978953
ah-a summertim,11.487756309536639
corrina gal,11.487756309536639
odd lost,11.435288889642505
creation honor,11.335753216091593
forgiv one,11.335753216091593
gibraltar curtain,11.335753216091593
honor forgiv,11.335753216091593
honor one,11.335753216091593
jingle-jangl followin,11.335753216091593
jordan gibraltar,11.335753216091593
lenni bruce,11.335753216091593
mahatma gandhi,11.335753216091593
pledg hopin,11.335753216091593
properti resent,11.335753216091593
sundown u.s.a.,11.335753216091593
warehous arabian,11.335753216091593
best kin,11.33575321609159
booth thousand,11.33575321609159
bumbley bee,11.33575321609159
frog a-hoppin,11.33575321609159
frog brook,11.33575321609159
grand final,11.33575321609159
grand tularosa,11.33575321609159
gutter thank,11.33575321609159
ho ho,11.33575321609159
isi drive,11.33575321609159
junip watch,11.33575321609159
laugh ho,11.33575321609159
loot trout,11.33575321609159
netti winter,11.33575321609159
notifi kin,11.33575321609159
pat garrett,11.33575321609159
phone booth,11.33575321609159
sugar nohow,11.33575321609159
thousand booth,11.33575321609159
watch a-fil,11.33575321609159
watch jug,11.33575321609159
world war,11.33575321609159
willi scare,11.265363888200191
ol frisco,11.242643811700109
shoulder stripe,11.242643811700109
stripe shoulder,11.242643811700109
stripe stripe,11.242643811700109
winterlud winterlud,11.198249692341655
juic odd,11.172254483808713
alon stone,11.072718810257797
arabian drum,11.072718810257797
coule dam,11.072718810257797
creation neither,11.072718810257797
dude think,11.072718810257797
flyin moth,11.072718810257797
groom altar,11.072718810257797
herald sing,11.072718810257797
higher burn,11.072718810257797
jordan rock,11.072718810257797
late a-rollin,11.072718810257797
martin luther,11.072718810257797
melancholi mood,11.072718810257797
mem ry,11.072718810257797
mem serv,11.072718810257797
neither forgiv,11.072718810257797
neither honor,11.072718810257797
neither one,11.072718810257797
noel israel,11.072718810257797
rock gibraltar,11.072718810257797
rooster crowin,11.072718810257797
ry serv,11.072718810257797
salli sue,11.072718810257797
stetson hat,11.072718810257797
summertim marri,11.072718810257797
summertim stranger,11.072718810257797
uncl consent,11.072718810257797
warehous drum,11.072718810257797
wastin tri,11.072718810257797
write johnni,11.072718810257797
lay brass,11.072718810257793
lay lay,11.072718810257793
bucket bucket,11.013825121204228
forty-on forty-on,11.013825121204228
acapulco goin,10.95724159283786
brr-brr brr-brr-brr,10.95724159283786
goin soccer,10.95724159283786
a-run stair,10.920715716812747
adio corazon,10.920715716812747
e'er daughter,10.920715716812747
ho ho,10.920715716812747
kin explod,10.920715716812747
long-dist oper,10.920715716812747
meet lag,10.920715716812747
zanzing philosoph,10.920715716812747
claus lane,10.902793808815485
aris cobweb,10.85032638892135
bessi wonderin,10.85032638892135
born israel,10.85032638892135
brrr etc.,10.85032638892135
drown watered-down,10.85032638892135
go-yeah pat,10.85032638892135
go-yeah swear,10.85032638892135
go-yeah pat,10.85032638892135
go-yeah swear,10.85032638892135
grand coule,10.85032638892135
grand dam,10.85032638892135
herald newborn,10.85032638892135
higher burn,10.85032638892135
jokerman nightingal,10.85032638892135
lag behind,10.85032638892135
leopard-skin pill-box,10.85032638892135
lowland prophet,10.85032638892135
netti moor,10.85032638892135
noel born,10.85032638892135
oftim repin,10.85032638892135
pat swear,10.85032638892135
philosoph critic,10.85032638892135
philosoph fear,10.85032638892135
prophet warehous,10.85032638892135
tom pain,10.85032638892135
ho ho,10.821180043261831
doin dump,10.809684404424004
corrina corrina,10.777262926731627
behold man,10.750790715370435
chang less,10.750790715370435
gandhi luther,10.750790715370435
gandhi martin,10.750790715370435
heal crippl,10.750790715370435
ho cap,10.750790715370435
hole-in-the-wal sarah,10.750790715370435
mahatma martin,10.750790715370435
mcmillan sarah,10.750790715370435
roll tumbl,10.750790715370435
solid rock,10.750790715370435
lo behold,10.750790715370432
b. hat,10.657681310978955
boogi woogi,10.657681310978955
noel noel,10.657681310978955
roman king,10.657681310978955
save grace,10.657681310978955
sundown sure,10.657681310978955
sundown union,10.657681310978955
u.s.a. sure,10.657681310978955
union u.s.a.,10.657681310978955
william zanzing,10.657681310978955
behold lo,10.657681310978953
believ lawd,10.657681310978953
bid farewel,10.657681310978953
danc fandango,10.657681310978953
lo behold,10.657681310978953
philosoph disgrac,10.657681310978953
san advanc,10.657681310978953
san anton,10.657681310978953
arthur dexter,10.657681310978951
arthur mcbride,10.657681310978951
b. stetson,10.657681310978951
columbia coule,10.657681310978951
direct complet,10.657681310978951
end lost,10.657681310978951
fat side,10.657681310978951
frisco montgomeri,10.657681310978951
heal wound,10.657681310978951
horn wa-hooo,10.657681310978951
juic end,10.657681310978951
luther almighti,10.657681310978951
open richard,10.657681310978951
piec cornbread,10.657681310978951
richard open,10.657681310978951
sam columbia,10.657681310978951
soccer fun,10.657681310978951
unto grate,10.657681310978951
wound coupl,10.657681310978951
lordi lordi,10.645708669312874
speak dare,10.627933967584902
dude winterlud,10.6132871916205
pictur frame,10.6132871916205
east gibraltar,10.598787621925386
jordan east,10.598787621925386
merri merri,10.598787621925386
phone thousand,10.598787621925386
solid foundat,10.598787621925386
thousand phone,10.598787621925386
thousand thousand,10.598787621925386
burn burn,10.587291983087557
lamb save,10.542204093559018
approv wake,10.542204093559016
call louisiana,10.542204093559016
ill wake,10.542204093559016
seduc wake,10.542204093559016
wake strengthen,10.542204093559016
done stay,10.528398294033988
moor winter,10.528398294033988
sentiment angri,10.528398294033988
stick vow,10.528398294033988
curtain risin,10.487756309536643
groom waitin,10.487756309536643
johnni johnni,10.487756309536643
pave park,10.487756309536643
press press,10.487756309536643
risin groom,10.487756309536643
senor senor,10.487756309536643
summertim summertim,10.487756309536643
agarram desert,10.48775630953664
brain nohow,10.48775630953664
desert fandango,10.48775630953664
gal corrina,10.48775630953664
netti happi,10.48775630953664
piti immigr,10.48775630953664
reindeer sleigh,10.48775630953664
sugar salt,10.48775630953664
supper supper,10.48775630953664
tini montgomeri,10.48775630953664
vida desert,10.48775630953664
behold lookin,10.487756309536639
brand leopard-skin,10.487756309536639
brand pill-box,10.487756309536639
cane brazo,10.487756309536639
cane molass,10.487756309536639
desol row,10.487756309536639
flame higher,10.487756309536639
knock knockin,10.487756309536639
peggi night,10.487756309536639
pick gutter,10.487756309536639
prison could-a,10.487756309536639
salari water,10.487756309536639
simpl phrase,10.487756309536639
stuck mobil,10.487756309536639
summertim ah-a,10.487756309536639
vivian water,10.487756309536639
water oblivion,10.487756309536639
yonder stand,10.487756309536639
bessi smith,10.435288889642505
columbia grand,10.435288889642505
direct unknown,10.435288889642505
laugh side,10.435288889642505
momma done,10.435288889642505
santa claus,10.435288889642505
seen shootin,10.435288889642505
odd end,10.435288889642504
hello vivian,10.409753797535366
usual rock,10.394646905145159
appl suckl,10.352826729450534
creation natur,10.335753216091593
knick-knack paddywhack,10.335753216091593
