NGRAM,VALUE,
wa-hooo wa-hooo wa-hooo,27.1454376205156
freddi freddi po,27.14543762051559
fennario march fennario,26.730400121236748
wa-hooo wa-hooo wa-hooo,26.730400121236748
rosi face cannonbal,26.315362621957902
fennario march march,26.145437620515594
march march fennario,26.145437620515594
refus sugar salt,25.56047511979444
valeri vivian salari,25.560475119794432
vivian salari oblivion,25.560475119794432
anywher belong belong,25.145437620515594
belong belong christ-forsaken,25.145437620515594
dot moonbeam pug-nos,25.145437620515594
back-io a-run stair,24.99343452707054
face cannonbal waist,24.99343452707054
best notifi kin,24.82350952562823
frog a-hoppin brook,24.82350952562823
grand final tularosa,24.82350952562823
junip watch jug,24.82350952562823
watch jug a-fil,24.82350952562823
dio nos vigila,24.730400121236748
durango agarram vida,24.730400121236748
horn wa-hooo wa-hooo,24.730400121236748
llore dio nos,24.730400121236748
llore querida dio,24.730400121236748
llore querida nos,24.730400121236748
querida dio nos,24.730400121236748
querida dio vigila,24.730400121236748
querida nos vigila,24.730400121236748
cure ill wake,24.61492290381681
field lay a-keep,24.408472026349386
shepherd field lay,24.408472026349386
found fennario march,24.27096850259945
horn wa-hooo wa-hooo,24.145437620515594
san pedro advanc,24.145437620515594
honor forgiv one,24.086543931462025
phone booth thousand,24.086543931462025
thousand phone booth,24.086543931462025
cane brazo molass,23.975512619073278
juggler five believ,23.975512619073278
salari water oblivion,23.975512619073278
vivian salari water,23.975512619073278
vivian water oblivion,23.975512619073278
bessi smith wonderin,23.923045199179143
creation neither honor,23.823509525628232
ho ho cherri,23.823509525628232
jordan rock gibraltar,23.823509525628232
neither forgiv one,23.823509525628232
neither honor forgiv,23.823509525628232
neither honor one,23.823509525628232
warehous arabian drum,23.823509525628232
cell could-a champion,23.82350952562823
a-run stair a-run,23.730400121236748
arthur dexter bradley,23.730400121236748
piec cornbread layin,23.730400121236748
speak dare multitud,23.700652777842695
found march march,23.686006001878297
wa-hooo wa-hooo ride,23.686006001878297
march fennario captain,23.642937279986405
isi mystic drive,23.60111710429178
netti moor winter,23.60111710429178
agarram vida desert,23.56047511979444
gal corrina gal,23.56047511979444
mem ry serv,23.560475119794436
odd end lost,23.508007699900308
mahatma gandhi martin,23.50158143074087
pedro advanc spirit,23.444997902374503
frontlin bit workingman,23.408472026349386
ho ho ho,23.408472026349386
sundown u.s.a. sure,23.408472026349386
sundown union u.s.a.,23.408472026349386
summertim ah-a summertim,23.39055011835213
jordan east gibraltar,23.349578337295817
higher burn burn,23.338082698457995
noel born israel,23.338082698457995
grand coule dam,23.33808269845799
herald sing newborn,23.33808269845799
cornbread layin shelf,23.27096850259945
gandhi martin luther,23.238547024907074
ho cherri cap,23.238547024907074
netti happi winter,23.238547024907074
sugar brain nohow,23.238547024907074
jug a-fil moonlight,23.23854702490707
roll best notifi,23.23854702490707
meet lag behind,23.186079605012935
b. stetson hat,23.145437620515594
best notifi wheel,23.145437620515594
go-yeah pat swear,23.115690277121537
go-yeah pat swear,23.115690277121537
philosoph critic fear,23.115690277121537
dude think winterlud,23.10104350115714
laugh ho ho,23.08654393146203
creation natur honor,23.086543931462025
east rock gibraltar,23.086543931462025
jordan east rock,23.086543931462025
loot catch trout,23.086543931462025
natur forgiv one,23.086543931462025
natur honor forgiv,23.086543931462025
natur honor one,23.086543931462025
solid rock foundat,23.086543931462025
march march captain,23.05797477926525
advanc spirit businessmen,23.029960403095657
agarram mi vida,23.029960403095657
durango agarram mi,23.029960403095657
durango mi vida,23.029960403095657
llore mi dio,23.029960403095657
llore mi nos,23.029960403095657
llore mi querida,23.029960403095657
mi dio nos,23.029960403095657
mi dio vigila,23.029960403095657
mi nos vigila,23.029960403095657
mi querida dio,23.029960403095657
mi querida nos,23.029960403095657
mi querida vigila,23.029960403095657
william zanzing philosoph,22.99343452707054
zanzing philosoph disgrac,22.99343452707054
corrina gal corrina,22.975512619073285
write johnni johnni,22.975512619073285
fifteen juggler five,22.975512619073278
groom waitin altar,22.975512619073278
summertim summertim marri,22.975512619073278
summertim summertim stranger,22.975512619073278
juic odd end,22.923045199179146
philosoph disgrac critic,22.923045199179146
philosoph disgrac fear,22.923045199179146
columbia grand coule,22.923045199179143
direct complet unknown,22.923045199179143
end odd lost,22.923045199179143
juic odd end,22.923045199179143
laugh fat side,22.923045199179143
noel noel born,22.923045199179143
odd end lost,22.923045199179143
call jack-a-ro waist,22.9059716858202
final tularosa alley,22.897510107072005
freddi po boy,22.897510107072005
hello valeri vivian,22.897510107072005
hello vivian salari,22.897510107072005
tularosa alley rio,22.897510107072005
valeri hello salari,22.897510107072005
valeri hello vivian,22.897510107072005
bowl soup wiggl,22.864151510125573
gibraltar page curtain,22.864151510125573
satin silk wiggl,22.864151510125573
solid made foundat,22.864151510125573
higher burn ring,22.823509525628236
creation natur neither,22.823509525628232
natur neither forgiv,22.823509525628232
natur neither honor,22.823509525628232
natur neither one,22.823509525628232
pat garrett number,22.82350952562823
brand leopard-skin pill-box,22.753120197736834
netti moor happi,22.753120197736834
willi scare way,22.753120197736834
blow wa-hooo wa-hooo,22.75312019773683
flame higher burn,22.75312019773683
belong bodi christ-forsaken,22.730400121236748
end end lost,22.730400121236748
rip lo behold,22.730400121236748
sundown union sure,22.730400121236748
union u.s.a. sure,22.730400121236748
odd odd lost,22.70065277784269
ruben remus doctor,22.686006001878294
salli sue brown,22.686006001878294
winterlud dude think,22.686006001878294
ho ho ho,22.67150643218318
lookin behold man,22.653584524185916
ill wake strengthen,22.61492290381681
wander desir wake,22.61492290381681
jokerman nightingal tune,22.601117104291788
done done stay,22.60111710429178
higher burn ring,22.60111710429178
pail milk wiggl,22.60111710429178
rock made foundat,22.60111710429178
rock gibraltar page,22.60111710429178
solid rock made,22.60111710429178
desert danc fandango,22.56047511979444
dio nos hors,22.56047511979444
dio vigila hors,22.56047511979444
hors durango agarram,22.56047511979444
nos vigila hors,22.56047511979444
papa write johnni,22.56047511979444
sugar salt flood,22.56047511979444
sweetheart doin dump,22.560475119794436
lo behold lookin,22.560475119794432
west jordan gibraltar,22.50158143074087
merri merri merri,22.501581430740867
watch a-fil moonlight,22.501581430740867
watch jug moonlight,22.501581430740867
moor happi winter,22.43119210284947
best kin wheel,22.408472026349386
lay junip watch,22.408472026349386
notifi kin wheel,22.408472026349386
pretti polli guess,22.408472026349386
stair a-run stair,22.408472026349386
ah-a summertim summertim,22.390550118352124
corrina corrina gal,22.390550118352124
instead speak dare,22.378724682955333
arabian drum gate,22.33808269845799
brazo ground molass,22.33808269845799
burn burn ring,22.33808269845799
gambl momma done,22.33808269845799
mr. a-hoppin brook,22.33808269845799
play final tularosa,22.33808269845799
goin acapulco goin,22.32952068495457
forgiv one see,22.321009185099047
miss netti winter,22.321009185099047
name mahatma gandhi,22.321009185099047
ev'ri ol frisco,22.315362621957902
adio mi corazon,22.29299480892945
tie knot wake,22.29299480892945
piec cornbread shelf,22.27096850259945
u.s.a. sure idea,22.27096850259945
want fifteen juggler,22.27096850259945
behold lookin behold,22.238547024907074
herald sing glori,22.238547024907074
ho ho nose,22.238547024907074
lo behold man,22.238547024907074
west jordan rock,22.238547024907074
west rock gibraltar,22.238547024907074
final tularosa mayb,22.23854702490707
prison cell could-a,22.23854702490707
tularosa mayb rio,22.23854702490707
uncl rat consent,22.23854702490707
lag behind boot,22.222605481038052
forty-on night forty-on,22.212074813545883
grand final alley,22.1605445129058
grand tularosa alley,22.1605445129058
notifi kin shall,22.1605445129058
play jingle-jangl followin,22.1605445129058
arabian drum sad-ey,22.145437620515594
believ lawd day,22.145437620515594
five believ dress,22.145437620515594
lay lay brass,22.145437620515594
lay lay lay,22.145437620515594
luther son almighti,22.145437620515594
shook fat side,22.145437620515594
thread lo behold,22.145437620515594
usual usual rock,22.145437620515594
boogi woogi boogi,22.14543762051559
critic fear rag,22.11569027712154
disgrac critic fear,22.11569027712154
odd end odd,22.115690277121537
stuck mobil memphi,22.10104350115714
bright jug a-fil,22.101043501157136
junip bright jug,22.101043501157136
brownsvill curl teeth,22.086543931462025
ho ho laugh,22.086543931462025
meet bottom lag,22.086543931462025
odd lost found,22.048576081263
stale mr. bojangl,22.048576081263
touch mr. bojangl,22.048576081263
driftin shore driftin,22.029960403095657
bottom lag behind,22.016154603570627
herald glori newborn,22.016154603570627
page curtain risin,22.016154603570623
mahatma gandhi name,21.999081090211686
kin wheel explod,21.99343452707054
kick neighborhood bulli,21.979972267263978
behold lookin lo,21.975512619073278
flame higher burn,21.975512619073278
herald angel sing,21.975512619073278
hangin solid foundat,21.971066714042085
cap suit special,21.94904040771209
dream titan sink,21.94904040771209
answer whiskey-drink marin,21.949040407712086
disgrac critic rag,21.923045199179146
disgrac fear rag,21.923045199179146
end odd end,21.923045199179143
laugh shook side,21.923045199179143
lowland sad-ey prophet,21.923045199179143
odd end end,21.923045199179143
sad-ey lowland prophet,21.923045199179143
age groom waitin,21.916618930019713
curl teeth pearl,21.916618930019713
curtain risin age,21.916618930019713
risin age groom,21.916618930019713
page curtain age,21.864151510125573
agarram mi desert,21.860035401653345
mi vida desert,21.860035401653345
end lost found,21.855931003320606
piec layin shelf,21.855931003320606
king queen meanest,21.835582357928807
miss netti moor,21.835582357928807
martin luther king,21.823509525628236
noel king israel,21.823509525628236
behold lo behold,21.823509525628232
lo behold behold,21.823509525628232
dee tweedle-de dum,21.82350952562823
dum tweedle-de dee,21.82350952562823
rat fat side,21.82350952562823
save save save,21.82350952562823
u.s.a. sure til,21.82350952562823
winterlud winterlud winterlud,21.81153688396215
emmanuel earli mornin,21.79180066590089
sure idea greed,21.785541675429208
happi winter rise,21.779115406269778
ho ho ho,21.764615836574663
vessel convey away,21.760773770280267
gaze chime freedom,21.753120197736838
gaze chime flash,21.753120197736834
