NGRAM,VALUE,
shine light,76.93078693559278
wake strengthen,67.55904887407405
serv somebodi,65.14888612044359
cri cri,63.0238717781088
light shine,62.05051370380914
wan nobodi,61.583359799882416
light light,60.488137342244855
mrs. henri,58.01576550169146
shine shine,57.85426478981131
fool fool,57.58390934621783
day day,57.523529176578656
suckl tree,52.913462436657944
stop cri,52.62463930624977
nobodi wan,51.53526132280277
sarah jane,50.84846152601847
cri stop,49.375508535860426
stop cri,49.375508535860426
locust sang,49.29289447814928
wake wake,48.51914889516346
wan wan,48.2694599686121
weekend weekend,47.851599965825045
one weekend,46.58856679600266
appl suckl,45.0313733758842
anim begin,44.96387441800117
name begin,44.96387441800117
wake thing,44.481253592853506
somebodi may,42.04027375878166
forev young,41.442085501659356
pleas cri,41.43139009593181
new morn,41.41256176024513
henri pleas,41.02761246267705
mr. bojangl,40.70210953078839
bojangl danc,39.91311597198733
gave begin,39.03704055929621
stop babi,38.58493652100172
wake remain,38.33123322929233
mrs. pleas,38.17635239995093
day gold,37.73021947870115
serv may,37.22626539364993
appl tree,36.52908634667687
stop stop,35.02266233346361
true love,34.834116775472495
jack heart,34.65240828909962
cri babi,34.500194505087805
pleas mrs.,33.20903398080724
ya tell,33.04320566464138
henri henri,32.997412708073924
behold lo,32.40570570760188
lo behold,32.40570570760188
may may,31.16943137433001
tree appl,30.770517486824332
tree underneath,30.770517486824332
wrong hurt,30.708065896782344
heavi bottl,30.70587004977595
slow train,30.105864858933693
mr. danc,30.103757546650378
pleas stop,29.951318130400303
bottl bread,29.732263398251725
day old,29.532632228968456
name anim,29.50000441953214
tell henri,29.216413192407355
weekend one,29.09741845313649
ira hay,29.066564245826804
babi ooh-e,28.94608354478023
ooh babi,28.94608354478023
street joey,28.485511880521702
father father,28.389441785355935
somebodi devil,27.866209064979493
day 49,27.547680523420972
tree tree,27.01249156262423
begin name,26.783842890410753
drunken hay,26.47749865505591
forev forev,26.477277110502534
johnni johnni,26.075743718881135
gave anim,25.783161634334242
gave name,25.783161634334242
sang locust,25.620161989597555
bash ooh,25.493370588842645
ooh ooh-e,25.493370588842645
whiskey-drink marin,25.493370588842645
may lord,25.46744815786623
jane set,25.34534886766681
babi stop,25.21375076271159
slow comin,25.010983173643076
answer marin,24.950066392107043
answer whiskey-drink,24.950066392107043
hang low,24.84629283625882
behold lookin,24.734644434479247
clay joey,24.5951316286411
young forev,24.589876181747506
drunken ira,24.50939057989551
gold day,24.503344316933916
dollar bash,24.460532748707518
drunken answer,24.406910305125642
morn morn,24.352306448889845
treat unkind,24.205758519353974
first degre,24.197591187543242
may call,24.14533520467922
may serv,24.14533520467922
hay whiskey-drink,24.015055914619914
million bash,24.015055914619914
ooh-e million,24.015055914619914
shelter storm,24.015055914619914
cri pleas,23.90870560504812
true tend,23.847001446495447
indian marin,23.606346112783942
marin war,23.606346112783942
whiskey-drink indian,23.606346112783942
whiskey-drink war,23.606346112783942
hay answer,23.4721960800421
joey king,23.37976450016518
mrs. mrs.,23.36968102205053
begin gave,23.075003959349708
answer indian,23.06363442086851
million dollar,22.983106831709676
lo behold,22.919721955862506
lo lookin,22.919721955862506
right unto,22.80883378400641
right ya,22.80883378400641
49 day,22.76459827865417
young young,22.70618170230332
sara sara,22.660919793171242
goin goin,22.538074425611985
joey blow,22.408972351202213
jane nothin,22.197433937380872
sarah nothin,22.197433937380872
stay forev,22.19127936249514
lucki born,22.10681591422235
morn new,21.965621803737235
slow around,21.910676586462518
hair hang,21.797229674984813
indian war,21.72169191934094
flora lili,21.70095167839838
ira answer,21.70095167839838
wind blow,21.70095167839838
alberta treat,21.68037546860895
anymor marin,21.68037546860895
anymor whiskey-drink,21.68037546860895
pleas henri,21.64056410236126
new new,21.482555726921582
babi cri,21.162076450814517
answer anymor,21.138552863177818
hair low,21.027216515433455
thing wrong,21.027216515433455
child joey,20.905365579087817
joey child,20.905365579087817
stay young,20.80765080754172
write johnni,20.79660663064379
dog run,20.74955062906517
knock knockin,20.74955062906517
strengthen remain,20.74955062906517
wo whiskey-drink,20.716773611785754
babi pleas,20.49139234884275
old day,20.455445137673543
world lucki,20.438674865121165
tree suckl,20.39174347957234
henri appl,20.357827746286002
joey street,20.297304408628484
knock knock,20.27710200516845
hay anymor,20.20650589758587
wo answer,20.175543950321554
drunken wo,20.17554395032155
let low,20.127058096528383
old gold,19.942313504242744
like travel,19.94205748779968
henri mrs.,19.871081677898214
anymor indian,19.79927801638665
knock knockin,19.740937087821102
'd unto,19.723348900390043
done laid,19.47345818808084
heaven knock,19.47345818808084
knock heaven,19.47345818808084
odd lost,19.413751963575525
thunder barrel,19.413751963575525
hay wo,19.24468300453954
ya henri,19.09679653760985
black bay,19.092069438570228
black diamond,19.092069438570228
diamond bay,19.092069438570228
reason reason,19.092069438570228
one one,19.086841667387716
love tend,19.085178930611185
heaven knockin,18.937589468293417
knockin heaven,18.937589468293417
give shelter,18.904900937931277
seem travel,18.846952750200398
wo indian,18.83804819918743
let hang,18.808905609905587
done around,18.805447276830197
run free,18.58969648724791
heaven knock,18.465733239531808
knock heaven,18.465733239531808
ira anymor,18.441931374359104
idiot blow,18.42526897607531
fool taught,18.38323703307916
odd end,18.280795006843896
mari ann,18.269874798483798
world born,18.032281198882067
right right,17.999371548237946
alberta unkind,17.90964028937578
soccer fun,17.708479960205253
locust locust,17.69259519066392
sang sang,17.69259519066392
father father,17.663274344321465
lo lo,17.663274344321465
marin went,17.583196116659337
whiskey-drink went,17.583196116659337
johnni home,17.568387921658108
ira wo,17.483074300298586
sound thunder,17.465323805996885
give storm,17.437260049087453
man anim,17.42573378911926
man name,17.42573378911926
winterlud winterlud,17.400127258018053
call drunken,17.32836514470855
seem like,17.213748218931094
heaven door,17.04614943854362
repin day,17.02730745234581
unto wan,16.999873752432062
devil lord,16.9987361369877
train bend,16.998736136987695
laid around,16.99644853048144
underneath appl,16.968525364406197
may forev,16.938594145537248
littl sadi,16.92657802483182
wo anymor,16.924530764145807
acapulco goin,16.86502174567765
goin soccer,16.86502174567765
mem ry,16.82661105482884
love true,16.72257295793696
said said,16.710445887324013
call hay,16.69767974995097
hang alberta,16.627411396828656
wrong wrong,16.564056833007143
sang singin,16.55208057430938
like unto,16.503297815007954
father father,16.426022806563658
tear grief,16.411282906010833
idiot wind,16.30770967326815
bread heavi,16.301181055423875
heavi bread,16.301181055423875
simpl twist,16.301181055423875
twist fate,16.301181055423875
ya ya,16.10960575648197
low alberta,16.064031837261126
other 'd,16.05793147051078
hello vivian,16.017398747525203
blue new,15.887064943845825
thunder gun,15.854723822702432
minstrel coin,15.775899089023996
simpl fate,15.775899089023996
strengthen thing,15.746661340682952
indian went,15.716341463456622
went war,15.716341463456622
knock door,15.713077820764994
true true,15.59687123948721
may may,15.564600038290989
young may,15.564600038290989
call ira,15.491604173314634
long seem,15.467011161663041
henri ya,15.381512979671541
throw coin,15.329589900270353
throw minstrel,15.329589900270353
unto like,15.3029577239442
ev'ri bodi,15.30084006357108
war ira,15.262627970403575
may somebodi,15.261750079482365
thing remain,15.213312072880957
somebodi serv,15.171444940570382
joey joey,15.139196498060523
mi corazon,15.131692092123311
big jim,15.123115381875568
melodi locust,15.07638481920334
die fool,15.075487191665658
'm go,15.065793269394787
let hair,15.045805558545688
cup coffe,14.94154335001575
underneath tree,14.935289001795457
lucki see,14.848313923721864
begin man,14.771072005686936
man begin,14.771072005686934
blue morn,14.743975482809983
lord serv,14.726395267144351
juic odd,14.61456960877276
suckl underneath,14.608789494201929
underneath suckl,14.608789494201927
comin bend,14.598291255949439
forev may,14.526510689832808
knockin knock,14.495530282082889
mighti quinn,14.495530282082889
appl fli,14.477586555673978
suppos hmm,14.477586555673978
call wo,14.444270677509518
devil serv,14.444270677509518
gold repin,14.444270677509518
repin gold,14.444270677509518
serv devil,14.444270677509518
door knock,14.430609543478973
knock door,14.430609543478973
somebodi somebodi,14.376030965094099
