NGRAM,VALUE,
light shine light,2144.253421078084
shine light shine,2124.9033973239157
cri stop cri,1999.719641274539
wake wake wake,1846.854935188896
wake wake strengthen,1808.7601693026354
stop cri stop,1765.6170058664713
serv somebodi may,1736.8245023878958
cri stop cri,1700.2280147094862
pleas stop cri,1675.2698480726253
shine light light,1626.2045825984278
shine shine light,1612.781405617554
stop cri stop,1603.297804138051
name anim begin,1592.6770368260018
mrs. henri pleas,1586.2020882171387
wake wake remain,1580.95696883666
wake strengthen remain,1569.2750418898838
henri mrs. henri,1563.2550123519984
gave anim begin,1560.6589914418864
fool fool fool,1544.6940277719082
wake strengthen thing,1497.3668274697563
wake wake thing,1473.6144940506088
day 49 day,1467.6468991964348
wan nobodi wan,1444.1588665619865
cri cri cri,1432.501671172786
stop cri babi,1417.494740829722
mrs. henri mrs.,1399.506418725755
light light shine,1394.6739440690958
pleas mrs. henri,1391.5214233152408
appl suckl tree,1389.571516849985
gave name begin,1388.431544693926
wan wan nobodi,1385.0426640563937
weekend one weekend,1381.0040313478523
light shine shine,1379.1917338125838
devil serv somebodi,1377.7232750208398
somebodi serv somebodi,1361.4092702036978
may serv somebodi,1353.4809084218662
serv somebodi devil,1353.2094143948752
lord serv somebodi,1347.9818170777332
serv somebodi serv,1334.8838557109218
light light light,1333.4914628168235
serv somebodi somebodi,1316.5203054112771
babi stop cri,1314.1064490753713
cri babi cri,1312.789838993446
day day day,1310.0778498591458
serv serv somebodi,1301.048793826168
day gold day,1291.8530424423875
mrs. henri henri,1277.963482690786
shine shine shine,1272.11049157439
day old day,1271.5950566025826
stop cri cri,1268.6345712708658
sarah jane nothin,1247.8402592770544
one weekend one,1241.9939301090017
mrs. mrs. henri,1228.6466068185532
pleas stop cri,1227.7950078192387
nobodi wan wan,1221.1050782209816
gave name anim,1220.75522470246
man anim begin,1210.5142389824975
mr. bojangl danc,1209.9356011720927
cri pleas cri,1208.7656159350204
stop cri cri,1203.4746404815971
cri cri stop,1203.474640481597
pleas cri stop,1187.9300261973244
shine light make,1179.4048674179153
locust sang locust,1176.1932623980792
sang locust sang,1176.1932623980792
drunken ira hay,1172.4927932976507
anim begin ago,1172.4613152708573
pleas mrs. henri,1165.4854434712183
christ shine light,1156.5618471585303
chief serv somebodi,1152.7216333094486
heir serv somebodi,1152.7216333094486
mrs. henri knee,1150.1949786463954
anim begin gave,1147.6681427005515
babi pleas stop,1133.463619174677
bank serv somebodi,1129.0311401436575
anim begin man,1128.4479607709256
shine light littl,1127.9050229837108
babi cri stop,1126.6691882436467
rock sarah jane,1121.382205078397
set sarah jane,1121.382205078397
forev young forev,1119.272668901444
believ shine light,1118.964363985854
death shine light,1118.964363985854
cri stop pleas,1113.736223106819
stop cri stop,1113.4658640080024
sarah jane sing,1102.359850198269
name serv somebodi,1100.208729105978
sarah jane set,1098.437583731109
weekend weekend weekend,1097.1846715756612
one weekend weekend,1097.118846514632
shine light 'm,1093.1614563290275
begin gave name,1092.1649962202152
cri stop babi,1089.7265112142372
still serv somebodi,1088.4478258439012
young forev young,1085.1145797321965
ira hay answer,1082.9584629860308
jane sarah jane,1082.0564284252382
sarah jane sarah,1082.0564284252382
sing sarah jane,1079.415228850981
wake thing remain,1077.9525650210753
drunken ira answer,1073.1718633401315
anim begin begin,1072.6387322819896
ira hay wo,1069.8517463862513
hole-in-the-wal sarah jane,1068.9670584244254
mcmillan sarah jane,1068.9670584244254
anim begin long,1063.6726350823565
answer indian marin,1062.6074528671459
sarah sarah jane,1059.1118070779505
sarah jane jane,1059.1118070779503
stop stop cri,1057.8173657787174
day repin day,1056.1822446158187
suckl tree tree,1054.0665382253746
cri babi pleas,1049.3308789636294
stay forev young,1047.8867816054178
ira hay anymor,1044.8199590108109
pleas mrs. henri,1043.004460318735
cri stop stop,1039.831471814422
stop stop cri,1039.831471814422
answer whiskey-drink marin,1038.2140040627755
tree appl suckl,1035.197336730826
whiskey-drink indian war,1034.8446183067895
hair hang low,1031.6045556845963
million dollar bash,1030.7543408909844
tree suckl tree,1029.4210529191157
drunken hay answer,1028.7309278073058
whiskey-drink indian marin,1024.7496986637389
suckl tree underneath,1016.2294687939033
morn new morn,1016.0117703825767
stop cri tear,1014.9178812999442
melodi locust sang,1012.5343982881553
mrs. henri 'm,1010.8371713163763
answer anymor marin,1007.5918823595932
desir wake strengthen,1005.4963837588712
ill wake strengthen,1005.4963837588712
knot wake strengthen,1005.4963837588712
desir wake wake,1005.493510988192
ill wake wake,1005.493510988192
knot wake wake,1005.493510988192
seduc wake wake,1005.4935109881917
tie wake wake,1005.4935109881917
wander wake wake,1005.4935109881917
hay anymor whiskey-drink,1005.065464522108
pleas cri cri,1004.8566313435956
suckl tree appl,1004.7613895464947
locust sang distanc,1001.8992644808492
distanc locust sang,1001.8992644808488
power wake wake,1001.7981518445097
approv wake wake,999.7000154495909
hay answer whiskey-drink,997.2357167765667
anymor whiskey-drink indian,996.7586362664471
whiskey-drink marin war,996.6212980601497
locust sang melodi,994.8064492447286
stop cri pleas,994.7595865848974
man name anim,994.1322044647156
locust sang singin,993.7561057298899
stop pleas stop,992.8947839490666
true love tend,986.7542856474834
answer whiskey-drink indian,984.9826217907653
asleep wake wake,980.5944340818758
cure wake wake,980.5944340818758
asleep wake strengthen,980.5766211579185
anim begin time,978.4036513888478
level sarah jane,978.0324186296259
drunken wo answer,977.3955123819727
stop cri shine,973.5055187263044
rule wake wake,971.2301931046084
rule wake strengthen,971.1916929521572
stop cri mind,969.410056432058
suckl suckl tree,969.2185209594514
new morn new,968.6841780080473
name begin begin,967.5022751585227
power wake strengthen,965.1088684928167
stop cri caus,963.835329996185
fool fool taught,962.9301178383889
make wake wake,960.6742033474803
war ira hay,959.823791163216
indian marin war,957.2197872304089
call ira hay,954.8899735744816
locust locust sang,954.2831628755395
locust sang sang,954.2831628755391
believ wake wake,954.1442447088491
give shelter storm,952.1941844913454
old day 49,948.9282958650886
light shine 'm,947.2729311306416
hay wo whiskey-drink,945.9862164503361
stop cri sun,945.3133010460966
shine stop cri,942.2768345160271
babi stop cri,942.1670729473154
anymor whiskey-drink marin,941.9434646166021
locust sang sweet,940.6866066312305
repin day gold,938.9725245152703
answer anymor whiskey-drink,938.7630588865374
dream fool fool,937.472904160747
light shine make,936.0466139032442
die fool fool,935.3929135472691
young wake wake,935.0589210942228
young wake strengthen,934.6685031658164
let hang low,934.6108628277641
fool fool love,933.6466191159058
day day gold,933.0795674100932
babi pleas cri,932.9513288706216
day dug day,929.8682612768459
man name begin,928.7268476183065
wo whiskey-drink indian,928.7058515501849
slow train around,925.6634986071274
pleas stop stop,923.1841928000822
sweet locust sang,922.958657587804
still wake wake,921.5646421350668
indian marin went,919.2393509862766
love true love,919.231933064194
anymor indian marin,919.1338051900665
true love true,916.0008464378686
stop cri alway,915.9275315036488
underneath appl suckl,914.6510006566563
call drunken ira,912.7777986504657
wo answer anymor,911.678823027215
lo behold lookin,909.9378273196867
bojangl mr. bojangl,906.1792011792684
drunken ira wo,906.1426976593204
one one weekend,904.0284829960261
somebodi may may,903.9610231981534
suckl tree suckl,900.8224371068018
lo behold lo,900.3212112149589
forev young may,899.9624719665228
man gave name,899.5905845746504
somebodi may devil,898.2288629789757
gave begin begin,897.9392347430226
wo answer whiskey-drink,897.7480449331005
drunken hay wo,896.0150121199752
street clay joey,893.0582094901858
hay answer anymor,892.729441149801
year fool fool,891.8453059599335
somebodi may lord,889.0039146775042
fool fool i.,888.1198398716472
begin name anim,887.6131491796815
cri pleas stop,886.9505927073435
answer anymor indian,884.4239474137038
cri cri babi,879.479811523177
day old gold,876.6792168708267
hay wo answer,873.3419110441325
thing wrong hurt,872.6472231773997
ira answer anymor,872.3207051349923
hang low alberta,872.1280150736327
whiskey-drink went war,869.7429205134852
mr. bojangl mr.,869.1454693327207
tree appl tree,868.2866277556303
unto nobodi wan,866.6574891872197
slow train comin,866.4143736638478
wo answer indian,865.0417563759927
forev forev young,864.0368312403928
knock knock knockin,861.9255060291797
blue new morn,858.8334806137138
cri babi stop,856.4153880301966
new new morn,856.1820369790806
begin man name,853.0189316360922
world lucki born,851.6623070838293
49 day gold,851.6251324325715
behold lo behold,851.2653828536695
alberta hang low,850.9568893931141
name anim long,850.0533438369081
henri henri pleas,849.5623227903294
new morn morn,848.3676737585338
forev young young,847.1369795258324
may forev young,847.1369795258322
wo anymor whiskey-drink,846.0117171590996
let hair hang,845.8738608594851
serv may may,845.839366165744
mr. bojangl bojangl,845.4483902535793
mr. mr. bojangl,845.4483902535792
may somebodi may,844.2904195845208
day fool fool,843.2899193359931
may devil may,842.3286283461466
whiskey-drink indian went,841.6145199098962
appl appl suckl,840.7558261955368
slow train bend,840.4156115788934
henri pleas henri,839.6941107658096
appl suckl suckl,839.4059056319243
pleas stop tear,837.5710106942565
knock knockin heaven,836.319030549441
heaven knock knockin,836.3190305494406
fool fool bottom,836.1830813399331
whiskey-drink marin went,834.5489129014494
ira wo answer,831.3484053099121
call drunken hay,829.2001400703275
day day old,826.2546064432861
somebodi somebodi may,826.0604821629506
gold day 49,825.2536659982289
black diamond bay,824.4953199130484
dream fool fool,822.0395764692669
street joey joey,820.2570865110829
suckl appl suckl,819.0534965137199
weekend weekend one,816.8933412839496
appl suckl appl,815.0562072299861
appl tree tree,809.3188812670489
heaven knock knock,806.9207624953483
knock knock heaven,806.9207624953483
world lucki see,805.5356327908748
name anim man,803.8956471932397
knock knockin heaven,802.7232049582841
heaven knock knockin,802.723204958284
