NGRAM,VALUE,
five surviv six,19.81878187227541
eight gate nine,19.233819371554247
four shore five,18.81878187227541
five tri six,17.818781872275405
three turn four,17.818781872275405
blood found world,17.648856870833093
four danc five,17.23381937155425
nine wine ten,16.818781872275405
three key four,16.818781872275405
bowl soup wiggl,16.68949885533044
gypsi queen wiggl,16.68949885533044
roll hoop wiggl,16.68949885533044
satin silk wiggl,16.68949885533044
wiggl rattl shake,16.68949885533044
three danc four,16.233819371554247
three sea four,16.233819371554247
two dark three,16.233819371554247
two dew three,16.233819371554247
see meadow see,16.204072028160198
nine drank ten,15.818781872275405
milk wiggl rattl,15.68949885533044
pail milk wiggl,15.68949885533044
much longer wait,15.326928775945731
two foggi three,15.23381937155425
two step three,15.23381937155425
see lover see,15.204072028160198
alright til fell,15.10453635460928
dark yet get,15.005000681058368
two ark two,14.648856870833095
two flew two,14.648856870833095
two step two,14.648856870833095
heaven close door,14.61910952743904
littl girl bake,14.604462751474639
four turn one,14.589963181779522
stand doorway cri,14.47893186939078
dress green wiggl,14.367570760443076
queen wiggl dress,14.367570760443076
wiggl dress green,14.367570760443076
let wind blow,14.268035086892162
twenti cold iron,14.25653944805433
twenti town iron,14.25653944805433
walk dirt road,14.25653944805433
cold iron bound,14.063894370111935
left doorway cri,14.063894370111935
town iron bound,14.063894370111935
handi dandi clear,14.00500068105837
dandi sugar candi,14.005000681058368
handi sugar candi,14.005000681058368
tryin close door,13.934611353166968
tryin heaven close,13.934611353166968
town cold iron,13.893969368669623
twenti town cold,13.893969368669623
town cold bound,13.701324290727225
two lover two,13.648856870833095
littl girl live,13.604462751474639
one follow two,13.589963181779526
sugar candi dandi,13.589963181779526
sugar candi handi,13.589963181779526
left stand doorway,13.478931869390781
tryin heaven door,13.449184525996728
twenti mile iron,13.426464449496642
til fell love,13.38832932060987
'm drift scene,13.291304866215011
drift scene 'm,13.291304866215011
boy littl girl,13.282534656587277
littl boy girl,13.282534656587277
mile iron bound,13.233819371554247
left stand cri,13.215897463556985
found world love,13.125294914776081
mile cold iron,13.063894370111935
mile town iron,13.063894370111935
twenti mile cold,13.063894370111935
twenti mile town,13.063894370111935
handi dandi ya,13.00500068105837
hit handi dandi,13.00500068105837
tomorrow handi dandi,13.00500068105837
one none two,13.005000681058366
littl boy littl,12.993028039392293
alright fell love,12.90290249343963
alright til love,12.90290249343963
mile cold bound,12.871249292169537
mile town bound,12.871249292169537
went dri wiggl,12.782608259721922
closer million mile,12.774387752916947
mile town cold,12.701324290727225
closer still million,12.686924911666608
tryin closer million,12.604462751474639
one follow one,12.531069492725955
like sugar candi,12.519573853888126
handi dandi candi,12.420038180337212
honey handi dandi,12.420038180337212
walk dirt till,12.382070330138191
tri closer million,12.359350253638109
green wiggl till,12.230067236693142
closer still mile,12.146356530303905
littl littl girl,12.145031132837342
ten thousand dress,12.10453635460928
handi dandi sugar,12.098110085449846
dirt road till,12.019500250753481
candi handi dandi,12.00500068105837
dandi candi handi,12.00500068105837
tryin closer still,11.976431528861596
day littl girl,11.904023033333544
kind love sick,11.902902493439633
ten thousand women,11.841501948775488
walk road till,11.797107829417037
make feel love,11.732977491997321
tri closer still,11.731319031025066
still million mile,11.686924911666608
dandi sugar handi,11.683072586171004
sugar handi dandi,11.683072586171004
bowl wiggl wiggl,11.56021583838547
green wiggl wiggl,11.56021583838547
gypsi wiggl wiggl,11.56021583838547
hoop wiggl wiggl,11.56021583838547
pail wiggl wiggl,11.56021583838547
queen wiggl wiggl,11.56021583838547
roll wiggl wiggl,11.56021583838547
satin wiggl wiggl,11.56021583838547
silk wiggl wiggl,11.56021583838547
soup wiggl wiggl,11.56021583838547
wiggl green wiggl,11.56021583838547
wiggl wiggl green,11.56021583838547
wiggl wiggl gypsi,11.56021583838547
wiggl wiggl pail,11.56021583838547
wiggl wiggl rattl,11.56021583838547
wiggl wiggl roll,11.56021583838547
wiggl wiggl shake,11.56021583838547
wiggl wiggl ton,11.56021583838547
wiggl till wiggl,11.54556906242107
wiggl wiggl till,11.54556906242107
wiggl till wiggl,11.54556906242107
tryin still million,11.5169999102243
two two two,11.478931869390781
till wiggl till,11.314956134279655
hoop wiggl like,11.297181432551682
silk wiggl like,11.297181432551682
soup wiggl like,11.297181432551682
wiggl like gypsi,11.297181432551682
wiggl like pail,11.297181432551682
wiggl like roll,11.297181432551682
wiggl like ton,11.297181432551682
longer wait 'm,11.291304866215008
tri still million,11.27188741238777
'm til fell,11.232411177161438
wiggl wiggl till,11.130531563142227
dandi like candi,10.934611353166968
dandi like sugar,10.934611353166968
handi like candi,10.934611353166968
one sun two,10.782608259721922
'm alright fell,10.746984349991198
'm alright til,10.746984349991198
handi like sugar,10.612683258279606
milk wiggl wiggl,10.560215838385474
like candi dandi,10.519573853888126
like candi handi,10.519573853888126
one day littl,10.430091845001133
closer 'm million,10.416835748298862
know god know,10.286231132991137
'm twenti cold,10.22091553832361
'm twenti town,10.22091553832361
like sugar dandi,10.197645759000764
like sugar handi,10.197645759000764
dandi handi dandi,10.09811008544985
handi dandi dandi,10.09811008544985
handi dandi handi,10.09811008544985
handi handi dandi,10.09811008544985
god know god,10.095547571382028
god know know,10.079780255523708
one two two,10.00500068105837
till wiggl till,9.99302803939229
dri wiggl wiggl,9.975253337664316
closer 'm mile,9.876267366936162
'm town cold,9.858345458938903
god god know,9.795987289523119
closer 'm still,9.788804525685823
wiggl till till,9.729993633558497
one sun one,9.723714570668353
dri wiggl like,9.712218931830524
'm tryin closer,9.70634236549385
tryin closer 'm,9.70634236549385
handi dandi like,9.612683258279603
'm closer still,9.596159447743428
'm tri closer,9.461229867657323
tri closer 'm,9.461229867657323
'm million mile,9.416835748298862
'm twenti mile,9.390840539765922
'm still million,9.329372907048523
tryin 'm million,9.246910746856553
dress wiggl wiggl,9.238287743498109
went wiggl wiggl,9.238287743498109
wiggl dress wiggl,9.238287743498109
wiggl wiggl dress,9.238287743498109
wiggl till moon,9.230067236693142
till wiggl wiggl,9.060142235250826
'm fell love,9.030777315991788
'm til love,9.030777315991788
'm mile cold,9.028270460381211
'm mile town,9.028270460381211
tri 'm million,9.001798249020023
one one two,8.9461069920048
'm still mile,8.788804525685823
wiggl wiggl wiggl,8.653325242776951
'm tryin still,8.618879524243514
tryin 'm still,8.618879524243514
dandi like handi,8.612683258279606
like handi dandi,8.612683258279606
wiggl wiggl moon,8.560215838385474
'm alright love,8.545350488821548
'm sick love,8.545350488821548
wiggl wiggl like,8.489826510494076
wiggl wiggl like,8.390290836943159
'm tri still,8.373767026406984
tri 'm still,8.373767026406984
wiggl till wiggl,8.323176641084622
wiggl wiggl wiggl,8.015895322161661
wiggl wiggl wiggl,7.653325242776955
wiggl wiggl till,7.51582171902702
'm closer 'm,7.326070284375685
wiggl like wiggl,7.167898415606711
like wiggl wiggl,6.904864009772918
'm 'm still,6.431252521067737
'm tryin 'm,6.348790360875768
'm tri 'm,6.103677863039241
