NGRAM,VALUE,
wa-hooo wa-hooo,0.42857142857142855
troubl troubl,0.3054393305439331
night night,0.28634361233480177
readi readi,0.25301204819277107
lamb save,0.23076923076923078
brr-brr brrr,0.2283464566929134
brrr brr-brr,0.21875
rose dead,0.20634920634920634
brrr brrr,0.2023121387283237
shore driftin,0.2
speak dare,0.2
far shore,0.19444444444444445
horn wa-hooo,0.17647058823529413
spoke citi,0.17647058823529413
whose sake,0.17647058823529413
dead believ,0.17333333333333334
need shot,0.16770186335403728
henri porter,0.16666666666666666
anybodi seen,0.15555555555555556
glad glad,0.15463917525773196
ooh stand,0.15384615384615385
neighborhood bulli,0.15315315315315314
blood lamb,0.15254237288135594
pretti polli,0.15254237288135594
thank lord,0.1485148514851485
agarram vida,0.14285714285714285
ah-a summertim,0.14285714285714285
aris cobweb,0.14285714285714285
clean-cut killer,0.14285714285714285
creation honor,0.14285714285714285
creation neither,0.14285714285714285
curl teeth,0.14285714285714285
curtain risin,0.14285714285714285
danc fandango,0.14285714285714285
dio nos,0.14285714285714285
dio vigila,0.14285714285714285
doin dump,0.14285714285714285
durango agarram,0.14285714285714285
durango vida,0.14285714285714285
end man,0.14285714285714285
eye tooth,0.14285714285714285
forgiv one,0.14285714285714285
gibraltar curtain,0.14285714285714285
gregori peck,0.14285714285714285
hangin foundat,0.14285714285714285
hangin solid,0.14285714285714285
honor forgiv,0.14285714285714285
honor one,0.14285714285714285
jokerman nightingal,0.14285714285714285
jokerman tune,0.14285714285714285
jordan gibraltar,0.14285714285714285
jordan rock,0.14285714285714285
late a-rollin,0.14285714285714285
lenni bruce,0.14285714285714285
llore dio,0.14285714285714285
llore nos,0.14285714285714285
llore querida,0.14285714285714285
luther king,0.14285714285714285
mahatma gandhi,0.14285714285714285
martin king,0.14285714285714285
martin luther,0.14285714285714285
neither forgiv,0.14285714285714285
neither honor,0.14285714285714285
neither one,0.14285714285714285
nightingal tune,0.14285714285714285
nos vigila,0.14285714285714285
press press,0.14285714285714285
properti resent,0.14285714285714285
querida dio,0.14285714285714285
querida nos,0.14285714285714285
querida vigila,0.14285714285714285
rambl break,0.14285714285714285
risin groom,0.14285714285714285
rock gibraltar,0.14285714285714285
solid foundat,0.14285714285714285
sorri sorri,0.14285714285714285
sue brown,0.14285714285714285
summertim summertim,0.14285714285714285
sundown sure,0.14285714285714285
sundown u.s.a.,0.14285714285714285
sundown union,0.14285714285714285
sure greed,0.14285714285714285
sweetheart doin,0.14285714285714285
sweetheart dump,0.14285714285714285
u.s.a. sure,0.14285714285714285
union sure,0.14285714285714285
union u.s.a.,0.14285714285714285
unto forev,0.14285714285714285
usual rock,0.14285714285714285
wa-hooo wa-hooo,0.14285714285714285
live polit,0.13580246913580246
let let,0.13494809688581316
break dawn,0.13432835820895522
rambl dawn,0.13432835820895522
save blood,0.13432835820895522
ugli ...,0.13333333333333333
buy back,0.1320754716981132
diseas conceit,0.13131313131313133
buy grown,0.13043478260869565
grown cold,0.13043478260869565
jokerman bird,0.13043478260869565
nightingal bird,0.13043478260869565
nightingal fli,0.13043478260869565
press call,0.13043478260869565
press higher,0.13043478260869565
tune bird,0.13043478260869565
tune fli,0.13043478260869565
black coat,0.1282051282051282
groom altar,0.1282051282051282
groom waitin,0.1282051282051282
save grace,0.1282051282051282
sure til,0.1282051282051282
til greed,0.1282051282051282
troubl nothin,0.1282051282051282
u.s.a. til,0.1282051282051282
save glad,0.1267605633802817
age groom,0.125
curtain age,0.125
dio hors,0.125
drown watered-down,0.125
heal crippl,0.125
heart mine,0.125
hors agarram,0.125
hors durango,0.125
nos hors,0.125
risin age,0.125
vigila hors,0.125
west gibraltar,0.125
west jordan,0.125
west rock,0.125
willi scare,0.125
willi way,0.125
driftin far,0.12396694214876033
nineti mile,0.12280701754385964
back grown,0.12
bird fli,0.12
driftin driftin,0.12
glori end,0.12
gold buy,0.12
grain sand,0.12
grate forev,0.12
hangin made,0.12
hangin rock,0.12
made foundat,0.12
make unto,0.12
page age,0.12
prayer unto,0.12
rock foundat,0.12
salli brown,0.12
salli sue,0.12
save lamb,0.12
save save,0.12
silver buy,0.12
silver gold,0.12
solid made,0.12
solid rock,0.12
unto grate,0.12
brr-brr brr-brr,0.11827956989247312
clean-cut kid,0.11764705882352941
kid killer,0.11764705882352941
rose believ,0.11764705882352941
soon danc,0.11764705882352941
vida soon,0.11764705882352941
brrr etc.,0.11627906976744186
dream late,0.11627906976744186
forgiv see,0.11627906976744186
idea greed,0.11627906976744186
one see,0.11627906976744186
properti bone,0.11627906976744186
resent better,0.11627906976744186
resent bone,0.11627906976744186
sure idea,0.11627906976744186
u.s.a. idea,0.11627906976744186
waitin altar,0.11627906976744186
rememb end,0.11515151515151516
nineti hour,0.11475409836065574
ride brrr,0.11475409836065574
wide missouri,0.11475409836065574
ugli ugli,0.11392405063291139
-lrb- -rrb-,0.11196911196911197
age waitin,0.1111111111111111
back cold,0.1111111111111111
brownsvill curl,0.1111111111111111
brownsvill teeth,0.1111111111111111
danc nightingal,0.1111111111111111
danc tune,0.1111111111111111
fall apart,0.1111111111111111
fli jokerman,0.1111111111111111
gandhi luther,0.1111111111111111
gandhi martin,0.1111111111111111
gold back,0.1111111111111111
jokerman danc,0.1111111111111111
mahatma martin,0.1111111111111111
polli guess,0.1111111111111111
rollin river,0.1111111111111111
shootin star,0.1111111111111111
silver back,0.1111111111111111
sing sing,0.1111111111111111
stick vow,0.1111111111111111
togeth vow,0.1111111111111111
death end,0.10869565217391304
creation natur,0.10638297872340426
idea til,0.10638297872340426
licens kill,0.10638297872340426
natur forgiv,0.10638297872340426
natur honor,0.10638297872340426
natur neither,0.10638297872340426
natur one,0.10638297872340426
see live,0.10638297872340426
satan peac,0.10526315789473684
beat grown,0.10344827586206896
block sit,0.10344827586206896
blow wa-hooo,0.10344827586206896
brr-brr brr-brr-brr,0.10344827586206896
danc bird,0.10344827586206896
danc fli,0.10344827586206896
east gibraltar,0.10344827586206896
east rock,0.10344827586206896
gibraltar page,0.10344827586206896
higher call,0.10344827586206896
intend closer,0.10344827586206896
jordan east,0.10344827586206896
make prayer,0.10344827586206896
met rank,0.10344827586206896
page curtain,0.10344827586206896
page risin,0.10344827586206896
rock made,0.10344827586206896
rock page,0.10344827586206896
stick stick,0.10344827586206896
usual twist,0.10344827586206896
want thank,0.10344827586206896
west gibraltar,0.10344827586206896
west rock,0.10344827586206896
believ rose,0.10144927536231885
mile hour,0.10144927536231885
almighti call,0.1
away licens,0.1
call christ,0.1
curl pearl,0.1
curl shine,0.1
sometim satan,0.1
stay closer,0.1
teardrop fall,0.1
teeth pearl,0.1
teeth shine,0.1
bone better,0.09803921568627451
made sure,0.09803921568627451
made u.s.a.,0.09803921568627451
mayb someday,0.09803921568627451
name gandhi,0.09803921568627451
name mahatma,0.09803921568627451
sundown made,0.09803921568627451
union made,0.09803921568627451
usual usual,0.09803921568627451
rememb death,0.09734513274336283
beat cold,0.0967741935483871
blood save,0.0967741935483871
buy beat,0.0967741935483871
glad want,0.0967741935483871
gold beat,0.0967741935483871
across missouri,0.0958904109589041
trust trust,0.0958904109589041
wan break,0.09473684210526316
wan rambl,0.09473684210526316
-lrb- hell,0.0945273631840796
hell -rrb-,0.0945273631840796
agarram desert,0.09090909090909091
agarram mi,0.09090909090909091
back beat,0.09090909090909091
blind crippl,0.09090909090909091
bound missouri,0.09090909090909091
break break,0.09090909090909091
break rambl,0.09090909090909091
broken broken,0.09090909090909091
came garden,0.09090909090909091
closer make,0.09090909090909091
closer prayer,0.09090909090909091
curtain new,0.09090909090909091
desert danc,0.09090909090909091
desert fandango,0.09090909090909091
driftin driftin,0.09090909090909091
driftin shore,0.09090909090909091
durango mi,0.09090909090909091
grown silvio,0.09090909090909091
intend stay,0.09090909090909091
king almighti,0.09090909090909091
known unto,0.09090909090909091
llore mi,0.09090909090909091
love ugliest,0.09090909090909091
luther almighti,0.09090909090909091
man kill,0.09090909090909091
man understand,0.09090909090909091
mi dio,0.09090909090909091
mi nos,0.09090909090909091
mi querida,0.09090909090909091
mi vida,0.09090909090909091
mi vigila,0.09090909090909091
mile street,0.09090909090909091
new groom,0.09090909090909091
nightingal high,0.09090909090909091
