NGRAM,VALUE,
wa-hooo wa-hooo wa-hooo,0.21428571428571427
night night night,0.19156214367160776
troubl troubl troubl,0.1623529411764706
wa-hooo wa-hooo wa-hooo,0.125
brrr brr-brr brrr,0.12030075187969924
readi readi readi,0.11764705882352941
horn wa-hooo wa-hooo,0.1111111111111111
horn wa-hooo wa-hooo,0.08823529411764706
troubl troubl nothin,0.08797653958944282
brr-brr brrr brrr,0.08602150537634409
creation neither honor,0.08333333333333333
dio nos vigila,0.08333333333333333
durango agarram vida,0.08333333333333333
hangin solid foundat,0.08333333333333333
honor forgiv one,0.08333333333333333
jokerman nightingal tune,0.08333333333333333
jordan rock gibraltar,0.08333333333333333
llore dio nos,0.08333333333333333
llore querida dio,0.08333333333333333
llore querida nos,0.08333333333333333
martin luther king,0.08333333333333333
neither forgiv one,0.08333333333333333
neither honor forgiv,0.08333333333333333
neither honor one,0.08333333333333333
querida dio nos,0.08333333333333333
querida dio vigila,0.08333333333333333
querida nos vigila,0.08333333333333333
sundown u.s.a. sure,0.08333333333333333
sundown union sure,0.08333333333333333
sundown union u.s.a.,0.08333333333333333
sweetheart doin dump,0.08333333333333333
union u.s.a. sure,0.08333333333333333
brrr brrr brr-brr,0.08185053380782918
press higher call,0.08
rambl break dawn,0.07894736842105263
jokerman nightingal bird,0.07692307692307693
jokerman tune bird,0.07692307692307693
nightingal tune bird,0.07692307692307693
nightingal tune fli,0.07692307692307693
sure til greed,0.07575757575757576
u.s.a. sure til,0.07575757575757576
brownsvill curl teeth,0.07407407407407407
dio nos hors,0.07407407407407407
dio vigila hors,0.07407407407407407
hors durango agarram,0.07407407407407407
nos vigila hors,0.07407407407407407
willi scare way,0.07407407407407407
hangin made foundat,0.07142857142857142
hangin rock foundat,0.07142857142857142
hangin solid made,0.07142857142857142
hangin solid rock,0.07142857142857142
nightingal bird fli,0.07142857142857142
salli sue brown,0.07142857142857142
save lamb save,0.07142857142857142
solid made foundat,0.07142857142857142
solid rock foundat,0.07142857142857142
tune bird fli,0.07142857142857142
unto grate forev,0.07142857142857142
clean-cut kid killer,0.07017543859649122
curtain risin age,0.07017543859649122
risin age groom,0.07017543859649122
west rock gibraltar,0.07017543859649122
forgiv one see,0.06944444444444445
groom waitin altar,0.06944444444444445
properti resent bone,0.06944444444444445
sure idea greed,0.06944444444444445
u.s.a. sure idea,0.06944444444444445
buy back grown,0.06896551724137931
west jordan rock,0.06896551724137931
west jordan gibraltar,0.06779661016949153
back grown cold,0.06666666666666667
blow horn wa-hooo,0.06666666666666667
danc nightingal tune,0.06666666666666667
jokerman danc nightingal,0.06666666666666667
jokerman danc tune,0.06666666666666667
silver gold buy,0.06666666666666667
rememb death end,0.06529209621993128
gold buy back,0.06451612903225806
silver buy back,0.06451612903225806
creation natur honor,0.0641025641025641
creation natur neither,0.0641025641025641
idea til greed,0.0641025641025641
natur forgiv one,0.0641025641025641
natur honor forgiv,0.0641025641025641
natur honor one,0.0641025641025641
natur neither forgiv,0.0641025641025641
natur neither honor,0.0641025641025641
natur neither one,0.0641025641025641
sure idea til,0.0641025641025641
u.s.a. idea til,0.0641025641025641
instead speak dare,0.06382978723404255
speak dare multitud,0.06382978723404255
gandhi martin luther,0.06349206349206349
mahatma gandhi martin,0.06349206349206349
age groom waitin,0.0625
danc nightingal bird,0.0625
danc nightingal fli,0.0625
danc tune bird,0.0625
danc tune fli,0.0625
eye tooth creation,0.0625
hangin rock made,0.0625
jokerman danc bird,0.0625
make prayer unto,0.0625
rock made foundat,0.0625
silver gold back,0.0625
solid rock made,0.0625
nineti mile hour,0.06140350877192982
curl teeth pearl,0.06060606060606061
curl teeth shine,0.06060606060606061
rose dead believ,0.06060606060606061
summertim ah-a summertim,0.06060606060606061
made u.s.a. sure,0.05952380952380952
name mahatma gandhi,0.05952380952380952
resent bone better,0.05952380952380952
sundown made sure,0.05952380952380952
sundown made u.s.a.,0.05952380952380952
sundown union made,0.05952380952380952
union made sure,0.05952380952380952
union made u.s.a.,0.05952380952380952
beat grown cold,0.058823529411764705
blood lamb save,0.058823529411764705
buy beat grown,0.058823529411764705
danc bird fli,0.058823529411764705
usual rock twist,0.058823529411764705
blow wa-hooo wa-hooo,0.057692307692307696
page risin age,0.057692307692307696
wan rambl break,0.057692307692307696
brr-brr brrr brr-brr,0.05714285714285714
brrr brrr brrr,0.05688622754491018
page curtain age,0.05660377358490566
agarram mi vida,0.05555555555555555
agarram vida desert,0.05555555555555555
back beat grown,0.05555555555555555
curtain risin new,0.05555555555555555
desert danc fandango,0.05555555555555555
durango agarram mi,0.05555555555555555
durango mi vida,0.05555555555555555
east rock gibraltar,0.05555555555555555
gibraltar page curtain,0.05555555555555555
gold buy beat,0.05555555555555555
llore mi dio,0.05555555555555555
llore mi nos,0.05555555555555555
llore mi querida,0.05555555555555555
mi dio nos,0.05555555555555555
mi dio vigila,0.05555555555555555
mi nos vigila,0.05555555555555555
mi querida dio,0.05555555555555555
mi querida nos,0.05555555555555555
mi querida vigila,0.05555555555555555
nightingal tune high,0.05555555555555555
page curtain risin,0.05555555555555555
risin new groom,0.05555555555555555
rock gibraltar page,0.05555555555555555
wan break dawn,0.05555555555555555
wan rambl dawn,0.05555555555555555
west rock gibraltar,0.05555555555555555
brr-brr brr-brr brrr,0.0547945205479452
buy back beat,0.05405405405405406
jordan east gibraltar,0.05357142857142857
wa-hooo wa-hooo ride,0.05333333333333334
back beat cold,0.05263157894736842
gold back beat,0.05263157894736842
grown cold silvio,0.05263157894736842
nightingal bird high,0.05263157894736842
nightingal fli high,0.05263157894736842
save blood lamb,0.05263157894736842
save blood save,0.05263157894736842
tune bird high,0.05263157894736842
tune fli high,0.05263157894736842
made sure idea,0.052083333333333336
made u.s.a. idea,0.052083333333333336
properti jesus resent,0.052083333333333336
usual usual rock,0.05194805194805195
jordan east rock,0.05172413793103448
break rambl break,0.05128205128205128
heal blind crippl,0.05128205128205128
rambl break rambl,0.05128205128205128
sometim satan peac,0.05128205128205128
bird fli high,0.05
closer make prayer,0.05
known unto grate,0.05
luther king almighti,0.05
make known unto,0.05
prayer known unto,0.05
silvio gold buy,0.05
silvio silver buy,0.05
silvio silver gold,0.05
want thank lord,0.05
across wide missouri,0.04964539007092199
ride brrr etc.,0.049019607843137254
break dawn break,0.04878048780487805
break dawn rambl,0.04878048780487805
dawn rambl break,0.04878048780487805
mile hour street,0.04861111111111111
pretti polli guess,0.04819277108433735
aris cobweb dust,0.047619047619047616
curl pearl shine,0.047619047619047616
fli high jokerman,0.047619047619047616
rambl dawn rambl,0.047619047619047616
teeth pearl shine,0.047619047619047616
dawn break dawn,0.046511627906976744
lamb save glad,0.046511627906976744
jesus resent better,0.046296296296296294
jesus resent bone,0.046296296296296294
late a-rollin across,0.046296296296296294
properti jesus bone,0.046296296296296294
bound wide missouri,0.046153846153846156
-lrb- hell -rrb-,0.04600484261501211
away licens kill,0.04597701149425287
mahatma gandhi name,0.04597701149425287
name luther king,0.04597701149425287
name martin luther,0.04597701149425287
risin new age,0.04597701149425287
beat grown silvio,0.045454545454545456
brrr brr-brr brr-brr,0.045454545454545456
curtain new age,0.045454545454545456
dawn rambl dawn,0.045454545454545456
end son man,0.045454545454545456
glori stori end,0.045454545454545456
intend stay closer,0.045454545454545456
make prayer known,0.045454545454545456
name martin king,0.045454545454545456
new age groom,0.045454545454545456
troubl nothin troubl,0.04521276595744681
aris cobweb upon,0.044444444444444446
gandhi name luther,0.044444444444444446
gandhi name martin,0.044444444444444446
mahatma name martin,0.044444444444444446
bone better stone,0.043859649122807015
beat cold silvio,0.043478260869565216
tune bird light,0.043478260869565216
tune fli light,0.043478260869565216
shore driftin shore,0.04285714285714286
usual usual twist,0.04285714285714286
far shore shore,0.0425531914893617
shore far shore,0.0425531914893617
shore shore driftin,0.04225352112676056
agarram mi desert,0.041666666666666664
almighti holi call,0.041666666666666664
bird fli light,0.041666666666666664
end holi man,0.041666666666666664
holi call christ,0.041666666666666664
jesus bone better,0.041666666666666664
man understand kill,0.041666666666666664
met rank stranger,0.041666666666666664
mi vida desert,0.041666666666666664
road glori end,0.041666666666666664
stay closer make,0.041666666666666664
let let let,0.041237113402061855
rose dead rose,0.04065040650406504
rose rose dead,0.04065040650406504
bound across missouri,0.040268456375838924
let wo let,0.04020100502512563
fli light jokerman,0.04
grown cold find,0.04
lamb save save,0.04
rose believ rose,0.03968253968253968
away across wide,0.0392156862745098
son almighti holi,0.0392156862745098
ride car brrr,0.03888888888888889
bird fli moon,0.038461538461538464
bodi met rank,0.038461538461538464
burn curtain risin,0.038461538461538464
death end rememb,0.038461538461538464
gibraltar burn curtain,0.038461538461538464
glori end holi,0.038461538461538464
rock gibraltar burn,0.038461538461538464
ugli ... ugli,0.038461538461538464
yesterday memori tomorrow,0.038461538461538464
end rememb death,0.0380952380952381
driftin far shore,0.0379746835443038
far shore driftin,0.0379746835443038
glad glad want,0.0379746835443038
long black coat,0.03787878787878788
hope readi readi,0.0375
almighti call jesus,0.037037037037037035
call jesus christ,0.037037037037037035
clean-cut made killer,0.037037037037037035
far far shore,0.037037037037037035
far shore far,0.037037037037037035
fli moon jokerman,0.037037037037037035
lamb lamb save,0.037037037037037035
page new age,0.037037037037037035
polli guess right,0.037037037037037035
shootin star thought,0.037037037037037035
shore driftin driftin,0.037037037037037035
king son almighti,0.036585365853658534
luther son almighti,0.036585365853658534
break wan rambl,0.03636363636363636
driftin shore driftin,0.03636363636363636
rambl break wan,0.03636363636363636
rambl wan rambl,0.03636363636363636
creation one honor,0.036231884057971016
creation one neither,0.036231884057971016
one honor forgiv,0.036231884057971016
one neither forgiv,0.036231884057971016
one neither honor,0.036231884057971016
far driftin shore,0.03614457831325301
speak dare rose,0.03614457831325301
name mahatma name,0.036036036036036036
