NGRAM,VALUE,
god know god,145.52876114211242
know god know,139.29346699486706
god know know,118.03714332180823
god god know,114.34783476380053
wiggl wiggl like,112.3473976574111
closer million mile,94.1951020233356
closer still million,93.4953992933329
twenti cold iron,92.79577613638031
twenti town iron,92.79577613638031
cold iron bound,91.44726059078356
town iron bound,91.44726059078356
town cold iron,90.25778558068737
twenti town cold,90.25778558068737
closer still mile,89.17085224243127
town cold bound,88.9092700350906
twenti mile iron,86.9852511464765
mile iron bound,85.63673560087973
still million mile,85.4953992933329
mile cold iron,84.44726059078356
mile town iron,84.44726059078356
twenti mile cold,84.44726059078356
twenti mile town,84.44726059078356
mile cold bound,83.09874504518679
mile town bound,83.09874504518679
mile town cold,81.90927003509059
walk dirt road,79.53923668832599
closer 'm million,75.33468598639092
eight gate nine,72.93527748621699
closer 'm mile,71.01013893548931
alright til fell,70.52268177304641
closer 'm still,70.3104362054866
heaven close door,68.0955476371952
stand doorway cri,67.3946593469539
'm million mile,67.33468598639092
'm still million,66.63498325638821
left doorway cri,65.31947185055968
wiggl wiggl wiggl,63.14305789945494
left stand doorway,62.394659346953894
'm still mile,62.310436205486596
til fell love,61.941646603049364
left stand cri,61.079487317784924
'm closer still,60.173116134203994
alright fell love,59.51451246719816
alright til love,59.51451246719816
much longer wait,57.30771510378291
five surviv six,56.456345616826205
dark yet get,56.02000272423347
littl girl bake,54.41785100589855
four turn one,54.35985272711809
till wiggl till,53.95816823635374
four shore five,53.456345616826205
let wind blow,53.07214034756865
dandi sugar candi,52.02000272423347
handi sugar candi,52.02000272423347
tryin close door,51.73844541266788
tryin heaven close,51.73844541266788
handi dandi like,51.67609954967764
till wiggl till,51.574780671398265
five tri six,50.45634561682621
three turn four,50.45634561682621
littl girl live,50.41785100589855
blood found world,49.94657061249928
tryin heaven door,49.796738103986904
dandi like sugar,49.67305676583484
'm drift scene,49.16521946486003
drift scene 'm,49.16521946486003
boy littl girl,49.1301386263491
littl boy girl,49.1301386263491
four danc five,48.70145811466274
one none two,48.02000272423347
littl boy littl,47.97211215756917
nine wine ten,47.45634561682621
three key four,47.45634561682621
bowl soup wiggl,47.06849656599131
gypsi queen wiggl,47.06849656599131
roll hoop wiggl,47.06849656599131
satin silk wiggl,47.06849656599131
wiggl rattl shake,47.06849656599131
tryin closer million,46.41785100589855
'm twenti cold,46.10457769161805
'm twenti town,46.10457769161805
like sugar candi,46.078295415552496
wiggl wiggl wiggl,45.91995145666172
three danc four,45.70145811466274
three sea four,45.70145811466274
two dark three,45.70145811466274
two dew three,45.70145811466274
handi dandi candi,45.68015272134885
see meadow see,45.61221608448059
walk dirt till,45.528281320552765
littl littl girl,44.58012453134936
nine drank ten,44.45634561682621
ten thousand dress,44.41814541843713
handi dandi sugar,44.39244034179939
wiggl wiggl like,44.34174502165895
'm town cold,44.2917272946945
'm closer 'm,44.282491990629794
dirt road till,44.078001003013924
milk wiggl rattl,44.06849656599131
pail milk wiggl,44.06849656599131
tryin closer still,43.905726115446384
wiggl till till,43.64996816779248
day littl girl,43.616092133334185
'm 'm still,43.450020168541926
ten thousand women,43.36600779510195
walk road till,43.18843131766813
make feel love,42.93190996798927
two foggi three,42.70145811466274
two step three,42.70145811466274
see lover see,42.61221608448059
wiggl till wiggl,42.18227624968428
wiggl wiggl till,42.18227624968428
wiggl till wiggl,42.18227624968428
tryin still million,42.0679996408972
'm twenti mile,41.95420269882962
two two two,41.91572747756312
longer wait 'm,41.16521946486003
two ark two,40.94657061249927
two flew two,40.94657061249927
two step two,40.94657061249927
'm til fell,40.92964470864575
till wiggl wiggl,40.30071117625414
'm mile cold,40.14135230190607
'm mile town,40.14135230190607
dress green wiggl,40.10271228132923
queen wiggl dress,40.10271228132923
wiggl dress green,40.10271228132923
dandi like candi,39.73844541266787
handi like candi,39.73844541266787
handi dandi clear,39.0150020431751
'm alright fell,38.987937399964785
'm alright til,38.987937399964785
handi like sugar,38.450733033118425
two lover two,37.94657061249927
one follow two,37.769889545338565
sugar candi dandi,37.769889545338565
sugar candi handi,37.769889545338565
one day littl,37.72036738000453
wiggl like wiggl,37.007390493640266
found world love,36.37588474432824
handi dandi ya,36.0150020431751
hit handi dandi,36.0150020431751
tomorrow handi dandi,36.0150020431751
went dri wiggl,35.347824779165755
'm tryin closer,34.825369461975406
tryin closer 'm,34.825369461975406
one follow one,34.593208478177864
honey handi dandi,34.26011454101163
tri closer million,34.07805076091432
green wiggl till,33.69020171007942
candi handi dandi,33.0150020431751
dandi candi handi,33.0150020431751
tryin 'm million,32.98764298742622
kind love sick,32.70870748031889
tri closer still,32.19395709307519
'm fell love,32.12310926396715
'm til love,32.12310926396715
dandi sugar handi,32.04921775851301
sugar handi dandi,32.04921775851301
bowl wiggl wiggl,31.680647515156416
green wiggl wiggl,31.680647515156416
gypsi wiggl wiggl,31.680647515156416
hoop wiggl wiggl,31.680647515156416
pail wiggl wiggl,31.680647515156416
queen wiggl wiggl,31.680647515156416
roll wiggl wiggl,31.680647515156416
satin wiggl wiggl,31.680647515156416
silk wiggl wiggl,31.680647515156416
soup wiggl wiggl,31.680647515156416
wiggl green wiggl,31.680647515156416
wiggl wiggl green,31.680647515156416
wiggl wiggl gypsi,31.680647515156416
wiggl wiggl pail,31.680647515156416
wiggl wiggl rattl,31.680647515156416
wiggl wiggl roll,31.680647515156416
wiggl wiggl shake,31.680647515156416
wiggl wiggl ton,31.680647515156416
hoop wiggl like,30.891544297655035
silk wiggl like,30.891544297655035
soup wiggl like,30.891544297655035
wiggl like gypsi,30.891544297655035
wiggl like pail,30.891544297655035
wiggl like roll,30.891544297655035
wiggl like ton,30.891544297655035
tri still million,30.8156622371633
'm tryin still,30.47551809697405
tryin 'm still,30.47551809697405
wiggl wiggl till,30.391594689426675
'm alright love,30.181401955286184
'm sick love,30.181401955286184
like wiggl wiggl,29.52432004886458
one sun two,29.347824779165762
milk wiggl wiggl,28.680647515156412
like candi dandi,28.558721561664377
like candi handi,28.558721561664377
like sugar dandi,27.592937277002285
like sugar handi,27.592937277002285
dandi handi dandi,27.294330256349546
handi dandi dandi,27.294330256349546
handi dandi handi,27.294330256349546
handi handi dandi,27.294330256349546
one two two,27.015002043175098
dri wiggl wiggl,26.925760012992946
one sun one,26.171143712005048
dri wiggl like,26.13665679549156
wiggl wiggl till,26.063286876108073
'm tri closer,25.38368960297196
tri closer 'm,25.38368960297196
dress wiggl wiggl,24.714863230494323
went wiggl wiggl,24.714863230494323
wiggl dress wiggl,24.714863230494323
wiggl wiggl dress,24.714863230494323
wiggl till moon,24.69020171007942
tri 'm million,24.00539474706007
one one two,23.838320976014394
dandi like handi,22.83804977483882
like handi dandi,22.83804977483882
wiggl wiggl moon,22.680647515156412
'm tri still,22.12130107922094
tri 'm still,22.12130107922094
wiggl till wiggl,21.969529923253866
'm tryin 'm,21.39516144350307
wiggl wiggl wiggl,19.95997572833086
'm tri 'm,15.311033589117708
