NGRAM,VALUE,
shine light,54.44997446904467
serv somebodi,46.78195578481343
cri cri,45.78416745449625
wake strengthen,45.645262286352576
wan nobodi,44.853415764596505
light shine,44.54070395626529
light light,43.40779552256495
day day,42.60023036585443
shine shine,41.78382336737584
mrs. henri,41.752710907920864
fool fool,41.446188795954136
nobodi wan,37.89822324842517
stop cri,37.84790059519913
suckl tree,37.4748067632271
sarah jane,36.15583917741179
cri stop,35.91633202587495
stop cri,35.91633202587495
wan wan,35.780283858282154
wake wake,35.44262397750603
locust sang,35.22474513349697
weekend weekend,34.350116720993576
one weekend,33.79742217952862
wake thing,32.70693250395219
anim begin,32.121262939908945
name begin,32.121262939908945
appl suckl,31.98159660535052
somebodi may,31.280833424071968
pleas cri,30.828350586545255
henri pleas,30.561985870394537
new morn,30.439110139336094
forev young,29.988572592413085
mr. bojangl,28.91643108804734
gave begin,28.48816579064972
bojangl danc,28.445690280232864
mrs. pleas,28.135482559067484
day gold,28.081003243691736
stop babi,27.766644873149488
serv may,27.735956589277947
wake remain,27.41062484891451
appl tree,26.52105516356872
true love,26.325368828341578
stop stop,25.604371347698677
jack heart,25.211328494295117
ya tell,25.138147197037185
cri babi,25.05435725269894
henri henri,24.78080393991244
pleas mrs.,24.63792038265801
may may,23.790079810954175
behold lo,23.169062795436098
lo behold,23.169062795436098
day old,22.58100324369174
tree appl,22.531665495324244
tree underneath,22.531665495324244
tell henri,22.249784660604885
pleas stop,22.21238372147888
slow train,22.05545007180814
wrong hurt,21.99211052709981
mr. danc,21.7907679395242
weekend one,21.71388170666923
heavi bottl,21.631579009801584
name anim,21.414175293272628
ira hay,21.297561773701588
babi ooh-e,21.133342839606346
ooh babi,21.133342839606346
bottl bread,21.075597956460467
father father,20.876247112347652
street joey,20.803551720005174
day 49,20.39107017356169
tree tree,20.110093529092406
somebodi devil,20.079820765253938
begin name,19.659287791109158
forev forev,19.48260672394845
drunken hay,19.31209833759508
gave anim,18.992110527099815
gave name,18.992110527099815
sang locust,18.923950297599564
may lord,18.867885755147945
slow comin,18.770351978132645
johnni johnni,18.62603120056306
gold day,18.584821339044804
bash ooh,18.50273209231167
ooh ooh-e,18.50273209231167
whiskey-drink marin,18.50273209231167
babi stop,18.488307562483087
morn morn,18.427310764370272
hang low,18.414175293272628
may call,18.333878317652953
may serv,18.333878317652953
jane set,18.326758772583176
young forev,18.23749422611192
cri pleas,18.21238372147888
answer marin,18.158973282936834
answer whiskey-drink,18.158973282936834
drunken ira,18.02101380851673
dollar bash,17.84514607772719
drunken answer,17.815214473561998
clay joey,17.55645303417735
hay whiskey-drink,17.55645303417735
million bash,17.55645303417735
ooh-e million,17.55645303417735
shelter storm,17.55645303417735
treat unkind,17.468241561696104
behold lookin,17.446041863624064
mrs. mrs.,17.43638521693805
indian marin,17.28916502438607
marin war,17.28916502438607
whiskey-drink indian,17.28916502438607
whiskey-drink war,17.28916502438607
begin gave,17.23722302493635
hay answer,17.21269422480251
first degre,17.106191860739436
sara sara,17.07399085766014
true tend,17.040325840508782
49 day,17.00129546531766
young young,16.99238172827539
answer indian,16.945406215011232
joey king,16.898867019592863
million dollar,16.898867019592863
slow around,16.650328265024807
goin goin,16.610173976043026
morn new,16.594656117611827
pleas henri,16.558471524824196
right unto,16.505013827126664
right ya,16.505013827126664
lucki born,16.452645565435652
jane nothin,16.3827398259243
sarah nothin,16.3827398259243
hair hang,16.350007312216846
joey blow,16.342885966251743
lo behold,16.276116862181752
lo lookin,16.276116862181752
new new,16.167360585775782
stay forev,16.1520759350735
indian war,16.075597956460463
flora lili,16.038981016549464
ira answer,16.038981016549464
wind blow,16.038981016549464
alberta treat,16.002732092311675
anymor marin,16.002732092311675
anymor whiskey-drink,16.002732092311675
old day,15.868089748049046
hair low,15.840232307889913
thing wrong,15.840232307889913
babi cri,15.738307562483085
answer anymor,15.658973282936836
child joey,15.436460767789974
joey child,15.436460767789974
wo whiskey-drink,15.34514607772719
world lucki,15.31129244241883
let low,15.271577089707815
babi pleas,15.271013808516729
old gold,15.261577983495632
stay young,15.2182415616961
one one,15.177299033779317
tree suckl,15.169172757998695
dog run,15.10619186073944
knock knockin,15.10619186073944
strengthen remain,15.10619186073944
hay anymor,15.05645303417735
joey street,15.05645303417735
henri mrs.,15.046985399193446
drunken wo,15.001387268352353
wo answer,15.001387268352353
knock knock,14.802185673849337
anymor indian,14.789165024386069
like travel,14.769170752735377
ya henri,14.702028304771272
henri appl,14.68490336776919
knock knockin,14.462335670964716
hay wo,14.398867019592865
done laid,14.276116862181752
heaven knock,14.276116862181752
knock heaven,14.276116862181752
let hang,14.260183742566651
write johnni,14.250942765713376
'd unto,14.14232935338565
wo indian,14.131579009801587
give shelter,14.08889522640423
heaven knockin,13.936266859297127
knockin heaven,13.936266859297127
seem travel,13.883322436574744
ira anymor,13.8827398259243
black bay,13.852415517070249
black diamond,13.852415517070249
diamond bay,13.852415517070249
reason reason,13.852415517070249
done around,13.831332019508855
right right,13.776064326834131
odd lost,13.707087646636314
thunder barrel,13.707087646636314
run free,13.705312424457254
world born,13.702645565435652
love tend,13.687733545921116
heaven knock,13.632260672407025
knock heaven,13.632260672407025
idiot blow,13.608315389074875
mari ann,13.491482016624232
said said,13.327987371313466
locust locust,13.259128349822275
sang sang,13.259128349822275
ira wo,13.225153811339814
alberta unkind,13.187475829734131
marin went,13.158973282936836
whiskey-drink went,13.158973282936836
man anim,13.149512786782221
man name,13.149512786782221
give storm,13.142616168269905
father father,13.10619186073944
lo lo,13.10619186073944
odd end,13.084531397718049
love true,13.031600318881672
fool taught,12.988239944910069
johnni home,12.9682415616961
seem like,12.919869119766897
heaven door,12.84514607772719
wo anymor,12.84514607772719
may forev,12.74428629620654
call drunken,12.711281298055784
laid around,12.661407018066543
underneath appl,12.644282991059695
soccer fun,12.601639255387006
sound thunder,12.601639255387006
repin day,12.585910308450895
hang alberta,12.534790136325709
ya ya,12.521132689743038
littl sadi,12.51456537406439
wrong wrong,12.49446584333187
devil lord,12.491602254409033
train bend,12.491602254409033
winterlud winterlud,12.395383969762104
unto wan,12.383278942591438
call hay,12.289517123924144
father father,12.276116862181752
mem ry,12.207087646636314
idiot wind,12.187328623464845
sang singin,12.15447336800984
low alberta,12.152458883080506
acapulco goin,12.033871820506409
goin soccer,12.033871820506409
other 'd,12.022337086998274
true true,12.013846237888803
indian went,11.945406215011232
went war,11.945406215011232
henri ya,11.93456128293746
blue new,11.883322436574744
bread heavi,11.873499014631642
heavi bread,11.873499014631642
simpl twist,11.873499014631642
twist fate,11.873499014631642
may somebodi,11.83811897639384
like unto,11.835840612599664
knock door,11.810451922829145
may may,11.810451922829145
young may,11.810451922829145
strengthen thing,11.73007987336892
tear grief,11.724195504305268
let hair,11.686240757183935
'm go,11.648882105137112
somebodi serv,11.631579009801584
joey joey,11.610173976043026
long seem,11.608315389074875
thunder gun,11.584531397718049
minstrel coin,11.53991038262697
simpl fate,11.53991038262697
war ira,11.491482016624232
call ira,11.46791787814701
hello vivian,11.453337135842538
begin man,11.394625284618751
man begin,11.394625284618751
thing remain,11.390229870484294
ev'ri bodi,11.389014071472069
lucki see,11.349717816107383
underneath tree,11.260527581784359
throw coin,11.250942765713376
throw minstrel,11.250942765713376
unto like,11.17825459801518
lord serv,11.10619186073944
big jim,11.101639255387003
blue morn,11.086223683594197
somebodi somebodi,11.075597956460467
see born,11.003215488932526
cup coffe,10.996055263549906
forev may,10.988404482632303
melodi locust,10.961975148799782
suckl underneath,10.928703861262928
underneath suckl,10.928703861262928
mi corazon,10.90377616476504
'd like,10.852705486010422
comin bend,10.849053207571282
alberta hang,10.802185673849339
door knock,10.802185673849339
knock door,10.802185673849339
stop stop,10.802185673849339
die fool,10.799188463632529
love love,10.786909078652277
call wo,10.741602254409033
devil serv,10.741602254409033
gold repin,10.741602254409033
repin gold,10.741602254409033
serv devil,10.741602254409033
