NGRAM,VALUE,
light shine light,602.7645577151798
shine light shine,598.073082600189
cri stop cri,465.2528405764974
mrs. henri pleas,397.7732542200525
weekend one weekend,388.6063652336495
wake wake strengthen,385.0838982562051
stop cri babi,375.9523716023857
serv somebodi may,369.0646359464694
wake strengthen thing,364.00307393089895
stop cri stop,362.9787304496808
pleas stop cri,342.62680469236204
fool fool fool,324.49615249412165
one weekend one,317.84344915343314
wake wake thing,309.3563121028699
name anim begin,300.4407785062907
mr. bojangl danc,296.56017992467747
gave anim begin,285.90838990925386
gave name begin,285.90838990925386
wake strengthen remain,271.85143429311205
pleas mrs. henri,259.2884445999407
appl suckl tree,258.9337555401904
day old day,258.5405303395134
sarah jane nothin,245.53839399859854
wake thing remain,242.12373837107089
forev young forev,234.48391008610537
morn new morn,234.14352611943372
young forev young,228.25834759692273
cri babi pleas,227.70756388517276
lo behold lookin,226.3329523548349
new morn new,225.34776208801188
love true love,215.6052367058916
true love tend,214.3683563185794
shine light light,211.15484784934011
shine shine light,209.35043434357445
slow train comin,208.82475093770665
wan nobodi wan,200.56451257658384
slow train around,200.34465608527532
stay forev young,196.91841901284698
may lord serv,195.21488604576786
somebodi may lord,192.1013921470576
gave name anim,190.6055932728359
thing wrong hurt,187.32937133995887
slow comin around,187.2042637105733
like 'd unto,185.86901979591187
anim begin gave,183.58604326418202
begin gave name,183.58604326418202
49 day gold,179.195428956077
blue new morn,177.680413859662
drunken ira hay,175.89786107651454
other like 'd,173.14906619758764
hair hang low,173.01763040465016
right ya unto,171.55101461220386
somebodi may devil,171.32091801397462
answer whiskey-drink marin,170.79719649378248
child clay joey,169.90714643319504
jane nothin set,168.83799439402992
street clay joey,168.38711549874455
day old gold,168.09318662063933
day 49 day,167.40585121316624
whiskey-drink indian marin,167.31796345957943
whiskey-drink marin war,167.31796345957943
joey king child,167.2768023748571
man name anim,167.23520231156553
hay answer whiskey-drink,167.0120802612452
mrs. henri mrs.,166.86951260854127
light light light,166.5042719454363
'm go 'm,166.46777518891048
answer indian marin,165.94292822208007
answer whiskey-drink indian,165.94292822208007
joey king street,165.75677144040662
million dollar bash,165.75677144040662
drunken hay answer,165.63704502374583
light light shine,165.06074114082378
let hang low,164.65833612604936
light shine shine,163.6172103362112
babi stop cri,163.47187299193197
true love true,162.49415812419844
forev young may,162.46740615772657
indian marin war,162.463695187877
whiskey-drink indian war,162.463695187877
shine shine shine,162.17367953159868
anymor whiskey-drink marin,162.17223173128184
babi pleas stop,161.60269797606657
drunken ira answer,160.94219219073364
answer anymor marin,160.79719649378248
answer anymor whiskey-drink,160.79719649378248
anim begin man,160.21565230291162
begin man name,160.21565230291162
man anim begin,160.21565230291162
man name begin,160.21565230291162
name begin man,160.21565230291162
joey street child,159.90714643319504
street child joey,159.90714643319504
ira hay answer,158.53211119569568
hay anymor whiskey-drink,158.38711549874455
wo answer whiskey-drink,158.16685243544453
man gave anim,157.54694324687426
man gave name,157.54694324687426
world lucki born,157.44832086110858
anymor indian marin,157.3179634595794
anymor whiskey-drink indian,157.3179634595794
henri mrs. henri,157.31191333756286
hay answer anymor,157.0120802612452
drunken wo answer,156.7918171979452
let hair hang,156.40166420182626
answer anymor indian,155.94292822208007
day gold day,155.90705503962542
henri mrs. pleas,155.80554275255656
hay wo whiskey-drink,155.75677144040662
suckl tree underneath,155.0528781614926
tree appl suckl,155.0528781614926
wo whiskey-drink indian,154.68761940124148
drunken hay wo,154.38173620290723
hay wo answer,154.38173620290723
let hair low,154.3625641845185
tree underneath appl,153.89810598729326
wo answer indian,153.31258416374212
ira answer anymor,152.31722742823297
one weekend weekend,151.8768760440981
whiskey-drink marin went,150.79719649378248
give shelter storm,150.73176803511475
babi pleas cri,150.60269797606654
begin man gave,150.52739323822038
man gave begin,150.52739323822038
ira hay anymor,149.90714643319504
drunken ira wo,149.68688336989504
ira wo answer,149.68688336989504
wo anymor whiskey-drink,149.5418876729439
ooh babi ooh-e,148.6672592604405
ya tell henri,148.18482547256122
wo answer anymor,148.16685243544453
love tend forget,148.05796927401718
fool fool taught,147.59026156359036
ira hay wo,147.2768023748571
henri henri pleas,146.24794348157815
behold lookin lo,146.20893489745401
indian marin went,145.94292822208007
marin went war,145.94292822208007
whiskey-drink indian went,145.94292822208007
whiskey-drink went war,145.94292822208007
hay wo anymor,145.7567714404066
nobodi wan wan,145.44293444109172
wan wan nobodi,145.44293444109172
wo anymor indian,144.68761940124148
unto other like,144.39435268854635
may stay forev,143.95347676612562
lucki see born,141.6020223558628
indian went war,141.08865995037763
ira wo anymor,141.0619186073944
anymor marin went,140.79719649378248
anymor whiskey-drink went,140.79719649378248
knock knock knockin,138.95381013258586
world lucki see,137.03660986379552
heaven knock knockin,136.84953488591552
knock knockin heaven,136.84953488591552
anymor indian went,135.94292822208007
heaven knock knock,135.63351013835512
knock knock heaven,135.63351013835512
locust sang locust,135.279039279107
sang locust sang,135.279039279107
said shelter storm,134.74139117578596
heaven knock knockin,134.27411012681662
knock knockin heaven,134.27411012681662
lo behold lo,133.52923489168475
go 'm gone,132.8879164602155
suckl tree tree,131.9526631625989
tree suckl tree,131.9526631625989
done laid around,131.75009552099317
alberta treat unkind,131.27894600856465
tree appl tree,130.91336820581947
hang low alberta,130.85236141213989
world see born,130.6020223558628
black diamond bay,127.72458663151392
johnni home johnni,127.3955313912027
repin day gold,127.32150460713106
year fool fool,126.69290870960407
strengthen thing remain,126.66538693066417
idiot wind blow,126.17832899348801
clay joey made,125.35029238745713
richard heard said,124.67385666749094
door knock knockin,122.95381013258586
knock knockin door,122.95381013258586
clay joey want,122.0299923932264
door knock knock,121.73778538502546
knock knock door,121.73778538502546
odd end lost,121.65670117309051
one one weekend,121.54991200971969
joey made blow,121.46687777009521
said give shelter,120.8711599446935
stop babi stop,120.63775719502598
door knock knockin,120.37838537348696
knock knockin door,120.37838537348696
pleas mrs. mrs.,120.28701902414161
sky blue new,119.93805446502327
sound thunder barrel,119.72513260376634
door knock heaven,119.6335101383551
heaven door knock,119.6335101383551
knock heaven door,119.6335101383551
write johnni johnni,118.98799211705314
child joey made,118.56631713501753
door knockin heaven,118.27411012681661
heaven door knockin,118.27411012681661
knockin heaven door,118.27411012681661
joey want blow,118.14657777586444
stop stop babi,118.06233243592709
said give storm,117.0860437121562
door knock heaven,117.0580853792562
heaven door knock,117.0580853792562
knock heaven door,117.0580853792562
call drunken hay,116.90845618287163
weekend weekend weekend,116.78952671321511
new morn morn,115.700496799075
first degre second,115.65670117309051
thunder barrel gun,115.65670117309051
somebodi serv somebodi,115.48198817557969
cri babi stop,115.21318195412489
alberta hang low,114.95381013258587
wake wake remain,114.32219940142728
stop stop stop,113.73778538502546
call drunken ira,113.62205919976309
bojangl bojangl danc,113.15225982875333
bojangl mr. danc,113.15225982875333
pleas henri mrs.,113.11881957090782
pleas mrs. henri,112.87460889170858
cri stop babi,112.63775719502598
die fool fool,112.2544351048773
door richard said,111.93851917398135
shine light make,111.93589317430246
call ira hay,111.93500250323652
stop babi pleas,111.27835718348747
sadi first degre,110.81257164074488
call drunken wo,110.71679670481116
old day 49,110.28374144237968
train comin bend,110.26788434287317
devil lord serv,109.83808053022416
underneath appl suckl,109.77814643570021
heavi bottl bread,109.47821711272621
simpl twist fate,109.47821711272621
alberta hair hang,109.44936218310377
slow train bend,109.42582470684917
call hay wo,109.02974000828462
may serv somebodi,108.75688280899939
stop stop cri,108.31321014412435
stop cri stop,108.31321014412435
devil lord somebodi,108.28133358086902
somebodi devil lord,108.28133358086902
alberta hair low,108.08996217156529
might thunder barrel,107.72513260376634
went war ira,107.39494256612555
joey made want,107.24601714078676
cri babi cri,107.21318195412489
cri cri babi,107.21318195412489
throw minstrel coin,106.98799211705314
pleas stop stop,106.95381013258587
stop pleas stop,106.95381013258587
mrs. mrs. henri,106.56664173325827
'd unto wan,106.10886969543058
train around bend,106.02783691665749
hole-in-the-wal sarah jane,105.79356403444214
mcmillan sarah jane,105.79356403444214
call ira wo,105.74334302517607
cri stop stop,105.73778538502546
stop cri stop,105.73778538502546
stop stop cri,105.73778538502546
mrs. mrs. pleas,105.5623946765874
mrs. pleas mrs.,105.5623946765874
suckl tree appl,104.93500250323652
goin acapulco goin,104.76119955972435
seem like travel,104.72827970084866
new new morn,104.67388104400592
fool fool i.,104.39350770906023
babi stop stop,104.20952200005097
alberta let hang,103.87649933070327
sound might thunder,103.3033390387691
serv serv somebodi,103.07039551522392
serv somebodi serv,103.07039551522392
devil may lord,103.0506960735288
may devil lord,103.0506960735288
cri stop cri,102.88863490322326
stop cri cri,102.88863490322326
slow comin bend,102.8556285194982
alberta let low,102.51709931916477
fool taught love,102.09353587175119
wake wake wake,102.07808166783705
angri cri gone,101.72513260376634
knock knockin knock,101.72513260376634
knockin knock knock,101.72513260376634
cri pleas stop,101.52923489168475
serv somebodi somebodi,101.29125614453235
devil serv somebodi,101.28133358086902
serv somebodi devil,101.28133358086902
cri cri stop,100.31321014412437
stop cri cri,100.31321014412437
mrs. henri henri,100.19490888593933
knockin heaven knock,100.14692616876357
door heard said,100.04116631999509
minstrel boy coin,99.50042703639163
comin around bend,99.4576407293065
dog run free,99.45406286424397
tree tree underneath,99.2835180488333
