NGRAM,VALUE,
lay brass,0.2
lay lay,0.2
work maggi,0.2
hard hard,0.1968503937007874
bird bird,0.18518518518518517
corrina gal,0.18181818181818182
corrina corrina,0.18032786885245902
a-run stair,0.17647058823529413
fennario march,0.17647058823529413
found march,0.17647058823529413
juggler believ,0.17647058823529413
march fennario,0.17647058823529413
hang pictur,0.17073170731707318
stay ahead,0.16666666666666666
a-gonna fall,0.14285714285714285
a-run a-run,0.14285714285714285
bird sing,0.14285714285714285
bird whistl,0.14285714285714285
brand leopard-skin,0.14285714285714285
brand pill-box,0.14285714285714285
cassius clay,0.14285714285714285
complet unknown,0.14285714285714285
dear landlord,0.14285714285714285
eatin eatin,0.14285714285714285
fifteen juggler,0.14285714285714285
hang frame,0.14285714285714285
happen jone,0.14285714285714285
happen mister,0.14285714285714285
jingle-jangl followin,0.14285714285714285
leopard-skin pill-box,0.14285714285714285
lieuten lieuten,0.14285714285714285
lowland prophet,0.14285714285714285
mama stuck,0.14285714285714285
march march,0.14285714285714285
mister jone,0.14285714285714285
mobil memphi,0.14285714285714285
peggi day,0.14285714285714285
philosoph fear,0.14285714285714285
pictur frame,0.14285714285714285
pledg hopin,0.14285714285714285
prophet warehous,0.14285714285714285
sad-ey prophet,0.14285714285714285
suppos sooner,0.14285714285714285
tom pain,0.14285714285714285
warehous arabian,0.14285714285714285
whistl bird,0.14285714285714285
william zanzing,0.14285714285714285
franki lee,0.13580246913580246
allow chanc,0.13432835820895522
desol row,0.13333333333333333
lay big,0.13333333333333333
mama insid,0.13333333333333333
plow hold,0.13333333333333333
stuck insid,0.13333333333333333
stuck memphi,0.13333333333333333
stuck mobil,0.13333333333333333
spend peggi,0.1320754716981132
factori daddi,0.13043478260869565
older younger,0.13043478260869565
arabian drum,0.1282051282051282
mr. tambourin,0.1282051282051282
queen jane,0.1282051282051282
warehous drum,0.1282051282051282
alon stone,0.125
complet roll,0.125
fear rag,0.125
god almighti,0.125
insid memphi,0.125
insid mobil,0.125
piti immigr,0.125
unknown roll,0.125
mr. man,0.12359550561797752
chime freedom,0.12280701754385964
tambourin man,0.12195121951219512
direct complet,0.12
direct unknown,0.12
five believ,0.12
gaze chime,0.12
gaze freedom,0.12
hors follow,0.12
mountain rang,0.12
sport car,0.12
stop beat,0.12
world war,0.12
gate eden,0.11764705882352941
arabian gate,0.11627906976744186
pictur hang,0.11627906976744186
pretti peggy-o,0.11627906976744186
tambourin play,0.11627906976744186
a-gonna blue-ey,0.1111111111111111
bid farewel,0.1111111111111111
critic fear,0.1111111111111111
disgrac fear,0.1111111111111111
dyin blanket,0.1111111111111111
fall blue-ey,0.1111111111111111
philosoph critic,0.1111111111111111
philosoph disgrac,0.1111111111111111
stair a-run,0.1111111111111111
stay stay,0.1111111111111111
throw troubl,0.1111111111111111
brand hat,0.1076923076923077
highway 51,0.1076923076923077
leopard-skin hat,0.1076923076923077
pill-box hat,0.1076923076923077
51 run,0.10638297872340426
blue-ey darl,0.10638297872340426
drum gate,0.10638297872340426
mr. play,0.10638297872340426
pawn game,0.10638297872340426
believ fix,0.10526315789473684
daddi alley,0.10344827586206896
daddi food,0.10344827586206896
fifteen five,0.10344827586206896
food tombston,0.10344827586206896
juggler five,0.10344827586206896
mind hate,0.10344827586206896
mornin callin,0.10344827586206896
man play,0.10204081632653061
critic rag,0.1
disgrac rag,0.1
hard rain,0.1
new york,0.1
end memphi,0.0989010989010989
end mobil,0.0989010989010989
chime flash,0.09803921568627451
freedom flash,0.09803921568627451
kitchen tombston,0.09803921568627451
sweet mari,0.09803921568627451
tonight sweet,0.09803921568627451
vision johanna,0.09803921568627451
daddi lookin,0.0967741935483871
factori alley,0.0967741935483871
lookin tombston,0.0967741935483871
thousand mile,0.0967741935483871
hard a-gonna,0.09554140127388536
tambourin song,0.09433962264150944
alley lookin,0.09090909090909091
answer blowin,0.09090909090909091
blowin wind,0.09090909090909091
bottom rambl,0.09090909090909091
captain arab,0.09090909090909091
disgrac critic,0.09090909090909091
earli mornin,0.09090909090909091
easi jesus,0.09090909090909091
end stuck,0.09090909090909091
factori lookin,0.09090909090909091
gaze flash,0.09090909090909091
gettin fill,0.09090909090909091
lay across,0.09090909090909091
mama end,0.09090909090909091
oxford town,0.09090909090909091
rag tear,0.09090909090909091
stair stair,0.09090909090909091
street gettin,0.09090909090909091
tambourin jingle-jangl,0.09090909090909091
ticket throw,0.09090909090909091
william philosoph,0.09090909090909091
zanzing philosoph,0.09090909090909091
fix die,0.08823529411764706
mr. song,0.08771929824561403
end insid,0.08695652173913043
brand new,0.08641975308641975
new leopard-skin,0.08641975308641975
new pill-box,0.08641975308641975
along cove,0.08571428571428572
shoe daddi,0.08571428571428572
jesus make,0.0851063829787234
blue-ey son,0.0847457627118644
highway 61,0.0847457627118644
man song,0.0847457627118644
tonight mari,0.0847457627118644
maggi farm,0.08411214953271028
big brass,0.08333333333333333
cove spi,0.08333333333333333
day stole,0.08333333333333333
gal corrina,0.08333333333333333
keep plow,0.08333333333333333
spend day,0.08333333333333333
throw suitcas,0.08333333333333333
maggi work,0.08270676691729323
play song,0.08196721311475409
alley food,0.08108108108108109
dog barkin,0.08108108108108109
factori shoe,0.08108108108108109
gettin gettin,0.08108108108108109
hate cri,0.08108108108108109
jesus jesus,0.08108108108108109
jump jump,0.08108108108108109
morn mile,0.08108108108108109
new orlean,0.08108108108108109
orlean rise,0.08108108108108109
somehow older,0.08108108108108109
stop turn,0.08108108108108109
three o'clock,0.08108108108108109
keep hold,0.08
juda priest,0.07936507936507936
sleepi mr.,0.07936507936507936
babi blue,0.07692307692307693
lookin food,0.07692307692307693
stay awhil,0.07692307692307693
stone stone,0.07692307692307693
throw throw,0.07692307692307693
alley kitchen,0.07462686567164178
food kitchen,0.07462686567164178
gate wait,0.07462686567164178
man jingle-jangl,0.07462686567164178
man sleepi,0.07462686567164178
beat turn,0.07317073170731707
blame game,0.07317073170731707
brother hand,0.07317073170731707
buri ground,0.07317073170731707
church toll,0.07317073170731707
fear take,0.07317073170731707
freight train,0.07317073170731707
funni believ,0.07317073170731707
mama shoe,0.07317073170731707
march captain,0.07317073170731707
peggi night,0.07317073170731707
philosoph take,0.07317073170731707
somehow younger,0.07317073170731707
zanzing disgrac,0.07317073170731707
jesus die,0.07216494845360824
new hat,0.07216494845360824
babe lookin,0.07142857142857142
bound blanket,0.07142857142857142
church bell,0.07142857142857142
dyin bound,0.07142857142857142
peggi stole,0.07142857142857142
tonight stay,0.07142857142857142
maggi maggi,0.07086614173228346
chanc allow,0.07042253521126761
lookin kitchen,0.07042253521126761
play followin,0.07042253521126761
play jingle-jangl,0.07042253521126761
play sleepi,0.07042253521126761
son darl,0.07042253521126761
ten thousand,0.07042253521126761
wo jane,0.07042253521126761
answer wind,0.06976744186046512
shoe alley,0.06976744186046512
shoe food,0.06976744186046512
favor ask,0.06930693069306931
memphi blue,0.06870229007633588
mobil blue,0.06870229007633588
a-gonna son,0.06666666666666667
arabian sad-ey,0.06666666666666667
blame pawn,0.06666666666666667
call rise,0.06666666666666667
captain captain,0.06666666666666667
darl young,0.06666666666666667
fall son,0.06666666666666667
feel funni,0.06666666666666667
fix hate,0.06666666666666667
give lay,0.06666666666666667
hang hang,0.06666666666666667
jane jane,0.06666666666666667
lay lay,0.06666666666666667
lowland sad-ey,0.06666666666666667
much older,0.06666666666666667
pictur pictur,0.06666666666666667
sad-ey lowland,0.06666666666666667
shoe lookin,0.06666666666666667
take rag,0.06666666666666667
wo queen,0.06666666666666667
sad-ey ladi,0.06493506493506493
feel direct,0.06382978723404255
honey allow,0.06382978723404255
much younger,0.06382978723404255
arabian put,0.06329113924050633
babe babe,0.06329113924050633
blue-ey young,0.06329113924050633
captain dead,0.06329113924050633
countri pie,0.06329113924050633
drum sad-ey,0.06329113924050633
maggi pa,0.06329113924050633
sleepi go,0.06329113924050633
time a-changin,0.06329113924050633
warehous put,0.06329113924050633
work work,0.06293706293706294
highway run,0.0625
ladi lay,0.0625
meet middl,0.0625
priest lee,0.0625
stay stay,0.0625
stuck blue,0.0625
hard fall,0.06172839506172839
babe babe,0.061224489795918366
critic take,0.061224489795918366
disgrac take,0.061224489795918366
honey chanc,0.061224489795918366
lieuten gone,0.061224489795918366
mama daddi,0.061224489795918366
morn thousand,0.061224489795918366
sooner later,0.061224489795918366
stop cold,0.061224489795918366
suppos later,0.061224489795918366
two follow,0.061224489795918366
wan lay,0.061224489795918366
insid blue,0.06060606060606061
ask live,0.060240963855421686
