NGRAM,VALUE,
hard hard hard,0.10330578512396695
fennario march fennario,0.1
found fennario march,0.1
hang pictur frame,0.1
bird whistl bird,0.0975609756097561
juggler five believ,0.08888888888888889
lay big brass,0.08888888888888889
fennario march march,0.08823529411764706
found march march,0.08823529411764706
march march fennario,0.08823529411764706
a-run stair a-run,0.0847457627118644
brand leopard-skin pill-box,0.08333333333333333
happen mister jone,0.08333333333333333
fifteen juggler five,0.0784313725490196
mama stuck insid,0.0784313725490196
stuck mobil memphi,0.0761904761904762
warehous arabian drum,0.07575757575757576
complet unknown roll,0.07407407407407407
stuck insid memphi,0.07407407407407407
stuck insid mobil,0.07407407407407407
insid mobil memphi,0.07207207207207207
stair a-run stair,0.07042253521126761
hard hard rain,0.07009345794392523
mr. tambourin man,0.06711409395973154
direct complet unknown,0.06666666666666667
philosoph critic fear,0.06666666666666667
philosoph disgrac fear,0.06666666666666667
brand leopard-skin hat,0.06481481481481481
brand pill-box hat,0.06481481481481481
leopard-skin pill-box hat,0.06481481481481481
corrina gal corrina,0.06451612903225806
gaze chime freedom,0.06451612903225806
arabian drum gate,0.0641025641025641
mr. tambourin play,0.0641025641025641
back-io a-run stair,0.06382978723404255
a-gonna fall blue-ey,0.06349206349206349
five believ dress,0.0625
lay across brass,0.0625
tambourin man play,0.06172839506172839
critic fear rag,0.06060606060606061
disgrac fear rag,0.06060606060606061
lay lay across,0.06060606060606061
end mobil memphi,0.06
factori daddi alley,0.058823529411764705
mr. man play,0.05813953488372093
bird sing bird,0.05555555555555555
disgrac critic fear,0.05555555555555555
factori daddi lookin,0.05555555555555555
mama end stuck,0.05555555555555555
philosoph disgrac critic,0.05555555555555555
end stuck memphi,0.05442176870748299
end stuck mobil,0.05405405405405406
gal corrina gal,0.05405405405405406
mr. tambourin song,0.053763440860215055
end stuck insid,0.05333333333333334
mama end insid,0.05333333333333334
brand new leopard-skin,0.05303030303030303
brand new pill-box,0.05303030303030303
new leopard-skin pill-box,0.05303030303030303
end insid memphi,0.05228758169934641
chime freedom flash,0.052083333333333336
tambourin man song,0.052083333333333336
end insid mobil,0.05194805194805195
disgrac critic rag,0.05128205128205128
peggi day stole,0.050505050505050504
tambourin play song,0.050505050505050504
daddi alley food,0.05
factori shoe daddi,0.05
hard rain a-gonna,0.05
william zanzing philosoph,0.05
mr. man song,0.04950495049504951
keep plow hold,0.04938271604938271
lay across big,0.04938271604938271
tonight sweet mari,0.049019607843137254
daddi alley lookin,0.04838709677419355
daddi lookin food,0.047619047619047616
lookin food tombston,0.047619047619047616
mr. play song,0.047619047619047616
man play song,0.046296296296296294
factori alley lookin,0.046153846153846156
frame hang pictur,0.046153846153846156
lay lay brass,0.045454545454545456
lay lay lay,0.045454545454545456
march fennario captain,0.045454545454545456
stop beat turn,0.045454545454545456
highway 51 run,0.04504504504504504
brand new hat,0.04487179487179487
new leopard-skin hat,0.04487179487179487
new pill-box hat,0.04487179487179487
food kitchen tombston,0.044642857142857144
gaze chime flash,0.044444444444444446
pictur frame hang,0.04411764705882353
gaze freedom flash,0.04395604395604396
blue-ey son darl,0.043859649122807015
play jingle-jangl followin,0.043859649122807015
shoe daddi alley,0.043478260869565216
shoe daddi food,0.043478260869565216
zanzing philosoph disgrac,0.043478260869565216
march march captain,0.04285714285714286
mobil memphi blue,0.04285714285714286
lookin kitchen tombston,0.042735042735042736
philosoph fear take,0.04225352112676056
hard hard a-gonna,0.042134831460674156
die easi jesus,0.042105263157894736
dyin bound blanket,0.041666666666666664
factori shoe alley,0.041666666666666664
lay ladi lay,0.041666666666666664
lowland sad-ey prophet,0.041666666666666664
sad-ey lowland prophet,0.041666666666666664
shoe daddi lookin,0.041666666666666664
spend peggi day,0.041666666666666664
want fifteen juggler,0.041666666666666664
wo queen jane,0.041666666666666664
hard a-gonna fall,0.0411522633744856
corrina corrina gal,0.04081632653061224
tambourin man jingle-jangl,0.04065040650406504
alley lookin food,0.04054054054054054
a-gonna blue-ey son,0.04040404040404041
a-gonna fall son,0.04040404040404041
fall blue-ey son,0.04040404040404041
factori shoe lookin,0.04
much older younger,0.04
arabian drum sad-ey,0.03968253968253968
warehous arabian put,0.03968253968253968
afternoon hang pictur,0.03896103896103896
fear take rag,0.03896103896103896
stuck memphi blue,0.03864734299516908
corrina gal long,0.038461538461538464
somehow older younger,0.038461538461538464
stuck mobil blue,0.038461538461538464
suppos sooner later,0.038461538461538464
stuck insid blue,0.0380952380952381
arabian drum put,0.03787878787878788
arabian gate sad-ey,0.03787878787878788
jingle-jangl morn followin,0.03787878787878788
rain a-gonna fall,0.03787878787878788
warehous drum put,0.03787878787878788
easi jesus make,0.03773584905660377
insid memphi blue,0.03755868544600939
insid mobil blue,0.037383177570093455
tambourin play jingle-jangl,0.03731343283582089
critic fear take,0.037037037037037035
mama factori daddi,0.037037037037037035
philosoph disgrac take,0.037037037037037035
plow hold lord,0.037037037037037035
shoe alley food,0.037037037037037035
stay still ahead,0.037037037037037035
maggi work maggi,0.036885245901639344
work maggi maggi,0.036885245901639344
alley food kitchen,0.03676470588235294
disgrac fear take,0.036585365853658534
philosoph critic take,0.036585365853658534
someth happen jone,0.036458333333333336
someth happen mister,0.036458333333333336
someth mister jone,0.036458333333333336
arabian put gate,0.036231884057971016
drum gate sad-ey,0.036231884057971016
work maggi farm,0.03619909502262444
a-run stair pretti,0.03614457831325301
shoe alley lookin,0.03614457831325301
ladi lay big,0.036036036036036036
alley lookin kitchen,0.03597122302158273
answer blowin wind,0.03571428571428571
blame pawn game,0.03571428571428571
fix mind hate,0.03571428571428571
honey allow chanc,0.03571428571428571
jesus make jesus,0.03571428571428571
shoe lookin food,0.03571428571428571
stop beat cold,0.03571428571428571
two hors follow,0.03571428571428571
lookin food kitchen,0.03546099290780142
hang hang pictur,0.03529411764705882
hang pictur hang,0.03529411764705882
hang pictur pictur,0.03529411764705882
pictur hang pictur,0.03529411764705882
work maggi work,0.03515625
work work maggi,0.03515625
anyth god almighti,0.03508771929824561
blue-ey darl young,0.034722222222222224
drum put gate,0.034722222222222224
song jingle-jangl followin,0.034722222222222224
disgrac take rag,0.034482758620689655
gaze upon chime,0.034482758620689655
gaze upon freedom,0.034482758620689655
critic take rag,0.03409090909090909
jane queen jane,0.034013605442176874
man play jingle-jangl,0.034013605442176874
man play sleepi,0.034013605442176874
lay lay big,0.03389830508474576
corrina corrina corrina,0.03361344537815126
mama daddi alley,0.03333333333333333
orlean call rise,0.03333333333333333
captain dead captain,0.03289473684210526
hard rain fall,0.03278688524590164
upon chime freedom,0.03278688524590164
disgrac critic take,0.03225806451612903
follow god almighti,0.03225806451612903
god almighti follow,0.03225806451612903
lieuten gone lieuten,0.03225806451612903
mama factori alley,0.03225806451612903
morn thousand mile,0.03225806451612903
along cove spi,0.031746031746031744
jesus make die,0.031446540880503145
queen jane queen,0.031446540880503145
mind die hate,0.03125
lord keep plow,0.031055900621118012
mama realli stuck,0.031007751937984496
pretti peggy-o mother,0.031007751937984496
priest franki lee,0.031007751937984496
blue-ey son young,0.030864197530864196
ladi lay across,0.03076923076923077
mama shoe daddi,0.03076923076923077
realli stuck mobil,0.03065134099616858
dyin put blanket,0.030303030303030304
mama realli insid,0.030303030303030304
mama factori shoe,0.030303030303030304
realli stuck insid,0.030303030303030304
window throw troubl,0.030303030303030304
plow lord keep,0.03003003003003003
realli insid mobil,0.0299625468164794
hold lord keep,0.029940119760479042
gate sad-ey wait,0.02976190476190476
sleepi go mr.,0.02976190476190476
rain a-gonna blue-ey,0.02962962962962963
tambourin song jingle-jangl,0.029585798816568046
bodi highway 51,0.029411764705882353
mind hate children,0.029411764705882353
rain fall blue-ey,0.029411764705882353
realli end mobil,0.029411764705882353
stop turn cold,0.029411764705882353
51 run right,0.029239766081871343
plow hold keep,0.029239766081871343
want bad honey,0.029055690072639227
piti poor immigr,0.028985507246376812
put gate wait,0.028735632183908046
feel funni believ,0.02857142857142857
chanc honey allow,0.02824858757062147
beat turn cold,0.027777777777777776
church bell toll,0.027777777777777776
die hate cri,0.027777777777777776
food tombston blue,0.027777777777777776
give wan lay,0.027777777777777776
hous orlean rise,0.027777777777777776
man jingle-jangl morn,0.027777777777777776
sad-ey lowland sad-ey,0.027777777777777776
sad-ey sad-ey prophet,0.027777777777777776
son darl young,0.027777777777777776
ticket window throw,0.027777777777777776
man song jingle-jangl,0.027472527472527472
man song sleepi,0.027472527472527472
mama shoe alley,0.0273972602739726
go mr. tambourin,0.0273224043715847
play song followin,0.0273224043715847
play song jingle-jangl,0.0273224043715847
play song sleepi,0.0273224043715847
hand plow hold,0.027210884353741496
hold earli mornin,0.02702702702702703
arabian put sad-ey,0.026881720430107527
ladi lowland prophet,0.026881720430107527
play jingle-jangl morn,0.026881720430107527
play morn followin,0.026881720430107527
across big brass,0.02666666666666667
babe babe lookin,0.026455026455026454
babe lookin babe,0.026455026455026454
go tambourin man,0.026455026455026454
mama realli end,0.026402640264026403
realli end stuck,0.026402640264026403
bottom rambl shoe,0.02631578947368421
hate children cri,0.02631578947368421
suppos sooner us,0.02631578947368421
us suppos sooner,0.02631578947368421
drum put sad-ey,0.026041666666666668
lowland prophet say,0.026041666666666668
prophet say warehous,0.026041666666666668
make jesus make,0.025974025974025976
realli end insid,0.025889967637540454
rodeo captain dead,0.02586206896551724
ask live honey,0.02564102564102564
dyin blanket bed,0.02564102564102564
insid gate eden,0.02564102564102564
new orlean rise,0.02564102564102564
put gate sad-ey,0.025252525252525252
sleepi place mr.,0.025252525252525252
feel alon stone,0.025157232704402517
fix die hate,0.025
go tambourin play,0.025
hous call rise,0.025
lay lay across,0.025
stop beat hand,0.025
see queen jane,0.024875621890547265
bound put blanket,0.024691358024691357
dyin bound put,0.024691358024691357
god almighti world,0.024691358024691357
babe babe babe,0.02459016393442623
drum gate ladi,0.024509803921568627
go mr. man,0.024509803921568627
answer blowin answer,0.024390243902439025
believ fix die,0.024390243902439025
corrina gal mind,0.024390243902439025
white hors follow,0.024390243902439025
