NGRAM,VALUE,
hard hard,71.43609563657563
work maggi,40.89875180439437
hard rain,27.76712114115967
hard a-gonna,25.889705532435254
jesus make,21.96028356395066
corrina corrina,21.137787285425716
stone stone,19.808706575693154
want want,19.208453354059163
franki lee,19.200290965122687
sad-ey prophet,19.149989731074946
mr. man,18.53751869148725
fix die,18.52370719577921
mr. tambourin,17.454809968293354
queen jane,17.454809968293354
tambourin man,17.166116924743513
lay brass,17.13377297607699
lay lay,17.13377297607699
tambourin play,16.89882891495223
corrina gal,16.79392297319237
mobil memphi,16.643163344841415
oxford town,16.394744262028105
allow chanc,16.30115638459005
mr. play,16.241242900367748
man play,15.952549856817908
hard fall,15.797397436487277
tambourin song,15.797397436487277
maggi work,15.65005131795014
peggi day,15.179213129077162
mr. song,15.139811421902792
mama stuck,15.13377297607699
man song,14.851118378352952
desol row,14.79392297319237
lay big,14.79392297319237
mama insid,14.79392297319237
plow hold,14.79392297319237
stuck insid,14.79392297319237
stuck memphi,14.79392297319237
stuck mobil,14.79392297319237
end memphi,14.775494598086619
end mobil,14.775494598086619
play song,14.583830368561673
insid memphi,14.454072970307742
insid mobil,14.454072970307742
wo jane,14.398828914952233
hang pictur,14.35755371514413
lord plow,14.198403043242273
plow lord,14.198403043242273
want bad,14.164189311282364
gate eden,14.150066783417643
blowin wind,14.124104709397901
easi jesus,14.051156384590051
want honey,13.884861098107917
hold lord,13.77359053963649
wo queen,13.741242900367748
maggi farm,13.644868831895954
believ fix,13.623997971750056
brand leopard-skin,13.57918024046656
brand pill-box,13.57918024046656
happen jone,13.57918024046656
happen mister,13.57918024046656
leopard-skin pill-box,13.57918024046656
mister jone,13.57918024046656
new york,13.519063131961783
spend peggi,13.333869338882106
jesus jesus,13.326818171093489
let follow,13.297397436487277
sad-ey ladi,13.20371067294062
memphi blue,13.19950523226916
mobil blue,13.19950523226916
end stuck,13.133772976076994
lay across,13.133772976076994
mama end,13.133772976076994
chime freedom,12.904922467668175
mama shoe,12.857498272017796
a-run stair,12.850329732057743
end insid,12.793922973192368
keep plow,12.793922973192368
babe babe,12.760449343420845
maggi maggi,12.514243065705292
keep hold,12.454072970307742
brand hat,12.438046021452099
highway 51,12.438046021452099
leopard-skin hat,12.438046021452099
pill-box hat,12.438046021452099
realli mobil,12.23460780996044
make jesus,12.029997464687568
die easi,12.025111650079607
see jane,11.96381693628459
work work,11.792152040835685
ladi lay,11.732893539794809
stuck blue,11.732893539794809
brand new,11.654992811752463
new leopard-skin,11.654992811752463
new pill-box,11.654992811752463
factori daddi,11.639297348971336
older younger,11.639297348971336
alley lookin,11.537542969000022
god side,11.467274744831542
insid blue,11.393043536910183
gaze chime,11.350329732057743
gaze freedom,11.350329732057743
like like,11.334597858292145
see queen,11.30623092170011
die jesus,11.300773436583043
lord keep,11.27359053963649
easi make,11.209328971464014
bird bird,11.111018228657324
mama realli,10.875206942187058
realli stuck,10.875206942187058
daddi alley,10.8674375897267
daddi food,10.8674375897267
food tombston,10.8674375897267
mornin callin,10.72777348313948
daddi lookin,10.661182304101798
feel direct,10.661182304101798
lookin tombston,10.661182304101798
favor ask,10.560184962620083
realli insid,10.535356939302435
factori alley,10.533848957722029
thousand mile,10.533848957722029
jesus die,10.513858592738
new hat,10.513858592738
hand plow,10.489916786302269
realli end,10.366939063205644
someth happen,10.365303021961601
someth jone,10.365303021961601
someth mister,10.365303021961601
answer blowin,10.327593672097127
factori lookin,10.327593672097127
a-gonna fall,10.306197991438918
jingle-jangl followin,10.306197991438918
lowland prophet,10.306197991438918
pledg hopin,10.306197991438918
prophet warehous,10.306197991438918
warehous arabian,10.306197991438918
william zanzing,10.306197991438918
along cove,10.299670154846106
shoe daddi,10.299670154846106
feel home,10.298115343580443
hand hold,10.150066783417643
new orlean,10.139297348971336
lieuten gone,10.038626055183531
arabian drum,9.977404984146677
warehous drum,9.977404984146677
factori shoe,9.966081522841433
freight train,9.850329732057745
alley food,9.76198919847739
arabian gate,9.699414457476115
pretti peggy-o,9.699414457476115
work farm,9.697364942879878
babe babe,9.656405206640294
pictur hang,9.648611976854433
hand lord,9.611075776938574
much older,9.595442229894276
lookin food,9.555733912852489
answer wind,9.516741100053073
stone stone,9.516741100053073
blue-ey darl,9.458608110048118
51 run,9.370621450183874
drum gate,9.370621450183874
pawn game,9.370621450183874
funni believ,9.3674375897267
mama daddi,9.3674375897267
gaze upon,9.261853597889605
much younger,9.261853597889605
stay ahead,9.244958393151133
darl young,9.227773483139478
shoe alley,9.194221763596797
shoe food,9.194221763596797
chime flash,9.129815102755877
freedom flash,9.129815102755877
kitchen tombston,9.129815102755877
sweet mari,9.129815102755877
tonight sweet,9.129815102755877
vision johanna,9.129815102755877
tambourin jingle-jangl,9.056197991438918
mama factori,9.033848957722029
allow one,8.993319479341984
one favor,8.993319479341984
shoe lookin,8.987966477971895
hang frame,8.981923987317339
pictur frame,8.981923987317339
honey allow,8.97288598097601
blue-ey son,8.884318586751498
highway 61,8.884318586751498
tombston blue,8.799670154846106
honey chanc,8.744881340808433
sleepi mr.,8.727404984146677
one chanc,8.651312519090622
upon chime,8.63929734897134
upon freedom,8.63929734897134
tonight mari,8.611018228657324
kind favor,8.600994710810632
man jingle-jangl,8.583058462371756
man sleepi,8.583058462371756
a-run a-run,8.566886488038495
bird sing,8.566886488038495
complet unknown,8.566886488038495
lieuten lieuten,8.566886488038495
philosoph fear,8.566886488038495
juda priest,8.555525579459257
rise head,8.555525579459257
'm go,8.544204721747649
maggi pa,8.501689677094399
play followin,8.449414457476115
play jingle-jangl,8.449414457476115
play sleepi,8.449414457476115
lord hand,8.393582806023865
arabian sad-ey,8.324994865537473
lowland sad-ey,8.324994865537473
sad-ey lowland,8.324994865537473
mother mother,8.305708716966667
make die,8.303548382528858
gate wait,8.277535052788696
mama alley,8.26198919847739
wo see,8.250249868358988
alon stone,8.244958393151133
complet roll,8.244958393151133
fear rag,8.244958393151133
god almighti,8.244958393151133
piti immigr,8.244958393151133
unknown roll,8.244958393151133
alley kitchen,8.208608110048122
arabian put,8.208608110048122
blue-ey young,8.208608110048122
countri pie,8.208608110048122
food kitchen,8.208608110048122
sleepi go,8.208608110048122
time a-changin,8.208608110048122
warehous put,8.208608110048122
ask honey,8.177113905927841
throw troubl,8.174569065259737
lookin babe,8.156405206640294
keep hand,8.150066783417643
jingle-jangl morn,8.099279558485197
morn followin,8.099279558485197
rain a-gonna,8.099279558485197
rain fall,8.099279558485197
lookin kitchen,8.036728705360701
son darl,8.036728705360701
chanc allow,7.99620185824523
drum sad-ey,7.99620185824523
ten thousand,7.99620185824523
bid farewel,7.981923987317339
critic fear,7.981923987317339
disgrac fear,7.981923987317339
philosoph critic,7.981923987317339
philosoph disgrac,7.981923987317339
stair a-run,7.981923987317339
stay awhil,7.981923987317339
a-gonna blue-ey,7.923030298263772
dyin blanket,7.923030298263772
fall blue-ey,7.923030298263772
stay stay,7.923030298263772
die die,7.904353287846575
wo wo,7.904353287846575
song followin,7.898698718243638
song jingle-jangl,7.898698718243638
song sleepi,7.898698718243638
drum put,7.879815102755878
friend blowin,7.849478627227587
jane jane,7.806197991438917
captain dead,7.7354685809809585
home complet,7.7354685809809585
babe babe,7.71821133157467
gate sad-ey,7.71821133157467
sleepi place,7.71821133157467
food blue,7.694221763596798
critic rag,7.659995892429979
disgrac rag,7.659995892429979
make make,7.643163344841414
feel alon,7.634318586751498
put gate,7.601824576085319
earli mornin,7.566886488038495
ask live,7.523062329178067
woman woman,7.506210593642919
maggi brother,7.492496024522394
jane queen,7.477404984146675
rag tear,7.43760347109353
ticket throw,7.43760347109353
night peggi,7.40629480193833
big brass,7.396961486596185
disgrac critic,7.396961486596185
gal corrina,7.396961486596185
gaze flash,7.396961486596185
stair stair,7.396961486596185
ladi lowland,7.333058462371755
ladi prophet,7.333058462371755
alon everybodi,7.264998732343785
lowland say,7.264998732343785
prophet say,7.264998732343785
say warehous,7.264998732343785
babi blue,7.244958393151133
like roll,7.212757960880241
51 right,7.1994144574761165
fennario march,7.175164866028872
found march,7.175164866028872
juggler believ,7.175164866028872
march fennario,7.175164866028872
babe light,7.174569065259737
