NGRAM,VALUE,
hard hard hard,672.4442062399902
hard hard rain,416.1714960848053
hard rain a-gonna,236.975739320746
hard hard a-gonna,219.56876923784733
die easi jesus,178.01477949227655
easi jesus make,173.66393853966005
jesus make jesus,169.80080140101174
hard a-gonna fall,169.7895486702489
want bad honey,164.43984509293753
mr. tambourin man,162.63408256493588
mr. tambourin play,161.56493052577076
tambourin man play,160.4101583515714
mr. man play,157.77981429323347
mr. tambourin song,157.15920461191092
tambourin man song,156.00443243771156
tambourin play song,154.9352803985465
plow hold lord,154.91360203171936
make jesus make,154.6443885310062
mr. man song,153.37408837937363
mr. play song,152.30493634020854
hard rain fall,152.1342012066191
wo queen jane,151.56493052577076
man play song,151.15016416600918
end mobil memphi,147.40996926522172
lay big brass,147.0310837913082
want want bad,146.15710162025337
want want honey,145.0397887675556
lord keep plow,144.91360203171936
plow lord keep,144.91360203171936
jesus make die,143.34491354555072
hold lord keep,143.21435201729625
see queen jane,141.8248826111002
mobil memphi blue,141.1060118019519
lay across brass,140.3904838028467
lay lay across,140.3904838028467
mama stuck insid,139.0310837913082
stuck insid memphi,137.6716837797697
stuck insid mobil,137.6716837797697
stuck mobil memphi,137.6716837797697
insid mobil memphi,136.3122837682312
lay ladi lay,134.78696605771796
hand plow lord,133.39357109726888
lord hand plow,133.39357109726888
mama end stuck,132.3904838028467
hand hold lord,131.69432108284576
hold lord hand,131.69432108284576
end stuck insid,131.0310837913082
end stuck memphi,131.0310837913082
end stuck mobil,131.0310837913082
lay across big,131.0310837913082
mama end insid,131.0310837913082
realli end mobil,129.77574712569785
end insid memphi,129.6716837797697
end insid mobil,129.6716837797697
keep plow hold,129.6716837797697
wo see jane,129.60095839773575
'm fix die,128.99899564547727
maggi work maggi,128.66294052768495
work maggi maggi,128.66294052768495
work maggi work,127.21875847794576
work work maggi,127.21875847794576
wo see queen,126.9706143393978
brand leopard-skin pill-box,125.5387044186844
happen mister jone,125.5387044186844
ladi lay big,125.42756604617946
stuck insid blue,125.42756604617946
stuck memphi blue,125.42756604617946
stuck mobil blue,125.42756604617946
insid memphi blue,124.06816603464097
insid mobil blue,124.06816603464097
mama realli stuck,123.35621966728695
allow one chanc,122.91324094923775
mama realli insid,121.99681965574848
realli stuck insid,121.99681965574848
realli stuck mobil,121.99681965574848
lord keep hand,121.69432108284575
brand leopard-skin hat,120.97416754262653
brand pill-box hat,120.97416754262653
leopard-skin pill-box hat,120.97416754262653
realli insid mobil,120.63741964420996
hand plow hold,120.4556590322093
hang pictur frame,119.78308784780808
ladi lay across,118.78696605771796
brand new leopard-skin,117.84195470382801
brand new pill-box,117.84195470382801
new leopard-skin pill-box,117.84195470382801
work maggi farm,117.02766095952605
mama realli end,115.35621966728696
realli end stuck,115.35621966728696
realli end insid,113.99681965574847
brand new hat,113.27741782777014
new leopard-skin hat,113.27741782777014
new pill-box hat,113.27741782777014
someth happen jone,112.68319554466456
someth happen mister,112.68319554466456
someth mister jone,112.68319554466456
keep hand plow,112.4556590322093
keep hand hold,111.0962590206708
corrina gal corrina,106.76353783915422
mornin 'm callin,105.96023781742986
gaze chime freedom,105.29286285213502
factori daddi alley,104.51716475046521
factori daddi lookin,103.6921436079656
factori shoe daddi,102.24609501094287
daddi alley food,101.42972571348668
daddi alley lookin,100.60470457098705
daddi lookin food,100.60470457098705
lookin food tombston,100.60470457098705
believ 'm fix,99.92113780012211
much older younger,99.42918331113552
factori alley lookin,99.27035004296837
shoe daddi alley,99.1586559739643
shoe daddi food,99.1586559739643
mama factori daddi,98.51716475046521
shoe daddi lookin,98.33363483146469
factori shoe alley,97.8243014459456
factori shoe lookin,96.999280303446
gaze upon chime,96.93895831546246
gaze upon freedom,96.93895831546246
a-run stair a-run,96.42888034761022
alley lookin food,96.18291100598982
mama daddi alley,95.42972571348668
answer blowin wind,95.20191861229256
shoe alley food,94.73686240896706
upon chime freedom,94.4487333197894
mama factori alley,94.09537118546797
shoe alley lookin,93.91184126646745
shoe lookin food,93.91184126646745
honey allow chanc,93.85151927848389
make die bed,93.83416477712528
stair a-run stair,93.50406784400445
warehous arabian drum,93.20959939873659
food tombston blue,93.1586559739643
mama shoe daddi,93.1586559739643
want bad want,92.75836774106634
want honey want,92.0134925059345
spend night peggi,92.00694812733042
mama factori shoe,91.82430144594562
arabian drum gate,90.78246526288538
night peggi day,90.67259359931174
babe babe babe,90.16326021379265
mama shoe alley,88.73686240896706
graveyard hard hard,87.82750769513893
hatr hard hard,87.82750769513893
sing hard hard,87.82750769513893
believ fix die,87.42918331113552
one favor ask,87.12521850338509
play jingle-jangl followin,87.09763729205434
lieuten gone lieuten,87.0565347580295
lowland sad-ey prophet,86.59995892429978
sad-ey lowland prophet,86.59995892429978
peggi day stole,86.54248073011063
chime freedom flash,86.42888034761022
tonight sweet mari,86.42888034761022
warehous arabian put,86.13441190234238
jingle-jangl morn followin,85.69709769609068
rain a-gonna fall,85.69709769609068
blue-ey son darl,85.4468942835927
arabian drum sad-ey,85.28478689513081
highway 51 run,85.09494764413571
lord believ fix,85.01659264970745
song jingle-jangl followin,84.89477433512445
arabian drum put,84.81923987317342
food kitchen tombston,84.81923987317342
warehous drum put,84.81923987317342
arabian gate sad-ey,84.17282478844857
babe lookin babe,84.16326021379265
lookin kitchen tombston,84.13172225442374
funni lord believ,84.10457408903716
arabian put gate,83.70727776649117
earli mornin 'm,82.97995336739933
drum gate sad-ey,82.85765275927959
blue-ey darl young,82.74405237677918
ladi lowland prophet,82.63221331163692
tambourin man jingle-jangl,82.63221331163692
juggler five believ,82.56767951898928
drum put gate,82.3921057373222
lowland prophet say,82.35997439152501
prophet say warehous,82.35997439152501
bird whistl bird,82.19524190142334
tambourin play jingle-jangl,82.09763729205434
alley food kitchen,81.13441190234238
captain dead captain,80.85149426051053
51 run right,80.78246526288538
older 'm younger,80.62604883072677
alley lookin kitchen,80.4468942835927
blue-ey son young,80.4468942835927
lookin food kitchen,80.4468942835927
fifteen juggler five,80.22782951610465
man play jingle-jangl,80.2050791757857
man play sleepi,80.2050791757857
tambourin song jingle-jangl,79.89477433512445
warehous eye arabian,79.89477433512445
want want want,79.82499685747838
sleepi go mr.,79.81923987317342
babe babe lookin,79.17282478844857
babe lookin babe,79.17282478844857
jesus jesus make,78.90040070050587
drum gate ladi,78.88990714661674
man jingle-jangl morn,78.80453957982203
sad-ey lowland sad-ey,78.675146420694
sad-ey sad-ey prophet,78.675146420694
eye arabian drum,78.57960230595546
warehous eye drum,78.57960230595546
gate sad-ey wait,78.48530716969888
play jingle-jangl morn,78.26996356023946
play morn followin,78.26996356023946
arabian put sad-ey,78.20959939873659
jane queen jane,78.20959939873659
put gate wait,78.01976014774148
man song jingle-jangl,78.00221621885578
man song sleepi,78.00221621885578
kitchen tombston blue,77.92668175690477
sleepi place mr.,77.85765275927959
lord fix die,77.68223812168875
plow hold keep,77.65444283679287
daddi alley 'm,77.53860979374824
daddi food 'm,77.53860979374824
food 'm tombston,77.53860979374824
eye arabian gate,77.46764019927325
play song followin,77.46764019927325
play song jingle-jangl,77.46764019927325
play song sleepi,77.46764019927325
son darl young,77.0565347580295
complet unknown roll,76.9075295218739
chanc honey allow,76.89442736956762
drum put sad-ey,76.89442736956762
queen jane queen,76.89442736956762
play sleepi place,76.74569065259737
daddi lookin 'm,76.71358865124861
lookin 'm tombston,76.71358865124861
lowland prophet man,76.59995892429978
man warehous arabian,76.59995892429978
prophet man warehous,76.59995892429978
pledg time hopin,76.48072521452795
eye drum gate,76.15246817010427
song jingle-jangl morn,76.06710060330956
song morn followin,76.06710060330956
philosoph critic fear,75.85539189853871
philosoph disgrac fear,75.85539189853871
put gate sad-ey,75.78246526288538
sleepi place go,75.78246526288538
feel direct home,75.62952366371826
insid gate eden,75.28478689513081
lord believ die,75.1920131260157
ask live honey,75.00186925329898
go mr. tambourin,74.81923987317342
gone lieuten gone,74.75937666484302
ladi lowland sad-ey,74.70740080803114
ladi sad-ey prophet,74.70740080803114
sad-ey ladi lowland,74.70740080803114
sad-ey ladi prophet,74.70740080803114
critic fear rag,74.56767951898927
disgrac fear rag,74.56767951898927
song sleepi place,74.54282769566744
gate ladi wait,74.51756155703603
lowland sad-ey say,74.43516188791925
sad-ey prophet say,74.43516188791925
honey allow one,74.3639541978224
a-gonna fall blue-ey,74.33210476277499
food kitchen blue,74.24185378607373
go tambourin man,74.24185378607373
alley hard hard,73.89593912581475
lord 'm die,73.82577151593743
go tambourin play,73.70727776649116
stay still ahead,73.67810983364348
disgrac critic fear,73.5155418956541
gal corrina gal,73.5155418956541
philosoph disgrac critic,73.5155418956541
honey one chanc,73.45193563715209
drum sad-ey ladi,73.39222877886216
alley food 'm,73.11681622875099
drum put ladi,72.92668175690476
freight train blue,72.92668175690476
go mr. man,72.92668175690476
one kind favor,72.87638911716088
place mr. tambourin,72.8576527592796
put sad-ey wait,72.52208177998692
lord plow hold,72.45680101585968
much older 'm,72.45062835441853
go mr. play,72.3921057373222
children hard hard,72.317732690812
alley lookin 'm,72.29179508625138
lookin food 'm,72.29179508625138
gate sad-ey ladi,72.28026667217992
disgrac critic rag,72.22782951610465
jane wo jane,72.09763729205436
go man play,71.81471965022251
put gate ladi,71.81471965022251
feel alon everybodi,71.67245677277536
like woman like,71.55333185457474
'm callin pleas,71.53860979374824
funni believ 'm,71.53860979374824
eye arabian put,71.50441480956125
warehous eye put,71.50441480956125
man play morn,71.37740544397082
jesus make make,71.32219426550309
much 'm younger,71.11627382639985
jane wo queen,70.78246526288538
place go tambourin,70.78246526288538
