NGRAM,VALUE,
light shine light,2037.0903210987058
shine light shine,1996.4517895498495
cri stop cri,1847.2432980742358
wake wake wake,1740.3299550664315
wake wake strengthen,1700.411562052155
serv somebodi may,1643.1659612211915
stop cri stop,1635.4303158554758
pleas stop cri,1558.1038241782653
cri stop cri,1556.0584346327935
shine light light,1540.4736371770218
wake strengthen thing,1523.7213596398226
shine shine light,1512.1643819565325
wake wake thing,1497.7464332495626
gave anim begin,1496.510056042203
stop cri stop,1492.0028475130828
wake wake remain,1484.6578074697375
name anim begin,1484.2665327528628
wake strengthen remain,1475.6628283813939
mrs. henri pleas,1466.8217318319516
henri mrs. henri,1422.8513228406764
weekend one weekend,1368.174458407543
gave name begin,1351.0113365217321
wan nobodi wan,1336.2391772444116
light light shine,1317.9746170353337
stop cri babi,1316.2429178270604
appl suckl tree,1297.3270896676654
devil serv somebodi,1292.602946481993
cri cri cri,1288.7992857660383
light shine shine,1285.0321701718567
light light light,1283.8847917422868
pleas mrs. henri,1281.1954145263185
wan wan nobodi,1280.6622101383764
mrs. henri mrs.,1278.17400748709
lord serv somebodi,1277.785353018758
may serv somebodi,1273.8146781034598
somebodi serv somebodi,1272.7403035809727
serv somebodi devil,1268.4763504611833
serv somebodi serv,1248.670859546685
one weekend one,1248.03916932309
serv somebodi somebodi,1230.3571442824953
serv serv somebodi,1216.6029852856398
babi stop cri,1207.044057186345
cri babi cri,1193.9107439307618
man anim begin,1175.8523775857288
gave name anim,1169.610787919198
mrs. henri henri,1161.807856066539
stop cri cri,1153.548904482444
shine shine shine,1153.3285291676407
pleas stop cri,1140.0140259843872
nobodi wan wan,1126.3547637240904
mrs. mrs. henri,1121.8470613665588
shine light make,1117.7253141752856
anim begin ago,1104.133068010714
cri cri stop,1102.6818793031698
pleas cri stop,1102.6818793031698
stop cri cri,1102.6818793031698
cri pleas cri,1099.9672599983628
one weekend weekend,1096.5339192041527
christ shine light,1094.6486951175898
anim begin man,1089.3472146292668
locust sang locust,1085.9815323662865
sang locust sang,1085.9815323662865
pleas mrs. henri,1085.9474069580488
chief serv somebodi,1084.365554351004
heir serv somebodi,1084.365554351004
anim begin gave,1083.0318999337283
wake thing remain,1079.2989518973723
forev young forev,1074.811365948251
shine light littl,1073.0441241037358
babi pleas stop,1066.323630202669
bank serv somebodi,1060.7190397096902
believ shine light,1059.5767283507448
death shine light,1059.5767283507448
mrs. henri knee,1057.5939307511628
morn new morn,1054.105369744674
begin gave name,1048.6601348458084
babi cri stop,1045.7321749489372
young forev young,1044.3877835088826
name serv somebodi,1041.51533105167
shine light 'm,1036.9111531983576
stop cri stop,1034.6408027209852
hair hang low,1033.3475300071877
cri stop pleas,1032.2109148096476
still serv somebodi,1026.5361225816437
stay forev young,1019.6458584639265
million dollar bash,1019.5031068419798
cri stop babi,1007.8344043656786
weekend weekend weekend,1005.8043902571258
anim begin long,1004.0593716128485
new morn new,995.3934421056146
anim begin begin,993.2999037478226
suckl tree tree,982.8142726785256
stop stop cri,976.0432449294492
pleas mrs. henri,975.0274204847155
man name anim,974.0261872549572
cri babi pleas,971.9116003982354
cri stop stop,962.2100667065195
stop stop cri,962.2100667065193
tree appl suckl,960.829412143928
tree suckl tree,960.2003222848551
true love tend,958.3370778378902
slow train around,950.5305231174227
man gave name,949.9202274027114
one one weekend,949.3720185372141
desir wake strengthen,948.7371422720149
ill wake strengthen,948.7371422720149
knot wake strengthen,948.7371422720149
suckl tree underneath,946.0284695638102
desir wake wake,942.9330231421095
ill wake wake,942.9330231421095
knot wake wake,942.9330231421095
seduc wake wake,942.9330231421095
tie wake wake,942.9330231421095
wander wake wake,942.9330231421095
melodi locust sang,940.2838075644806
approv wake wake,937.1350276024302
suckl tree appl,936.8445568756235
power wake wake,936.2822758559815
love true love,934.2078496926306
stop cri tear,933.0968052551376
mrs. henri 'm,930.9474598857807
stop pleas stop,929.8950303739737
distanc locust sang,929.6631913852398
locust sang distanc,929.6631913852395
locust sang singin,929.6631913852395
man name begin,925.2837281783814
asleep wake strengthen,923.8319876788742
let hang low,923.0176400241608
locust sang melodi,922.5558585210542
stop cri pleas,922.1806637907989
anim begin time,919.3532697660653
asleep wake wake,918.056816823595
cure wake wake,918.056816823595
pleas cri cri,917.1773137570949
rule wake strengthen,914.4616703270556
true love true,910.59110430794
rule wake wake,908.7154509575064
power wake strengthen,908.3934595685
suckl suckl tree,904.914425217612
stop cri mind,902.1192829974392
light shine 'm,899.6596264780235
give shelter storm,898.246074596361
make wake wake,898.205224998123
believ wake wake,894.6579589121716
stop cri shine,892.1941921221392
name begin begin,888.1634466243556
new new morn,886.9327444507394
stop cri caus,885.0712759975326
new morn morn,884.5619476807731
light shine make,883.0089654122789
locust sang sang,882.206960888896
locust locust sang,882.2069608888958
slow train comin,881.1524276321668
young wake strengthen,880.0391479545729
locust sang sweet,879.9242320085004
young wake wake,874.7275866874645
stop cri sun,870.8905987871616
gave begin begin,870.0651136636703
blue new morn,867.5279841878474
still wake wake,866.7974884530328
babi stop cri,865.1569322213676
forev young may,864.8430159263912
pleas stop stop,863.9827014954717
babi pleas cri,863.9524547038264
sweet locust sang,862.1962829650741
shine stop cri,860.9655079118619
somebodi may lord,860.5678016865457
stop cri alway,857.6973085094246
hang low alberta,854.0624149811825
knock knock knockin,853.7800638721186
lo behold lookin,852.1088139862134
somebodi may may,851.8097436951632
underneath appl suckl,846.0755006189329
somebodi may devil,844.7665792116092
begin man name,844.6855192739206
street clay joey,840.2890244869595
man gave anim,838.9942439657034
let hair hang,838.3032061251063
suckl tree suckl,838.0531617103261
lo behold lo,837.7251605444521
alberta hang low,833.4728507051901
forev forev young,830.1551553919035
cri pleas stop,823.9099009459676
slow train bend,823.4143409585506
begin name anim,822.7010992418898
forev young young,815.2830140968498
may forev young,815.2830140968497
weekend weekend one,806.3143019340407
name anim long,804.9068349059761
tree appl tree,804.5519635475805
unto nobodi wan,802.8835547834534
heaven knock knockin,799.823844861125
knock knockin heaven,799.823844861125
serv may may,799.7416590169291
behold lo behold,793.468023852661
cri cri babi,793.3163754570116
ya tell henri,792.7456854235948
may somebodi may,789.5339886677887
pleas stop tear,788.5157018879218
suspect one weekend,788.3747963638673
may devil may,786.9627708942971
man gave begin,783.0011065511424
cri babi stop,782.0257910580358
heaven knock knock,781.7995755181996
knock knock heaven,781.7995755181996
good one weekend,781.671989175894
appl appl suckl,779.4294067336225
appl suckl suckl,778.0685873859134
henri ya henri,777.3104942384936
somebodi somebodi may,776.4105627932813
said shelter storm,776.3085618501902
heaven door knockin,774.6435640242619
knockin heaven door,774.6435640242619
henri henri pleas,774.4628861975318
one weekend -lrb-,772.1660628350446
gave name long,771.488783443895
name anim man,771.0987110021804
name begin man,770.2435596432878
door knock knock,767.4715996594975
knock knock door,767.4715996594975
begin man gave,766.2490343093563
may lord serv,761.6872183972253
serv devil may,761.084129174897
henri pleas henri,760.3270229405615
street joey joey,760.2654726442962
one weekend ship,760.0360236780878
suckl appl suckl,757.7161782677089
name anim time,757.3648806375523
appl suckl appl,753.7297877680717
one weekend fli,753.6279895281402
right ya unto,750.8476631100231
true true love,749.3341684128111
appl tree tree,748.9240588617753
like jack heart,746.1151508807387
fun one weekend,746.0440497395164
one weekend night,746.0409017867058
heaven knock knockin,744.9337631949917
knock knockin heaven,744.9337631949916
strengthen thing remain,744.3812103149104
slow comin around,744.0720155044014
let hair low,743.7526703817781
ooh babi ooh-e,742.5987372962468
alway pleas stop,740.9836345341188
joey king child,740.2768940433066
ever one weekend,738.7413981337768
mrs. mrs. pleas,738.1012536219062
slow slow train,737.9180496149892
forev young stay,737.6998356046399
underneath new morn,737.5883237530376
hang low apron,736.6538699035157
pleas stop caus,735.1942606047382
stop stop babi,734.3035021106787
call gave name,732.1228799041114
mrs. pleas pleas,731.4305803583634
dollar bash ooh,730.4381380017185
dollar bash ooh-e,730.4381380017185
heaven door knock,728.4300848609621
knock heaven door,728.4300848609621
child clay joey,727.3686812925949
henri tell henri,725.2705238900719
serv serv may,725.2510118633542
true love love,724.0802871024049
underneath suckl tree,722.2425955967506
idiot wind blow,722.0165952147482
henri pleas pleas,721.919704972811
knockin knock knock,721.7514598401373
babi pleas stop,721.2579110297235
pleas stop sun,721.0295911023946
alberta hair hang,720.7190756262971
heaven door knock,720.2670820242723
knock heaven door,720.2670820242722
sky new morn,718.9178399703959
knock knockin knock,718.1270674010134
pleas stop alway,713.1748935746598
clay joey joey,712.5246723272913
appl suckl underneath,711.1935781794234
shine pleas stop,711.1205186191979
babi pleas stop,708.8441254088394
ooh million dollar,708.5487092876588
true love forget,708.1300229129625
ooh-e dollar bash,706.623395552317
street child joey,704.4187279962885
knock knockin door,703.854497782524
door knock knockin,703.8544977825239
knockin heaven knock,702.5337350190259
name begin long,701.9365939373629
hang low hair,698.6105292162238
ooh-e million dollar,696.6768119890826
hang low gold,695.538204466915
alberta treat unkind,692.0590540258257
knockin heaven knock,690.1228314619541
joey joey king,686.6868237806191
henri pleas mrs.,686.3596353764204
stop babi stop,686.2445077176866
begin gave anim,684.2085956335172
hair hang alberta,680.7375978007291
knock heaven knock,680.2788305215015
million dollar ooh,679.2915607225407
stop babi pleas,679.1968925442873
appl tree appl,679.1614349197451
