NGRAM,VALUE,
way work someday,998.7156550895321
narrow way work,998.715655089532
long narrow way,936.3339030242432
narrow sure work,809.3494690878946
sure work someday,809.3494690878946
long narrow sure,746.6860770228154
road long narrow,735.1979206553146
narrow work work,718.6548244905727
work work someday,718.6548244905727
way work sure,718.5261811152898
road way work,707.0556430203432
bright roll john,699.3760338217909
move roll john,692.8024062734115
long long narrow,688.6702161083876
long narrow work,670.0484980137996
work sure work,668.5506836412524
burn roll john,648.4824087038231
burn bright roll,647.0063336911726
narrow way sure,645.4229304951298
way sure someday,645.4229304951298
long road way,644.8679453777083
long work sure,642.708824157026
move burn bright,642.5345395673272
move burn john,642.5345395673272
narrow work sure,636.7363184129142
work sure someday,636.7363184129142
road narrow way,633.8805594248124
earli roman king,632.7497970270778
light move burn,632.7497970270778
shine burn bright,626.1804618463102
shine light bright,621.3621933206823
road narrow work,618.6254255252427
road long work,614.2060334838031
light bright roll,612.3495937859608
shine move burn,608.1105523521032
shine light move,604.3869668717934
move burn roll,596.7055194501007
light move roll,592.9993631653979
move bright roll,590.8584095907365
way work work,590.6171171636225
shine move bright,590.3421741396983
long road long,588.7361303569139
long road narrow,581.5493446959206
move bright john,578.9458537259443
burn bright john,578.9458537259442
shine light burn,575.5415275288511
way sure work,575.505351768219
light burn bright,569.1698278930533
long way work,565.1560857727783
light move bright,564.1539238224557
long long way,561.4126791593637
light burn roll,557.7905785120531
long way sure,538.7995875124435
road long way,520.8121337590545
scarlet town born,480.6522820890234
like roman king,443.23081551182526
scarlet town town,438.74599474747856
scarlet scarlet town,438.11096769895687
like earli roman,429.71358464808765
scarlet town scarlet,426.327310511505
roll john roll,426.20257101501943
town scarlet town,424.1820780501891
roman king earli,393.4318287833104
dream titan sink,366.17680523253426
earli roman earli,363.31055429928347
like earli king,340.09224771606716
watchman lay dream,322.1574293498397
dream dream titan,306.1559074317063
lay dream dream,264.69807944027093
earli king earli,263.9799294336264
night day strip,205.09357140833418
fight em whiskey,193.2668912231581
high fight em,193.2668912231581
blood night day,150.03375529671206
gentl pray long,136.93559378282646
