NGRAM,VALUE,
drift scene,0.25
play knick-knack,0.24031007751937986
boogi woogi,0.23076923076923078
call jack-a-ro,0.23076923076923078
els sure,0.23076923076923078
face cannonbal,0.23076923076923078
sure hang,0.23076923076923078
thank tea,0.23076923076923078
lordi lordi,0.2054794520547945
god know,0.20454545454545456
bird fli,0.2
eight nine,0.2
knick-knack paddywhack,0.2
babe blood,0.19047619047619047
burn burn,0.18518518518518517
e'er daughter,0.17647058823529413
handi dandi,0.17647058823529413
wound coupl,0.17647058823529413
burn ring,0.1724137931034483
hard time,0.1623931623931624
lordi lord,0.1623931623931624
blood eye,0.16129032258064516
wiggl wiggl,0.15702479338842976
wed supper,0.15384615384615385
a-hoppin brook,0.14285714285714285
billi lyon,0.14285714285714285
boogi woogi,0.14285714285714285
boogi boogi,0.14285714285714285
broke-down engin,0.14285714285714285
broken flea,0.14285714285714285
cornbread layin,0.14285714285714285
cornbread shelf,0.14285714285714285
coupl marri,0.14285714285714285
diamond joe,0.14285714285714285
first moth,0.14285714285714285
heal wound,0.14285714285714285
jim jone,0.14285714285714285
john b.,0.14285714285714285
juney bug,0.14285714285714285
layin shelf,0.14285714285714285
linger cabin,0.14285714285714285
mous within,0.14285714285714285
mr. a-hoppin,0.14285714285714285
mr. brook,0.14285714285714285
mrs. cow,0.14285714285714285
pat swear,0.14285714285714285
quick heal,0.14285714285714285
sigh weari,0.14285714285714285
uncl consent,0.14285714285714285
woogi boogi,0.14285714285714285
woogi woogi,0.14285714285714285
good honey,0.13725490196078433
black davey,0.13513513513513514
paddywhack bone,0.13513513513513514
paddywhack dog,0.13513513513513514
ten thousand,0.13432835820895522
stand pat,0.1320754716981132
stand swear,0.1320754716981132
twenti iron,0.1320754716981132
knick-knack give,0.13157894736842105
b. stetson,0.13043478260869565
john stetson,0.13043478260869565
mean mean,0.13043478260869565
walk dirt,0.13043478260869565
bone roll,0.1282051282051282
burn fire,0.1282051282051282
burn ring,0.1282051282051282
burn ring,0.1282051282051282
dog bone,0.1282051282051282
doorway cri,0.1282051282051282
stetson hat,0.1282051282051282
good babi,0.12727272727272726
boogi countri,0.125
burn flame,0.125
flame burn,0.125
forsak husband,0.125
sugar candi,0.125
woogi countri,0.125
black jack,0.12359550561797752
babi honey,0.12280701754385964
iron bound,0.12280701754385964
bein christma,0.12
botani bay,0.12
bumbley bee,0.12
first flyin,0.12
flame higher,0.12
flyin moth,0.12
gambl done,0.12
higher burn,0.12
laugh fat,0.12
laugh shook,0.12
laugh side,0.12
love henri,0.12
momma done,0.12
piec cornbread,0.12
piec layin,0.12
piec shelf,0.12
runnin downtown,0.12
seaport canadee-i-o,0.12
sittin top,0.12
three four,0.12
closer million,0.11764705882352941
alright til,0.11627906976744186
b. hat,0.11627906976744186
jack davey,0.11627906976744186
john hat,0.11627906976744186
lord lordi,0.11475409836065574
twenti cold,0.11475409836065574
dirt road,0.1111111111111111
much longer,0.1111111111111111
song sigh,0.1111111111111111
song weari,0.1111111111111111
weari time,0.1111111111111111
wind blow,0.1111111111111111
worri sittin,0.1111111111111111
blood babe,0.10891089108910891
cold bound,0.1076923076923077
cold iron,0.1076923076923077
heaven close,0.10638297872340426
arthur mcbride,0.10344827586206896
blue-ey jane,0.10344827586206896
fat side,0.10344827586206896
frog a-hoppin,0.10344827586206896
frog brook,0.10344827586206896
higher burn,0.10344827586206896
lawd lawd,0.10344827586206896
mr. frog,0.10344827586206896
shook fat,0.10344827586206896
shook side,0.10344827586206896
walk road,0.10344827586206896
old play,0.10204081632653061
miss mousey,0.10144927536231885
pat step,0.10144927536231885
swear step,0.10144927536231885
two two,0.10091743119266056
day cabin,0.1
day linger,0.1
go-yeah pat,0.1
go-yeah swear,0.1
sigh hard,0.1
weari hard,0.1
ring fire,0.09803921568627451
see see,0.09803921568627451
stand doorway,0.09803921568627451
knick-knack dog,0.09734513274336283
uncl rat,0.0967741935483871
worri top,0.0967741935483871
stand step,0.0958904109589041
time day,0.09523809523809523
babe eye,0.09090909090909091
christma mornin,0.09090909090909091
closer mile,0.09090909090909091
eye blood,0.09090909090909091
forsak forsak,0.09090909090909091
friend ever,0.09090909090909091
go-yeah stand,0.09090909090909091
henri cri,0.09090909090909091
higher ring,0.09090909090909091
mean boogi,0.09090909090909091
mean woogi,0.09090909090909091
million mile,0.09090909090909091
play paddywhack,0.09090909090909091
silver gold,0.09090909090909091
stand cri,0.09090909090909091
supper supper,0.09090909090909091
togeth pull,0.09090909090909091
uncl downtown,0.09090909090909091
uncl laugh,0.09090909090909091
woogi mean,0.09090909090909091
yet get,0.09090909090909091
knick-knack bone,0.08771929824561403
boogi mean,0.08571428571428572
mean boogi,0.08571428571428572
mean woogi,0.08571428571428572
woogi mean,0.08571428571428572
bone came,0.0847457627118644
burn ring,0.0847457627118644
came roll,0.0847457627118644
dog came,0.0847457627118644
done franki,0.0847457627118644
know know,0.0847457627118644
big snake,0.08333333333333333
closer still,0.08333333333333333
dark get,0.08333333333333333
hors togeth,0.08333333333333333
longer wait,0.08333333333333333
wiggl till,0.08333333333333333
lord lord,0.08235294117647059
twenti mile,0.08235294117647059
done wrong,0.08196721311475409
paddywhack give,0.08196721311475409
ring fire,0.08196721311475409
know god,0.08163265306122448
bein mornin,0.08108108108108109
four five,0.08108108108108109
go-yeah pat,0.08108108108108109
go-yeah swear,0.08108108108108109
goe creep,0.08108108108108109
love cri,0.08108108108108109
mari jane,0.08108108108108109
shadow creep,0.08108108108108109
step pat,0.08108108108108109
uncl fat,0.08108108108108109
uncl runnin,0.08108108108108109
uncl shook,0.08108108108108109
blood blood,0.07936507936507936
give bone,0.07936507936507936
give dog,0.07936507936507936
ring ring,0.07936507936507936
god god,0.07906976744186046
mile bound,0.07865168539325842
mile iron,0.07865168539325842
roll play,0.0782608695652174
countri mean,0.07692307692307693
eye care,0.07692307692307693
mean countri,0.07692307692307693
eye babe,0.07586206896551724
babe care,0.07462686567164178
wed wed,0.07462686567164178
still million,0.07407407407407407
countri mean,0.07317073170731707
creep blue-ey,0.07317073170731707
five six,0.07317073170731707
go-yeah stand,0.07317073170731707
mean countri,0.07317073170731707
next black,0.07317073170731707
said mous,0.07317073170731707
said within,0.07317073170731707
step stand,0.07317073170731707
take much,0.07317073170731707
without consent,0.07317073170731707
without uncl,0.07317073170731707
till till,0.07262569832402235
mile cold,0.07216494845360824
dark yet,0.07142857142857142
feel broke-down,0.07142857142857142
feel engin,0.07142857142857142
flame burn,0.07142857142857142
much wait,0.07142857142857142
ring flame,0.07142857142857142
supper wed,0.07142857142857142
left doorway,0.07042253521126761
mousey miss,0.07042253521126761
roll home,0.07042253521126761
left stand,0.06976744186046512
wiggl wiggl,0.06951871657754011
twenti town,0.06930693069306931
man play,0.06756756756756757
babe babe,0.06666666666666667
boogi boogi,0.06666666666666667
boogi woogi,0.06666666666666667
dandi sugar,0.06666666666666667
go-yeah step,0.06666666666666667
good lawd,0.06666666666666667
hous forsak,0.06666666666666667
knick-knack knick-knack,0.06666666666666667
lawd good,0.06666666666666667
left cri,0.06666666666666667
play play,0.06666666666666667
rounder friend,0.06666666666666667
shall supper,0.06666666666666667
sometim sometim,0.06666666666666667
time mani,0.06666666666666667
town bound,0.06666666666666667
town iron,0.06666666666666667
two three,0.06666666666666667
walk walk,0.06666666666666667
want money,0.06666666666666667
wiggl wiggl,0.06666666666666667
woogi boogi,0.06666666666666667
woogi woogi,0.06666666666666667
fire ring,0.06451612903225806
wiggl till,0.06422018348623854
countri girl,0.06403940886699508
friend delia,0.06382978723404255
old man,0.06285714285714286
boogi girl,0.0625
delia rounder,0.0625
hard mani,0.0625
mayb wo,0.0625
still mile,0.0625
time hard,0.0625
tryin close,0.0625
woogi girl,0.0625
dandi handi,0.061946902654867256
honey wrong,0.061946902654867256
town cold,0.061946902654867256
behind togeth,0.061224489795918366
till wiggl,0.061224489795918366
uh-huh next,0.06093189964157706
came home,0.06077348066298342
black black,0.060240963855421686
burn burn,0.060240963855421686
paddywhack old,0.060240963855421686
believ lawd,0.058823529411764705
bone old,0.058823529411764705
boogi countri,0.058823529411764705
countri boogi,0.058823529411764705
dog old,0.058823529411764705
fire burn,0.058823529411764705
