NGRAM,VALUE,
rosi face cannonbal,0.16666666666666666
boogi woogi boogi,0.125
burn burn ring,0.12195121951219512
eight gate nine,0.11764705882352941
lordi lord lordi,0.10309278350515463
play knick-knack paddywhack,0.10050251256281408
knick-knack paddywhack give,0.08771929824561403
burn ring fire,0.08620689655172414
good babi honey,0.08484848484848485
burn ring ring,0.0847457627118644
call jack-a-ro waist,0.08333333333333333
cornbread layin shelf,0.08333333333333333
face cannonbal waist,0.08333333333333333
mr. a-hoppin brook,0.08333333333333333
woogi boogi woogi,0.08333333333333333
higher burn burn,0.07792207792207792
stand pat swear,0.07777777777777778
paddywhack dog bone,0.07575757575757576
weari hard time,0.07547169811320754
lord lordi lord,0.07462686567164178
boogi woogi countri,0.07407407407407407
john b. stetson,0.07407407407407407
higher burn ring,0.07228915662650602
first flyin moth,0.07142857142857142
piec cornbread layin,0.07142857142857142
piec cornbread shelf,0.07142857142857142
piec layin shelf,0.07142857142857142
black jack davey,0.06802721088435375
babe blood eye,0.06779661016949153
b. stetson hat,0.06666666666666667
sigh weari hard,0.06666666666666667
song sigh weari,0.06666666666666667
john stetson hat,0.06578947368421052
twenti cold iron,0.06481481481481481
john b. hat,0.0641025641025641
knick-knack paddywhack dog,0.06358381502890173
frog a-hoppin brook,0.0625
laugh fat side,0.0625
laugh shook fat,0.0625
laugh shook side,0.0625
mr. frog a-hoppin,0.0625
mr. frog brook,0.0625
walk dirt road,0.0625
blood eye babe,0.06201550387596899
cold iron bound,0.06140350877192982
pat swear step,0.06140350877192982
day linger cabin,0.06060606060606061
gambl momma done,0.058823529411764705
worri sittin top,0.058823529411764705
stand pat step,0.058333333333333334
stand swear step,0.058333333333333334
flame higher burn,0.057692307692307696
knick-knack paddywhack bone,0.05714285714285714
four shore five,0.05660377358490566
shook fat side,0.05555555555555555
stand doorway cri,0.05555555555555555
burn burn fire,0.0546448087431694
go-yeah pat swear,0.05333333333333334
mean mean boogi,0.05263157894736842
mean mean woogi,0.05263157894736842
woogi mean mean,0.05263157894736842
knick-knack dog bone,0.052083333333333336
hard time mani,0.05194805194805195
five surviv six,0.05084745762711865
bone came roll,0.050505050505050504
dog bone came,0.050505050505050504
closer million mile,0.050314465408805034
bein christma mornin,0.05
love henri cri,0.05
uncl laugh fat,0.05
uncl laugh shook,0.05
uncl runnin downtown,0.05
go-yeah stand pat,0.04938271604938271
paddywhack give bone,0.049019607843137254
paddywhack give dog,0.049019607843137254
twenti mile iron,0.04861111111111111
flame burn burn,0.04819277108433735
give dog bone,0.047619047619047616
go-yeah stand swear,0.047619047619047616
mean boogi woogi,0.047619047619047616
higher burn ring,0.046875
mile iron bound,0.04666666666666667
burn fire ring,0.046296296296296294
closer still million,0.04597701149425287
boogi woogi mean,0.045454545454545456
countri mean mean,0.045454545454545456
mean boogi woogi,0.045454545454545456
mean mean countri,0.045454545454545456
said mous within,0.045454545454545456
uncl shook fat,0.045454545454545456
without uncl consent,0.045454545454545456
twenti mile cold,0.04487179487179487
much longer wait,0.044444444444444446
lordi lordi lord,0.04390243902439024
eye babe care,0.043859649122807015
knick-knack knick-knack paddywhack,0.043668122270742356
three turn four,0.043478260869565216
know god know,0.04335260115606936
mile cold bound,0.043209876543209874
mile cold iron,0.043209876543209874
god know god,0.04289544235924933
play knick-knack knick-knack,0.042801556420233464
play play knick-knack,0.04263565891472868
four danc five,0.04225352112676056
lordi lordi lordi,0.04225352112676056
knick-knack give dog,0.0421455938697318
burn ring flame,0.041666666666666664
dark yet get,0.041666666666666664
feel broke-down engin,0.041666666666666664
go-yeah pat swear,0.041666666666666664
left doorway cri,0.041666666666666664
mean woogi countri,0.041666666666666664
supper wed supper,0.041666666666666664
twenti town iron,0.041666666666666664
woogi countri mean,0.041666666666666664
burn burn burn,0.040983606557377046
babe blood blood,0.04060913705583756
man play knick-knack,0.04056795131845842
time mani day,0.04040404040404041
town iron bound,0.040229885057471264
mean woogi countri,0.04
mean boogi countri,0.04
three key four,0.04
woogi countri mean,0.04
believ lawd day,0.0392156862745098
boogi woogi girl,0.0392156862745098
closer still mile,0.0392156862745098
lawd day quit,0.0392156862745098
burn burn ring,0.0390625
see meadow see,0.03896103896103896
twenti town cold,0.03888888888888889
boogi countri mean,0.038461538461538464
boogi boogi woogi,0.038461538461538464
boogi woogi boogi,0.038461538461538464
boogi woogi woogi,0.038461538461538464
boogi woogi woogi,0.038461538461538464
go-yeah stand pat,0.038461538461538464
mean boogi countri,0.038461538461538464
step stand pat,0.038461538461538464
woogi boogi woogi,0.038461538461538464
go-yeah swear step,0.0380952380952381
knick-knack give bone,0.03802281368821293
town cold bound,0.03763440860215054
town cold iron,0.03763440860215054
boogi countri girl,0.037267080745341616
woogi countri girl,0.037267080745341616
boogi boogi woogi,0.037037037037037035
countri mean boogi,0.037037037037037035
go-yeah pat step,0.037037037037037035
left stand doorway,0.037037037037037035
paddywhack bone old,0.037037037037037035
paddywhack dog old,0.037037037037037035
god know know,0.03672316384180791
go-yeah stand swear,0.036585365853658534
still million mile,0.0365296803652968
babi honey wrong,0.036458333333333336
bone old roll,0.036231884057971016
dog bone old,0.036231884057971016
old man play,0.036231884057971016
see lover see,0.03614457831325301
wed supper wed,0.036036036036036036
countri mean boogi,0.03571428571428571
flame higher burn,0.03571428571428571
goe shadow creep,0.03571428571428571
uncl rat consent,0.03571428571428571
left stand cri,0.03546099290780142
boogi boogi boogi,0.034482758620689655
boogi woogi countri,0.034482758620689655
three danc four,0.034482758620689655
woogi boogi woogi,0.034482758620689655
woogi woogi boogi,0.034482758620689655
woogi woogi woogi,0.034482758620689655
blood blood eye,0.03424657534246575
blood eye blood,0.03424657534246575
go-yeah stand step,0.03418803418803419
god god know,0.034031413612565446
came roll home,0.034013605442176874
boogi woogi countri,0.03333333333333333
dandi sugar candi,0.03333333333333333
handi sugar candi,0.03333333333333333
mani linger cabin,0.03333333333333333
miss mous within,0.03333333333333333
rat laugh fat,0.03333333333333333
rat laugh shook,0.03333333333333333
rat laugh side,0.03333333333333333
rat runnin downtown,0.03333333333333333
sigh weari time,0.03333333333333333
time sigh weari,0.03333333333333333
woogi boogi countri,0.03333333333333333
woogi boogi boogi,0.03333333333333333
woogi woogi countri,0.03333333333333333
knick-knack knick-knack give,0.03257328990228013
tryin heaven close,0.032520325203252036
twenti mile town,0.032407407407407406
boogi boogi countri,0.03225806451612903
good lawd good,0.03225806451612903
lord sittin top,0.03225806451612903
uncl rat downtown,0.03225806451612903
uncl rat laugh,0.03225806451612903
alright til fell,0.03205128205128205
let wind blow,0.031746031746031744
linger around cabin,0.031746031746031744
burn burn ring,0.03164556962025317
five tri six,0.031578947368421054
mile town bound,0.03153153153153153
mile town iron,0.03153153153153153
rat fat side,0.03125
rat shook fat,0.03125
rat shook side,0.03125
worri lord sittin,0.03125
step stand pat,0.031007751937984496
roll home play,0.030927835051546393
burn ring fire,0.03067484662576687
behind hors togeth,0.030303030303030304
hard sigh weari,0.030303030303030304
linger cabin hard,0.030303030303030304
shall wed supper,0.030303030303030304
song sigh time,0.030303030303030304
song weari time,0.030303030303030304
time song sigh,0.030303030303030304
time song weari,0.030303030303030304
uncl rat fat,0.030303030303030304
uncl rat runnin,0.030303030303030304
uncl rat shook,0.030303030303030304
babe eye blood,0.03018867924528302
eye babe blood,0.03007518796992481
babi honey world,0.029914529914529916
mile town cold,0.029914529914529916
black jack black,0.02976190476190476
bone old came,0.02976190476190476
dog old came,0.02976190476190476
old came roll,0.02976190476190476
broken black flea,0.029411764705882353
truth tell sweetheart,0.029411764705882353
worri lord top,0.029411764705882353
went burn burn,0.029304029304029304
paddywhack give old,0.029239766081871343
song weari hard,0.029197080291970802
aliv boogi woogi,0.02912621359223301
pleas boogi woogi,0.02912621359223301
taught boogi woogi,0.02912621359223301
friend ever gone,0.0291005291005291
fire ring fire,0.028985507246376812
mani day cabin,0.028985507246376812
mani day linger,0.028985507246376812
time day linger,0.028985507246376812
lordi lord lord,0.02888086642599278
give bone old,0.028735632183908046
give dog old,0.028735632183908046
sun goe creep,0.02857142857142857
song sigh hard,0.028368794326241134
blood babe care,0.028089887640449437
blood eye eye,0.027932960893854747
eye blood eye,0.027932960893854747
daughter truth tell,0.027777777777777776
day around cabin,0.027777777777777776
day linger around,0.027777777777777776
handi dandi candi,0.027777777777777776
hard song sigh,0.027777777777777776
hard song weari,0.027777777777777776
sun shadow creep,0.027777777777777776
lord lordi lordi,0.027649769585253458
good good honey,0.027450980392156862
three sea four,0.02702702702702703
roll old play,0.02694610778443114
jack black jack,0.026881720430107527
old roll home,0.026881720430107527
old play play,0.026737967914438502
babe babe blood,0.02666666666666667
davey black davey,0.02666666666666667
friend ever delia,0.02666666666666667
handi dandi sugar,0.02666666666666667
hard day linger,0.02666666666666667
came roll old,0.026627218934911243
done wrong franki,0.026455026455026454
ring ring fire,0.026455026455026454
sittin top world,0.02631578947368421
without rat consent,0.02631578947368421
without uncl rat,0.02631578947368421
good good babi,0.026217228464419477
black davey black,0.026143790849673203
hung boogi woogi,0.02608695652173913
heaven close door,0.026041666666666668
hors rode togeth,0.02564102564102564
said miss mous,0.02564102564102564
said miss within,0.02564102564102564
ring fire ring,0.025510204081632654
babe blood babe,0.02531645569620253
tryin closer million,0.02531645569620253
went higher burn,0.02510460251046025
higher burn burn,0.025
vessel convey away,0.025
burn fire flame,0.024691358024691357
davey jack davey,0.024691358024691357
wed shall wed,0.02459016393442623
burn ring fire,0.024509803921568627
fire fell burn,0.024390243902439025
sugar candi dandi,0.024390243902439025
sugar candi handi,0.024390243902439025
davey black jack,0.024242424242424242
