NGRAM,VALUE,
narrow way work,0.09777777777777778
way work someday,0.09777777777777778
bright roll john,0.09259259259259259
burn bright roll,0.08571428571428572
long narrow way,0.0842911877394636
shine move burn,0.08333333333333333
move burn bright,0.0784313725490196
move burn john,0.0784313725490196
move burn roll,0.0784313725490196
shine burn bright,0.0784313725490196
shine move bright,0.0784313725490196
burn roll john,0.07692307692307693
move roll john,0.07692307692307693
move bright roll,0.07476635514018691
burn bright john,0.07407407407407407
dream titan sink,0.07407407407407407
earli roman king,0.07407407407407407
light move burn,0.07407407407407407
move bright john,0.07407407407407407
shine light burn,0.07407407407407407
shine light move,0.07407407407407407
light burn bright,0.07017543859649122
light burn roll,0.07017543859649122
light move bright,0.07017543859649122
light move roll,0.07017543859649122
shine light bright,0.07017543859649122
light bright roll,0.06722689075630252
watchman lay dream,0.06060606060606061
dream dream titan,0.058823529411764705
narrow way sure,0.057291666666666664
way sure someday,0.057291666666666664
narrow sure work,0.05699481865284974
sure work someday,0.05699481865284974
road narrow way,0.05555555555555555
narrow work sure,0.05392156862745098
work sure someday,0.05392156862745098
road narrow work,0.05238095238095238
long narrow sure,0.048034934497816595
road long narrow,0.04680851063829787
way work sure,0.04564315352697095
long road narrow,0.044715447154471545
road way work,0.044534412955465584
way sure work,0.04365079365079365
fight em whiskey,0.043478260869565216
high fight em,0.043478260869565216
lay dream dream,0.043478260869565216
narrow work work,0.04247104247104247
work work someday,0.04247104247104247
like roman king,0.041666666666666664
work sure work,0.041666666666666664
long road way,0.038869257950530034
long way sure,0.03819444444444445
road long way,0.03741496598639456
long narrow work,0.03728813559322034
like earli roman,0.037037037037037035
long work sure,0.03666666666666667
road long work,0.03594771241830065
way work work,0.035830618892508145
like earli king,0.03571428571428571
roll john roll,0.034482758620689655
long long narrow,0.033846153846153845
long road long,0.03216374269005848
long way work,0.03206997084548105
night day strip,0.030534351145038167
long long way,0.029490616621983913
roman king earli,0.024390243902439025
scarlet town born,0.023809523809523808
blood night day,0.0223463687150838
earli roman earli,0.022222222222222223
earli king earli,0.02142857142857143
gentl pray long,0.016666666666666666
scarlet scarlet town,0.016666666666666666
scarlet town scarlet,0.016666666666666666
scarlet town town,0.016129032258064516
town scarlet town,0.016129032258064516
