NGRAM,VALUE,
hard hard,100.76617557497505
work maggi,57.592383529467924
hard a-gonna,38.01240809045584
hard rain,37.81768072638798
jesus make,29.683889579892274
corrina corrina,29.50524649716869
sad-ey prophet,26.994123424976713
franki lee,26.37953901950508
stone stone,26.301243390451077
mr. man,25.338280100626495
fix die,25.330196270360393
want want,24.964716446572293
lay brass,24.301917077571044
lay lay,24.301917077571044
mr. tambourin,23.92056575018226
queen jane,23.92056575018226
corrina gal,23.76489769173874
tambourin man,23.475216029464363
tambourin play,23.066633360897185
mobil memphi,22.93116748950798
oxford town,22.51404783512926
allow chanc,22.39103694405123
hard fall,22.08218510521943
mr. play,22.035370419177916
man play,21.590681145919618
tambourin song,21.41465893897916
peggi day,20.937764528009286
maggi work,20.935229494478623
mama stuck,20.85369064468542
mr. song,20.385047524949236
desol row,20.317331188743296
lay big,20.317331188743296
mama insid,20.317331188743296
plow hold,20.317331188743296
stuck insid,20.317331188743296
stuck memphi,20.317331188743296
stuck mobil,20.317331188743296
end memphi,20.065912210107896
end mobil,20.065912210107896
hang pictur,19.97024863741089
man song,19.94118411783082
insid memphi,19.781136749301243
insid mobil,19.781136749301243
play song,19.534087885601735
wo jane,19.372745952171545
gate eden,19.308954786537903
lord plow,19.23094763737383
plow lord,19.23094763737383
blowin wind,19.046413197554635
easi jesus,18.92509473118798
want bad,18.723739403463387
brand leopard-skin,18.71372549244063
brand pill-box,18.71372549244063
happen jone,18.71372549244063
happen mister,18.71372549244063
leopard-skin pill-box,18.71372549244063
mister jone,18.71372549244063
hold lord,18.538867324490163
believ fix,18.505844380296796
new york,18.373736150704772
spend peggi,18.349132847473484
wo queen,18.34610900742482
maggi farm,18.321189965127303
want honey,18.300438644428798
a-run stair,17.956293872956195
jesus jesus,17.831998082894195
end stuck,17.802328590907692
lay across,17.802328590907692
mama end,17.802328590907692
let follow,17.796269261061106
memphi blue,17.760481116736532
mobil blue,17.760481116736532
chime freedom,17.650724286594663
sad-ey ladi,17.508389691188306
keep plow,17.302999316079127
end insid,17.26728964836364
mama shoe,17.151766215918997
brand hat,16.95037685842474
highway 51,16.95037685842474
leopard-skin hat,16.95037685842474
pill-box hat,16.95037685842474
babe babe,16.83183847348713
keep hold,16.76829063816361
maggi maggi,16.626831622550938
realli mobil,16.380150997613146
factori daddi,15.976908421410966
older younger,15.976908421410966
die easi,15.967419558025505
see jane,15.915829360787063
make jesus,15.831235709794083
brand new,15.786431788509198
new leopard-skin,15.786431788509198
new pill-box,15.786431788509198
ladi lay,15.767034701490191
stuck blue,15.767034701490191
work work,15.567723426444836
alley lookin,15.553118586559089
gaze chime,15.530527379149573
gaze freedom,15.530527379149573
bird bird,15.515499965737844
insid blue,15.233647627713609
god side,15.095420474828412
see queen,14.898129118165631
feel direct,14.889104445727854
die jesus,14.880767992911
easi make,14.807197993119257
daddi alley,14.799071355028062
daddi food,14.799071355028062
food tombston,14.799071355028062
lord keep,14.719443205284563
mornin callin,14.55945244591258
mama realli,14.54553008851407
realli stuck,14.54553008851407
daddi lookin,14.491239043870348
lookin tombston,14.491239043870348
like like,14.330918188892952
factori alley,14.27437749127153
thousand mile,14.27437749127153
a-gonna fall,14.207250892064463
jingle-jangl followin,14.207250892064463
lowland prophet,14.207250892064463
pledg hopin,14.207250892064463
prophet warehous,14.207250892064463
warehous arabian,14.207250892064463
william zanzing,14.207250892064463
favor ask,14.125428551812545
jesus die,14.028365099145729
new hat,14.028365099145729
realli insid,14.013630864042105
hand plow,14.001548078908924
answer blowin,13.96671020342351
factori lookin,13.96671020342351
along cove,13.957174448037534
shoe daddi,13.957174448037534
someth happen,13.920068898999125
someth jone,13.920068898999125
someth mister,13.920068898999125
lieuten gone,13.758864114067828
new orlean,13.722229427247942
arabian drum,13.690339880059684
warehous drum,13.690339880059684
realli end,13.544971539838812
hand hold,13.470475915894221
factori shoe,13.432975695065913
feel home,13.411395593384741
freight train,13.301575694757814
pretti peggy-o,13.26275435670801
arabian gate,13.262754356708008
pictur hang,13.173593813113785
alley food,13.098520622936498
babe babe,13.090201205610787
stay ahead,13.031662310479124
stone stone,13.01500755597488
much older,12.933098928214584
blue-ey darl,12.898075787061952
work farm,12.833324091818287
lookin food,12.79134848673095
answer wind,12.777872175171147
51 run,12.746173248414813
drum gate,12.746173248414813
pawn game,12.746173248414813
hang frame,12.629116933523097
pictur frame,12.629116933523097
mama daddi,12.605301702307315
funni believ,12.513023847418275
gaze upon,12.454040379584805
much younger,12.409725632355055
chime flash,12.381659651035017
freedom flash,12.381659651035017
kitchen tombston,12.381659651035017
sweet mari,12.381659651035017
tonight sweet,12.381659651035017
vision johanna,12.381659651035017
darl young,12.333141570371996
tambourin jingle-jangl,12.298291737280266
shoe alley,12.258604404266372
shoe food,12.258604404266372
hand lord,12.249609049137582
rise head,12.17386034917472
mama factori,12.082258684708028
blue-ey son,12.04518857471649
highway 61,12.04518857471649
shoe lookin,11.951927542319485
honey allow,11.94667374124083
allow one,11.85976795106416
one favor,11.85976795106416
sleepi mr.,11.81550537593688
a-run a-run,11.811737315739164
bird sing,11.811737315739164
complet unknown,11.811737315739164
lieuten lieuten,11.811737315739164
philosoph fear,11.811737315739164
tombston blue,11.795497557106914
man jingle-jangl,11.605277887360046
man sleepi,11.605277887360046
honey chanc,11.60498682981302
tonight mari,11.590385432451754
maggi pa,11.559165468452921
juda priest,11.529267437141025
upon chime,11.487257646519865
upon freedom,11.487257646519865
play followin,11.411471055211365
play jingle-jangl,11.411471055211365
play sleepi,11.411471055211365
kind favor,11.411266430808716
one chanc,11.33388088755271
alon stone,11.306888919480572
complet roll,11.306888919480572
fear rag,11.306888919480572
god almighti,11.306888919480572
piti immigr,11.306888919480572
unknown roll,11.306888919480572
throw troubl,11.248880927572035
arabian sad-ey,11.231709370654762
lowland sad-ey,11.231709370654762
sad-ey lowland,11.231709370654762
stay awhil,11.152777496499288
gate wait,11.10267186987717
arabian put,11.064098504305594
blue-ey young,11.064098504305594
countri pie,11.064098504305594
sleepi go,11.064098504305594
time a-changin,11.064098504305594
warehous put,11.064098504305594
'm go,10.996126712376453
alley kitchen,10.99159142042581
food kitchen,10.99159142042581
mother mother,10.952760719783992
mama alley,10.911355172577752
jingle-jangl morn,10.907103466192298
morn followin,10.907103466192298
rain a-gonna,10.907103466192298
rain fall,10.907103466192298
bid farewel,10.904673371423142
philosoph critic,10.904673371423142
philosoph disgrac,10.904673371423142
critic fear,10.90467337142314
disgrac fear,10.90467337142314
stair a-run,10.90467337142314
make die,10.870196623419714
a-gonna blue-ey,10.802205444463825
dyin blanket,10.802205444463825
fall blue-ey,10.802205444463825
stay stay,10.802205444463825
ask honey,10.768042870135432
lookin babe,10.760754570041884
lookin kitchen,10.738983337998997
son darl,10.738983337998997
drum sad-ey,10.716448421655745
chanc allow,10.67447259280631
ten thousand,10.67447259280631
lord hand,10.647570807493533
song followin,10.620128386718376
song jingle-jangl,10.620128386718376
song sleepi,10.620128386718376
drum put,10.54900263650856
keep hand,10.503749346125057
wo see,10.469465453718806
home complet,10.467876203457177
critic rag,10.400154831259782
disgrac rag,10.400154831259782
jane jane,10.393457569726937
babe babe,10.3629826298699
sleepi place,10.3629826298699
friend blowin,10.312298764035088
captain dead,10.300062933504826
gate sad-ey,10.290513097454149
earli mornin,10.284074866022072
feel alon,10.243782635138253
die die,10.13446138633827
wo wo,10.13446138633827
put gate,10.123232407127075
food blue,10.105516167302596
rag tear,10.065920593826085
ticket throw,10.065920593826085
big brass,10.033914566316541
gal corrina,10.033914566316541
fennario march,10.017450241839638
found march,10.017450241839638
juggler believ,10.017450241839638
march fennario,10.017450241839638
disgrac critic,9.99826916651125
gaze flash,9.99826916651125
stair stair,9.99826916651125
babe light,9.997675041320978
ask live,9.983439308618712
maggi brother,9.966567572296906
jane queen,9.91232167982437
ladi lowland,9.817300545480432
ladi prophet,9.817300545480432
babi blue,9.811727709838603
alon everybodi,9.721270843815525
lowland say,9.721270843815525
prophet say,9.721270843815525
say warehous,9.721270843815525
night peggi,9.719980984633164
like roll,9.714652990788114
make make,9.690009596291397
cove spi,9.664199891133391
day stole,9.664199891133391
