NGRAM,VALUE,
hard hard hard,2684.207937806419
hard hard a-gonna,1865.6519837638239
hard hard rain,1763.5344494007863
hard hard fall,1746.4993404277361
graveyard hard hard,1434.0308704597398
hatr hard hard,1434.0308704597398
sing hard hard,1434.0308704597398
wound hard hard,1419.0240174972341
start hard hard,1403.66269901037
alley hard hard,1401.163459557712
children hard hard,1397.89545062266
cri hard hard,1395.6637609689242
mouth hard hard,1386.1566065952059
young hard hard,1377.8605148394727
work maggi maggi,1073.2266162172496
work work maggi,1072.7224985120165
maggi work maggi,1056.84442515152
work maggi work,1049.3268365440258
mr. tambourin man,1049.0190408028257
work maggi farm,996.0865087190141
tambourin man play,983.1816877599414
mr. tambourin song,970.2000405785186
mr. tambourin play,963.7236807377478
mr. man play,945.3742278878615
end mobil memphi,943.1123188545173
insid mobil memphi,930.3805331309163
tambourin man song,917.2416524922256
hard rain a-gonna,910.0938855732277
mr. man song,903.033298418317
man play song,902.0904111063207
mobil memphi blue,898.7331199187422
stuck mobil memphi,898.1426564737419
wo queen jane,891.7290308169027
mr. play song,879.7259980961602
mama stuck insid,879.6610005921295
tambourin play song,870.3025758821886
stuck insid mobil,868.1997833159746
see queen jane,866.3596462215435
work maggi pa,865.9799792220069
work maggi brother,848.2643221586147
pa work maggi,838.1685770666832
end stuck insid,833.9826946011038
stuck insid memphi,832.3614956093629
farm work maggi,828.8062673955748
end stuck memphi,825.7583934211715
fifty-four work maggi,820.5221065609378
plow hold lord,818.151284732153
happen mister jone,810.8628115277938
work maggi talk,804.2218453796565
end insid memphi,802.9209943942811
realli insid mobil,801.3305039070993
end insid mobil,800.4687284931031
stuck insid blue,795.1458212657622
end stuck mobil,793.9061362172414
mama end insid,781.7903291734747
tambourin man jingle-jangl,777.635199742776
leopard-skin pill-box hat,774.3936426368268
mama realli insid,772.2982667731144
keep plow hold,772.1447893480829
brand leopard-skin pill-box,770.7624189252207
hard a-gonna fall,770.1590367534266
mama end stuck,770.0857779861683
hand plow hold,762.1967314683848
easi jesus make,758.3558446563786
insid mobil blue,757.9665239008849
hard rain fall,756.46074611008
priest franki lee,754.2859319339843
new leopard-skin pill-box,751.5988702086615
stuck memphi blue,748.3924619466586
jane queen jane,748.0980613302686
insid memphi blue,742.8439274283083
jesus make jesus,739.448768987076
stuck mobil blue,735.8593334376235
brand pill-box hat,730.7958169813663
corrina gal corrina,730.5588064534496
lay across brass,728.7032406049625
queen jane queen,726.95371506933
man play sleepi,721.8171312264994
realli stuck insid,720.1059013454853
realli stuck mobil,719.6884650646368
someth happen mister,716.1529862563578
brand leopard-skin hat,716.0431418568031
brand new hat,715.1772456863457
go mr. tambourin,712.7568784872373
place mr. tambourin,711.5766754212854
lord keep plow,711.4049242000681
lay big brass,700.8239978037966
corrina corrina corrina,700.2909269581369
queen jane wo,698.0617907249125
man play jingle-jangl,697.4148768042123
realli end stuck,696.9404208179815
make jesus make,694.4568784312992
realli end mobil,689.3865237271127
want want want,688.0131317155402
brand new leopard-skin,687.2895997668006
mama realli stuck,684.7331896516982
go tambourin man,684.0720606669802
brand new pill-box,683.6499325055775
gaze chime freedom,683.324042638055
lord hand plow,677.3238537779193
play song followin,676.788286915168
jesus make die,676.6485035594342
someth mister jone,676.0525936537847
queen jane see,671.5946813058727
believ fix die,665.6737343815098
play song jingle-jangl,662.4272881641806
new pill-box hat,656.8267449063221
man play morn,656.7706644381053
go man play,655.7659439637716
lord fix die,649.082503539755
plow hold keep,649.0578016080304
play song sleepi,647.5717313695905
new leopard-skin hat,647.2283079832617
mama realli end,646.2310551256811
chime freedom flash,644.8330419731606
jesus jesus make,640.8308318760955
tambourin play jingle-jangl,640.0818038549501
someth happen jone,634.5414012709243
sad-ey ladi prophet,633.8465325875587
daddi alley lookin,633.7584497245127
upon chime freedom,633.5401768348905
corrina corrina gal,629.6855558605687
said franki lee,628.031063586057
wo see jane,625.9262938286884
spend peggi day,625.8381015568191
shoe daddi alley,625.1651177874455
realli end insid,624.776211817649
wo see queen,622.9235550338942
honey allow chanc,622.1910723995564
mama factori shoe,616.7042093980588
factori alley lookin,616.6903205513626
hold lord keep,616.352874139827
gate sad-ey ladi,614.2080208124571
factori daddi alley,613.7627008920767
hand hold lord,612.9418299216265
tambourin man 'm,612.3364454271914
sad-ey ladi lowland,610.1599286506712
lay lay brass,610.1313417129769
'm fix die,609.0612557521064
insid gate eden,607.8336626034306
lord plow hold,606.8206566657171
fix die hate,606.6874200161806
play song place,601.7992672553404
drum sad-ey ladi,599.2400844599824
factori daddi lookin,599.0134395788268
hand plow lord,595.9984730716013
'm tambourin man,595.9321500016179
factori shoe daddi,593.3156790181699
alley lookin food,592.8465184100573
factori shoe lookin,592.4267600291391
allow one chanc,592.2626775188184
'm mr. tambourin,592.0427980480166
lay lay across,591.5511695174617
jesus make make,591.3830851693444
daddi alley food,589.8980966591648
lookin food tombston,588.9200650708132
die fix die,588.8702889549306
fix die die,585.749681921511
play song morn,582.6323587540841
man song sleepi,582.6060587447826
ladi lay across,582.4849081913405
lookin kitchen tombston,580.224775872642
peggi day stole,578.6780575210305
keep hand plow,577.118460238293
man song jingle-jangl,574.5294500188672
want want bad,573.5816376629097
go mr. man,572.8172749338884
fix die mind,571.1690525050045
die easi jesus,570.9225765586023
lay lay lay,569.9066529890345
shoe daddi food,569.4644466384916
want want honey,568.3284133693529
night peggi day,567.6809536968801
sad-ey ladi wait,566.7218722196092
mama shoe daddi,566.2960275076862
kind favor ask,564.4075874526758
daddi lookin food,563.9667665706551
warehous arabian drum,563.9215037739204
fix die fix,563.7402525630725
much older younger,563.3631779399313
shoe daddi lookin,560.6064486417864
highway 51 run,559.0604824400297
mama daddi alley,558.491428611522
keep hand hold,554.9218952964687
lay ladi lay,552.669692041084
jesus make bed,552.5111872003163
alley lookin kitchen,552.4350685446748
tambourin song jingle-jangl,552.3519708386049
shoe alley lookin,551.5063921781975
queen see queen,551.2355432320746
honey allow one,549.912427315359
factori shoe alley,549.3725390894567
mama factori daddi,548.7475535904033
gal corrina gal,548.5963275926888
new york town,548.2346177462431
want bad honey,547.5603607096809
arabian drum gate,544.2012362808274
rain a-gonna fall,544.1577363131292
shoe lookin food,543.122450270974
go tambourin play,541.9652737030751
gaze upon freedom,541.7787017225724
plow lord keep,541.659612289078
sad-ey ladi sad-ey,541.4457769031458
arabian drum sad-ey,539.3214040687118
lay across big,539.0675238748
fix die feel,538.460632573194
put sad-ey ladi,538.3282512084122
lord keep hand,535.9138418060342
fix die die,535.6166015857096
man play 'm,533.0313890593679
gaze upon chime,532.6460340345051
tonight sweet mari,529.507333744814
kitchen tombston blue,529.0633611124811
corrina gal long,526.5309009569106
food kitchen tombston,523.5988093421391
answer blowin wind,522.1735785148443
arabian drum put,521.2092892090382
hold lord hand,514.4186750473334
shoe alley food,514.3526153079904
a-gonna fall blue-ey,513.9565845980528
mama factori alley,511.8860944701449
die jesus make,511.67722419485074
gaze chime flash,510.1502882901034
along cove spi,509.8571880786769
corrina gal mind,507.71136109429557
peggi day heart,507.3914427688363
jane see queen,507.24975313255925
mama shoe alley,503.6920727439802
gaze freedom flash,502.8288923062581
prophet say warehous,502.47720783413683
one favor ask,500.6231395702923
ladi lay big,500.2603927752159
peggi day poor,499.99428089308725
play jingle-jangl followin,499.8564028485818
keep hold lord,499.48953543336
play song 'm,499.4172708743722
allow chanc honey,498.68656785025667
food tombston blue,496.45653673638844
lay lay big,495.64354164536553
lay lay across,495.38071187323027
eye arabian drum,495.2336692468805
sad-ey lowland prophet,495.1595009615116
sad-ey sad-ey prophet,491.2232951259856
warehous arabian put,490.80646114407347
lowland sad-ey prophet,490.56013943737184
queen wo queen,489.8296230363419
a-gonna fall son,489.74488987406414
babe babe babe,488.9409753002801
man song morn,488.8993326919329
play morn followin,488.52473878512046
lookin food kitchen,488.19574164069957
gaze upon flash,487.94184364272314
favor ask favor,487.2539000667035
work farm maggi,487.0304644658552
daddi alley 'm,486.20074344162236
sleepi place mr.,486.0518926881441
jane wo queen,485.5270036020165
blue-ey son darl,483.69917872844735
a-run stair a-run,482.0039542713119
keep plow lord,480.3146797459009
jingle-jangl morn followin,479.69546015557194
song jingle-jangl followin,479.383084372962
one chanc allow,478.2137322660209
see queen see,478.12946912335747
alley food kitchen,477.55649125392705
blue-ey son young,475.75334344176486
much older 'm,475.47922530767283
lord lord plow,475.0975564524303
wo queen wo,474.3282261817608
warehous drum put,473.98332800766514
song jingle-jangl morn,473.72759366986327
jane see jane,471.5631460776082
arabian gate sad-ey,470.8666079277673
complet unknown roll,470.0605747545373
lord keep hold,469.11583215350436
maggi farm maggi,468.859720556967
hang pictur frame,468.7276888836053
town oxford town,468.294136066584
die make jesus,467.2836988385331
stair a-run stair,465.203763239874
ladi lowland sad-ey,464.97521548399004
ladi lay lay,463.69493555130606
sad-ey prophet say,463.2136573017815
morn thousand mile,463.0633015966585
hold lord lord,463.040201394664
oxford town town,462.2009509468327
fix die 'm,462.0968653239429
upon freedom flash,461.23953727752905
arabian put gate,460.94662356039385
lay across bed,459.66000453097104
ladi lowland prophet,459.0364302348215
oxford oxford town,458.6292871823026
fall blue-ey son,458.5580089278082
see queen wo,458.4205377107282
william zanzing philosoph,458.23803750690104
upon chime flash,456.6844866531201
lowland prophet say,456.62379019268406
oxford town oxford,456.4475985060317
drum gate sad-ey,454.35231045620253
drum put gate,454.29574052511805
