NGRAM,VALUE,
troubl troubl,141.22448903869244
night night,131.3671713392784
readi readi,80.61556741480439
brrr brrr,73.37824280186518
wiggl wiggl,72.64690651005975
hard hard,70.77569145795147
brr-brr brrr,66.08217580622647
play knick-knack,65.34775611796942
brrr brr-brr,63.44909757728061
shine light,62.155473156458164
wake strengthen,57.2532245613541
let let,56.16327899477515
-lrb- -rrb-,53.39940987238266
serv somebodi,51.5724119809072
god know,51.56702065520424
cri cri,51.42609298198829
mrs. henri,51.035533459152965
wan nobodi,50.26639771061228
wake wake,47.05058625250754
day day,46.98040334460354
need shot,46.96138075165556
knick-knack paddywhack,46.678766080457955
wan wan,45.82321097033373
far shore,45.75044477079709
light shine,45.65117276809585
fool fool,45.36931028264045
stop cri,44.74805379685553
locust sang,44.46073282307988
work maggi,44.34536862170431
weekend weekend,44.02341861682818
'm 'm,43.552791073161
boogi woogi,43.45956589940529
noel noel,43.45956589940529
shine shine,43.39482268826073
suckl tree,43.34181005388994
narrow work,42.62934893453738
ten thousand,41.61614548295841
� good,41.33499348809206
troubl nothin,41.27547776373183
nobodi wan,40.991002464262046
handi dandi,40.143220725657365
sarah jane,40.14162345449671
appl suckl,39.74951360016476
shore driftin,39.62357324726765
anim begin,39.524454868782655
cri stop,39.501239089358684
stop cri,39.501239089358684
name begin,37.65678612202786
work someday,36.86916750325643
lordi lordi,36.17140750992329
neighborhood bulli,35.74145363952531
one weekend,35.71014290558386
henri pleas,35.66061475987698
long narrow,35.50434157514344
true love,35.18918617286716
'd like,34.908685309658374
light light,34.842815019846576
ho ho,34.37413015141641
pleas cri,34.32626023185829
-rrb- -lrb-,34.22298557813191
wake remain,33.991239896802256
serv may,33.73373705326295
-lrb- hell,33.10261170574485
hell -rrb-,33.10261170574485
mrs. pleas,33.066435958102495
henri henri,32.89316041305101
wake thing,32.69672917463241
lordi lord,31.9117195683047
babe blood,31.19880126340552
mr. bojangl,31.11669512209714
love love,30.972191231024105
gave begin,30.94344718854432
bojangl danc,30.743436346281207
somebodi may,30.733083615691243
rememb end,30.624210503133526
appl tree,30.563492093169593
work work,30.3037308429586
knick-knack give,30.288842343959125
good good,29.811727057649353
stop stop,29.773448760712746
noel born,29.550979166764048
pleas mrs.,29.07577844178952
behold lo,28.97304393293686
lo behold,28.97304393293686
may may,28.886484343652675
babi babi,28.85900804581103
away dixi,28.8509018809204
anybodi seen,28.739139954523672
hard a-gonna,28.716304916171072
shot love,28.68715829249764
rose dead,28.561862617564564
jack heart,28.54982696857687
diseas conceit,28.137464260681597
day gold,28.1209085481393
blood eye,27.953039979514706
ira hay,27.585208005994083
death end,27.27044298385622
santa claus,27.237733593265418
boogi woogi,27.21815643077339
boogi boogi,27.21815643077339
woogi boogi,27.21815643077339
woogi woogi,27.21815643077339
corrina corrina,26.887473048511968
lord lord,26.707913352108154
burn fire,26.52269553846674
glad glad,26.455488383477004
forev young,26.44344718854432
mrs. mrs.,26.411605485166866
pleas stop,26.32346285571249
driftin far,26.301844204515852
us ador,26.15946476626953
tree appl,26.06879780872501
name anim,25.97304393293686
rainin leve,25.71065540918584
away away,25.511102002586806
ya tell,25.21104241111533
want want,25.18871586606538
new morn,25.13341210482663
way work,24.923133437899214
stop babi,24.88387907536696
tree underneath,24.799802530878534
lawd lawd,24.727931435100327
drunken hay,24.632414380304116
old play,24.609780329511892
day 49,24.60131790100979
sang locust,24.46554291134931
end end,24.237155124753855
thank lord,24.09148104322894
brr-brr brr-brr,23.96964210666868
burn burn,23.968229957718886
wiggl wiggl,23.796329103841323
hard rain,23.611107815868312
rainin break,23.550979166764048
duquesn blow,23.487047648027808
sara sara,23.361637089952627
begin name,23.349636579188438
drunken ira,23.341329851225762
live polit,23.341329851225762
whiskey-drink marin,23.339383040228977
dead believ,23.256990917191146
heavi bottl,23.197924219313055
beyond horizon,23.14585133155668
weekend one,23.08011079670869
tweedle-de dee,23.061804759257114
answer marin,22.99562423085414
answer whiskey-drink,22.99562423085414
bash ooh,22.99562423085414
ooh ooh-e,22.99562423085414
christma christma,22.955272294817433
sad-ey prophet,22.93063620952178
tell henri,22.810191367396637
'm glad,22.798146678037256
may serv,22.695900473278414
burn ring,22.681797025644492
drunken answer,22.6518654214793
cri babi,22.602616176339936
broken broken,22.443277737766884
stone stone,22.44222959545971
street joey,22.434079878650326
long long,22.39721284423903
hay whiskey-drink,22.39310398209465
fix die,22.374026898427765
long time,22.2688984215254
new york,22.19997672820894
wo let,22.175836768594984
indian marin,22.12581597230337
whiskey-drink indian,22.12581597230337
dixi away,22.05986002734453
hay answer,22.049345172719814
leve break,22.0434781451765
lord lordi,21.97189455942621
uh-huh next,21.918808202579598
answer indian,21.782057162928538
clay joey,21.73551796751017
roman king,21.729782949702646
boogi countri,21.694249668830565
woogi countri,21.694249668830565
gave anim,21.497484643947836
lamb save,21.46995921050779
goin goin,21.446824923960328
franki lee,21.43675829550444
johnni johnni,21.347451696457437
press press,21.347451696457437
summertim summertim,21.347451696457437
bottl bread,21.179536914169045
tree tree,21.161453256225297
day old,21.147293500629367
earli roman,21.140118624523257
ooh babi,21.117545820268244
slow train,21.077324580157402
tambourin man,21.02438449383842
tambourin play,21.02438449383842
end rememb,21.023203669300088
corrina gal,20.97551261907328
father father,20.961617327125456
flora lili,20.875631964466766
ira answer,20.875631964466766
-rrb- hell,20.86982004288179
hard time,20.852067684157852
dollar bash,20.839383040228974
mobil memphi,20.69606180776873
49 day,20.650176829106012
hell time,20.594827776435054
cri pleas,20.544323485020907
shore shore,20.52529312625378
slow comin,20.482587075109304
shelter storm,20.47926711618721
scarlet town,20.377287033446787
forev forev,20.3753315688102
black davey,20.319650911125642
gave name,20.252372146111306
hell man,20.17937928049594
lay brass,20.145437620515594
lay lay,20.145437620515594
know know,19.967605130597878
babi ooh-e,19.96417715409568
dream late,19.920955376107656
break dawn,19.89485704317827
wrong hurt,19.796362865776153
paddywhack bone,19.756984522038714
-lrb- man,19.755261677345853
pleas henri,19.745114580750723
wiggl till,19.66318050770079
mr. tambourin,19.62581597230337
like like,19.62072524290263
narrow sure,19.58758860508283
keep rainin,19.58519488210196
mr. danc,19.58519488210196
one one,19.505250887270353
lo behold,19.501581430740867
play paddywhack,19.49925078962845
ugli ugli,19.479782949702646
wiggl wiggl,19.472583121922607
may call,19.433598757828122
mr. man,19.420033858816417
good babi,19.385590833894064
million bash,19.376976788426084
ooh-e million,19.376976788426084
treat unkind,19.28299155688938
paddywhack dog,19.258712501480197
henri mrs.,19.172684310852155
'm go,19.170946662792257
pretti polli,19.13777598945128
save glad,19.097451696457437
-lrb- ugli,19.022961608144687
ugli -rrb-,19.022961608144687
wa-hooo wa-hooo,18.986521966468427
behold lookin,18.975512619073278
desol row,18.975512619073278
knock knockin,18.975512619073278
stuck mobil,18.975512619073278
god god,18.937041538952734
man play,18.931190280224087
alberta treat,18.925546174321536
clean-cut kid,18.92194604445458
work sure,18.886486350005327
begin gave,18.87407729019941
roll john,18.872892135501957
knick-knack dog,18.812718441940536
brrr brrr,18.71957626250078
marin war,18.719390773841603
whiskey-drink war,18.719390773841603
man play,18.70938594744786
ya henri,18.70679424493109
jack davey,18.68945916967641
brownsvill curl,18.671506432183183
silver gold,18.660827996014962
shake shake,18.635662616188657
gold day,18.61384337864303
burn ring,18.60112648689571
allow chanc,18.597068748450432
sad-ey ladi,18.588792543744958
wed supper,18.530727776400386
tambourin song,18.43069773029176
jesus make,18.40417438346301
mama stuck,18.396499384683313
strengthen remain,18.396499384683313
stuck memphi,18.396499384683313
black jack,18.371103815567352
heart yearn,18.349157183511984
bird fli,18.339383040228974
knick-knack knick-knack,18.339383040228974
clean-cut killer,18.331656429298555
away south,18.309277377903946
round spin,18.299773341560513
henri appl,18.25506178819907
anymor marin,18.250323265902175
anymor whiskey-drink,18.250323265902175
long way,18.233083615691243
shot shot,18.170179294545612
new orlean,18.163617323080043
true tend,18.16340972050048
plow hold,18.145437620515594
babe eye,18.128914400591235
hang low,18.121559963608945
right ya,18.112249464101193
jane set,18.086938920916925
keep leve,18.07769386051441
bone roll,18.061804759257114
broken broken,18.04514543355459
