NGRAM,VALUE,
night night night,1860.1451704005826
troubl troubl troubl,1185.0859035857584
hard hard hard,680.9684404424003
brrr brr-brr brrr,628.1305909380311
shine light shine,607.3339166232918
readi readi readi,591.2915700128414
light shine light,569.5983542532944
troubl troubl nothin,550.7456403614304
cri stop cri,526.6107620367321
wake wake strengthen,477.9475964562173
mrs. henri pleas,469.81523137555376
brr-brr brrr brrr,461.1370432208311
weekend one weekend,450.42773875454424
brrr brrr brr-brr,440.5107872260212
stop cri stop,419.67200776900637
serv somebodi may,417.34405740732524
hard hard rain,413.8482112029438
wake strengthen thing,408.459449334459
pleas stop cri,398.9720923390048
noel noel born,394.6148135852246
play knick-knack paddywhack,391.00982062443626
stop cri babi,390.3345896569316
boogi woogi boogi,380.6178771692807
lordi lord lordi,368.1108904857263
name anim begin,357.406758059771
knick-knack paddywhack give,356.1711836832452
wake wake thing,351.87980161931864
fool fool fool,345.7139939194705
brrr brrr brrr,339.6631611248841
narrow way work,334.27136392206967
one weekend one,333.1452149618751
gave anim begin,330.5534023258368
wake strengthen remain,329.1284605513338
gave name begin,323.0827273388176
mr. bojangl danc,316.9511590451224
let wo let,316.82498115898426
-lrb- hell -rrb-,312.1126171796886
way work someday,311.2306381969458
pleas mrs. henri,308.17407195545945
appl suckl tree,306.0580693252646
long narrow way,305.7713344844939
rememb death end,305.1492986533236
lord lordi lord,302.74111376720833
troubl nothin troubl,298.15892438072154
man play knick-knack,290.7405754283051
burn ring fire,282.35264288442346
day old day,272.4171537710365
let let let,268.62870311265027
wake thing remain,268.41780668973206
-lrb- hell time,262.08148146244935
hell time -rrb-,262.08148146244935
-lrb- hell man,260.41968747869294
hell man -rrb-,260.41968747869294
lo behold lookin,258.7257014375333
sarah jane nothin,257.4366606873192
hard rain a-gonna,255.8696216889788
babe blood eye,250.76394850036496
-lrb- man -rrb-,249.75036346399537
noel noel noel,246.72570143753325
woogi boogi woogi,246.72570143753325
hard hard a-gonna,242.18156430773385
-lrb- time -rrb-,237.51862822712033
cri babi pleas,237.06371613974818
dream babi late,235.60800336221132
forev young forev,234.62417823779765
wan nobodi wan,234.58863623131955
old man play,233.18569042932498
wo let let,231.58189942402964
brr-brr brr-brr brrr,230.56852161041556
brr-brr brrr brr-brr,230.56852161041556
rainin leve break,226.02698829514569
morn new morn,225.5862362214655
boogi woogi countri,224.63007438976194
need shot love,223.9360901161427
young forev young,221.6867310940467
true love tend,220.99830960448693
gave name anim,218.86256429888488
drunken ira hay,218.4603894181868
good babi honey,217.33594690168064
new morn new,215.84700888599468
slow train comin,214.75893663395019
burn burn ring,213.38082698457987
anim begin gave,213.34938487523732
shine shine light,212.9122935832293
hell time man,210.3885517614538
keep rainin leve,210.16385115649734
blood eye babe,209.89052687352282
answer whiskey-drink marin,209.4904040771209
boogi woogi girl,208.6866014202255
begin gave name,208.36893488389123
god know god,207.6583499167586
love true love,207.19303438537554
-rrb- -lrb- hell,206.4333967313808
away south dixi,206.10973523470935
dixi away south,206.10973523470935
whiskey-drink indian marin,206.01117104291785
hay answer whiskey-drink,205.7052878445836
answer indian marin,204.6361358054185
answer whiskey-drink indian,204.6361358054185
knick-knack paddywhack dog,204.50957163683694
49 day gold,204.44033551394125
drunken hay answer,204.33025260708428
mrs. henri mrs.,204.05018354285465
stay forev young,202.85575546024364
know god know,202.6811860481773
away away dixi,201.93955868610357
keep rainin break,201.52514618681016
drunken ira answer,199.63539977407206
slow train around,198.79991297792753
shine light light,198.39861574861496
ira hay answer,197.2253187790341
day 49 day,196.59690212347306
slow comin around,196.42096295773516
keep leve break,195.49514210045993
like 'd unto,194.9798524579336
play knick-knack knick-knack,194.56794010468928
may lord serv,193.56579754500524
henri mrs. henri,192.85555389315704
whiskey-drink marin war,192.38547024907075
tambourin man play,192.3454509434958
burn ring ring,191.9124131012872
right ya unto,191.4769359445596
knick-knack knick-knack paddywhack,190.86543931462023
anymor whiskey-drink marin,190.50920021731304
street clay joey,190.12038495098395
'm glad glad,190.11367617761562
glad 'm glad,190.11367617761562
brrr brr-brr brr-brr,189.51009061700833
answer anymor marin,189.1341649798137
answer anymor whiskey-drink,189.1341649798137
play play knick-knack,188.67135820204695
hair hang low,188.24368852110416
far shore shore,188.2279739421581
shore far shore,188.2279739421581
wiggl wiggl like,188.1875200318589
burn burn fire,187.53120197736834
indian marin war,187.53120197736834
whiskey-drink indian war,187.53120197736834
child clay joey,187.2253187790341
mr. tambourin man,186.75117685735557
mr. tambourin play,186.75117685735557
hay anymor whiskey-drink,186.72408398477575
henri mrs. pleas,186.68067581919996
boogi countri girl,186.59097437245418
woogi countri girl,186.59097437245418
die easi jesus,186.55001602548714
knick-knack paddywhack bone,186.5358452418592
press 'm press,186.26690382075188
-lrb- time man,185.8256985261247
time man -rrb-,185.8256985261247
anymor indian marin,185.6549319456106
anymor whiskey-drink indian,185.6549319456106
hay answer anymor,185.34904874727636
million dollar bash,185.01581430740868
death end rememb,184.77029268100893
end rememb death,184.77029268100893
man name anim,184.74011719851387
tree appl suckl,184.50557427716402
answer anymor indian,184.2798967081113
narrow sure work,184.09651352815678
narrow work sure,184.09651352815678
tambourin man song,181.97070388930916
tambourin play song,181.97070388930916
blue new morn,181.7494786078467
noel born king,181.67471644511647
black jack davey,181.561850553496
hard a-gonna fall,181.45437620515594
suckl tree underneath,180.87987348331694
ira answer anymor,180.6541959142642
paddywhack dog bone,180.21316308686406
narrow work work,180.0048569769003
anim begin man,179.22693777486631
man anim begin,179.22693777486631
tree underneath appl,178.65594926995246
thing wrong hurt,178.5250867899969
one weekend weekend,178.3717504101959
ira hay anymor,178.2441149192262
shine shine shine,178.07763999562655
live polit world,178.03979257292264
weari hard time,177.59595340408634
mr. man play,177.49118267179338
end end rememb,177.4904018191632
rememb end end,177.4904018191632
plow hold lord,177.39445260839756
mr. tambourin song,176.37642980316897
babi stop cri,176.14167418691542
bright roll john,175.77481545100127
henri henri pleas,175.48604616950243
noel noel king,174.67624823714448
somebodi may devil,174.4656129232328
save 'm glad,174.26690382075188
begin man name,174.2464877835202
man name begin,174.2464877835202
name begin man,174.2464877835202
dixi away away,174.0000827591471
somebodi may lord,173.95826653083307
whiskey-drink marin went,173.531895908482
wo answer whiskey-drink,173.40231165036568
god know know,172.9731665013438
babi pleas stop,172.927685920489
joey king street,172.75072900932187
man play song,172.71070970374694
day old gold,172.6740712499571
let let wo,172.6261803393537
sure work someday,172.57615066559487
work sure someday,172.57615066559487
jesus make jesus,172.22201173483424
forev young may,172.18942976604507
drunken wo answer,172.02727641286629
hay wo whiskey-drink,170.99223065532772
nobodi wan wan,170.96102718214354
wan wan nobodi,170.96102718214354
day gold day,170.59690212347306
knick-knack dog bone,170.21316308686406
wo whiskey-drink indian,169.92307861616257
far far shore,169.88742627390064
far shore far,169.88742627390064
joey king child,169.85566283737202
long narrow sure,169.8464988093689
drunken hay wo,169.61719541782833
hay wo answer,169.61719541782833
locust sang locust,169.3157605328585
mobil memphi blue,169.3038319556594
good � good,169.2994250023507
� good good,169.2994250023507
dead man aris,169.02185404747246
ya tell henri,168.97034708776985
stuck mobil memphi,168.80834800925712
brownsvill curl teeth,168.6923514516962
indian marin went,168.67762763677956
whiskey-drink indian went,168.67762763677956
wo answer indian,168.54804337866327
sang locust sang,168.52859496160545
work work someday,168.48449411433833
knick-knack give dog,168.45173941653948
easi jesus make,168.1295687208134
wo let wo,168.04165170984257
jane nothin set,167.8393242256755
behold lookin lo,167.80410095258625
man -rrb- -lrb-,167.62123000518017
want thank lord,167.26901502462047
mr. man song,167.11643561760673
mr. play song,167.11643561760673
work sure work,167.01856227484024
man gave anim,166.8378800425578
heart burn yearn,166.74714056309824
give shelter storm,166.64512814545554
light shine shine,166.46669772793513
road narrow work,166.35376788235857
ho ho ho,166.1169266925973
burn fire ring,166.0627880940756
stuck insid mobil,166.02496158189467
long narrow work,165.75484225811238
joey street child,165.52606876461098
street child joey,165.52606876461098
knock knock knockin,165.22867619348736
let hang low,164.96299900657954
drunken ira wo,164.92234258481616
ira wo answer,164.92234258481616
god god know,164.8281256432006
want bad honey,164.7785435057154
death end end,164.68503146886076
end end death,164.68503146886076
lo behold lo,164.4838009583555
other like 'd,163.92401253956265
end mobil memphi,163.84391380927514
heaven knock knockin,163.78409822835278
knock knockin heaven,163.78409822835278
paddywhack give bone,163.7559977688615
mama stuck insid,163.7089086443348
stuck insid memphi,163.7089086443348
shore driftin shore,163.59765832358562
shore shore driftin,163.59765832358562
ooh babi ooh-e,163.5210526532486
away away south,163.4546690145777
let hair hang,162.8229521114774
ira hay wo,162.51226158977823
burn bright roll,162.37934830893212
insid mobil memphi,162.3495086327963
man gave name,161.85743005121168
paddywhack give dog,161.7629096866275
rambl break dawn,161.70635007435914
away across wide,160.66796551130815
may stay forev,160.3038319556594
earli roman king,160.2953053098994
narrow way sure,160.2273385122914
true love true,159.94246968611597
clean-cut kid killer,159.9249560917079
let hair low,159.29817767479688
bone came roll,159.05123291181883
wan rambl break,158.6571328532933
need shot shot,158.42113493656083
shot need shot,158.42113493656083
hope readi readi,158.35221751619116
lay ladi lay,158.3030849271801
knick-knack knick-knack give,158.0855918416226
heaven knock knock,157.88837347502314
knock knock heaven,157.88837347502314
paddywhack bone old,157.75840274236916
babi pleas cri,157.03505265108717
