NGRAM,VALUE,
whose sake,10.106808275883088
eye tooth,9.19991768027457
hangin foundat,8.936883274440776
hangin solid,8.936883274440776
prayer unto,8.936883274440776
solid foundat,8.936883274440776
sorri sorri,8.936883274440776
summertim stranger,8.936883274440776
unto forev,8.936883274440776
speak dare,8.784880180995724
aris cobweb,8.521845775161934
heal crippl,8.521845775161934
ooh stand,8.521845775161934
block sit,8.521845775161932
closer prayer,8.521845775161932
driftin driftin,8.521845775161932
grain sand,8.521845775161932
grate forev,8.521845775161932
hangin made,8.521845775161932
hangin rock,8.521845775161932
higher call,8.521845775161932
intend closer,8.521845775161932
lamb save,8.521845775161932
made foundat,8.521845775161932
make prayer,8.521845775161932
make unto,8.521845775161932
page age,8.521845775161932
rock foundat,8.521845775161932
solid made,8.521845775161932
solid rock,8.521845775161932
spoke citi,8.521845775161932
unto grate,8.521845775161932
ah-a summertim,8.35192077371962
press higher,8.35192077371962
age groom,8.19991768027457
creation honor,8.19991768027457
creation neither,8.19991768027457
curtain age,8.19991768027457
curtain risin,8.19991768027457
doin dump,8.19991768027457
drown watered-down,8.19991768027457
east gibraltar,8.19991768027457
east rock,8.19991768027457
forgiv one,8.19991768027457
gibraltar curtain,8.19991768027457
gibraltar page,8.19991768027457
honor forgiv,8.19991768027457
honor one,8.19991768027457
jordan east,8.19991768027457
jordan gibraltar,8.19991768027457
jordan rock,8.19991768027457
late a-rollin,8.19991768027457
lenni bruce,8.19991768027457
neither forgiv,8.19991768027457
neither honor,8.19991768027457
neither one,8.19991768027457
page curtain,8.19991768027457
page risin,8.19991768027457
properti resent,8.19991768027457
risin age,8.19991768027457
risin groom,8.19991768027457
rock gibraltar,8.19991768027457
rock page,8.19991768027457
sundown sure,8.19991768027457
sundown u.s.a.,8.19991768027457
sundown union,8.19991768027457
sure greed,8.19991768027457
sweetheart doin,8.19991768027457
sweetheart dump,8.19991768027457
troubl think,8.19991768027457
u.s.a. sure,8.19991768027457
union sure,8.19991768027457
union u.s.a.,8.19991768027457
wan watered-down,8.19991768027457
west gibraltar,8.19991768027457
west rock,8.19991768027457
west gibraltar,8.19991768027457
west jordan,8.19991768027457
west rock,8.19991768027457
closer make,8.106808275883088
rock made,8.106808275883088
age waitin,7.936883274440777
dead aris,7.936883274440777
heart mine,7.936883274440777
new age,7.936883274440777
stay closer,7.936883274440777
heaven forev,7.936883274440776
intend stay,7.936883274440776
jokerman nightingal,7.936883274440776
jokerman tune,7.936883274440776
known unto,7.936883274440776
mine mine,7.936883274440776
nightingal tune,7.936883274440776
page new,7.936883274440776
prayer heaven,7.936883274440776
prayer known,7.936883274440776
press call,7.936883274440776
seen shootin,7.936883274440776
unto heaven,7.936883274440776
a-rollin across,7.936883274440775
black coat,7.936883274440775
curtain new,7.936883274440775
groom altar,7.936883274440775
groom waitin,7.936883274440775
late across,7.936883274440775
new groom,7.936883274440775
properti bone,7.936883274440775
resent bone,7.936883274440775
risin new,7.936883274440775
save grace,7.936883274440775
sure til,7.936883274440775
til greed,7.936883274440775
u.s.a. til,7.936883274440775
rose dead,7.900357398415663
away licens,7.877989585387209
teardrop fall,7.877989585387209
wan drown,7.877989585387209
readi meet,7.821406057020841
yesterday memori,7.784880180995725
yesterday tomorrow,7.784880180995725
everybodi adjust,7.714490853104327
forgiv see,7.714490853104327
idea greed,7.714490853104327
jesus resent,7.714490853104327
jokerman bird,7.714490853104327
licens kill,7.714490853104327
nightingal bird,7.714490853104327
nightingal fli,7.714490853104327
one see,7.714490853104327
properti jesus,7.714490853104327
resent better,7.714490853104327
sure idea,7.714490853104327
tune bird,7.714490853104327
tune fli,7.714490853104327
u.s.a. idea,7.714490853104327
waitin altar,7.6738488686069815
blood lamb,7.647376657245791
hope readi,7.628760979078445
everyth broken,7.614955179553415
dead believ,7.578429303528299
anybodi seen,7.574313195056068
aris dust,7.521845775161934
blind crippl,7.521845775161934
clean-cut kid,7.521845775161934
clean-cut killer,7.521845775161934
cobweb dust,7.521845775161934
heal blind,7.521845775161934
kid killer,7.521845775161934
worth rose,7.521845775161934
dream late,7.521845775161932
creation natur,7.521845775161931
danc nightingal,7.521845775161931
danc tune,7.521845775161931
garden spoke,7.521845775161931
handl yesterday,7.521845775161931
heart mine,7.521845775161931
heaven grate,7.521845775161931
jokerman danc,7.521845775161931
known grate,7.521845775161931
make heaven,7.521845775161931
make known,7.521845775161931
mine heart,7.521845775161931
natur forgiv,7.521845775161931
natur honor,7.521845775161931
natur neither,7.521845775161931
natur one,7.521845775161931
save lamb,7.521845775161931
save save,7.521845775161931
stay make,7.521845775161931
bird fli,7.49209843176788
memori tomorrow,7.462952086108364
bone better,7.451456447270533
bone stone,7.451456447270533
idea til,7.451456447270533
jesus bone,7.451456447270533
see real,7.451456447270533
see live,7.451456447270533
shore driftin,7.434382933911592
depart readi,7.406368557741995
pack readi,7.406368557741995
readi judgment,7.406368557741995
readi terribl,7.406368557741995
away kill,7.392562758216967
came garden,7.351920773719619
driftin driftin,7.351920773719619
etern summertim,7.351920773719619
friend prayer,7.351920773719619
intend friend,7.351920773719619
long black,7.351920773719619
made sure,7.351920773719619
made u.s.a.,7.351920773719619
press press,7.351920773719619
seen star,7.351920773719619
shootin star,7.351920773719619
summertim ah-a,7.351920773719619
summertim long,7.351920773719619
summertim summertim,7.351920773719619
sundown made,7.351920773719619
union made,7.351920773719619
let chastis,7.299453353825484
let way,7.299453353825484
save glad,7.299453353825484
danc bird,7.299453353825483
danc fli,7.299453353825483
fli jokerman,7.299453353825483
invit troubl,7.236443556299685
none troubl,7.236443556299685
solut troubl,7.236443556299685
troubl nothin,7.236443556299682
save blood,7.232339157966946
better stone,7.229064025934085
fall sky,7.229064025934085
jesus better,7.229064025934085
rose believ,7.199917680274572
apart yesterday,7.106808275883088
long coat,7.0888863678858245
aris upon,7.062414156524636
cobweb upon,7.062414156524636
fall apart,7.0624141565246354
blood save,7.062414156524635
driftin far,7.062414156524635
show sign,7.062414156524635
pure drown,7.029992678832259
pure wan,7.029992678832259
believ rose,7.007272602332176
burn curtain,6.977525258938122
burn risin,6.977525258938122
gibraltar burn,6.977525258938122
money honey,6.977525258938122
rock burn,6.977525258938122
apart handl,6.936883274440777
dead cobweb,6.936883274440777
handl apart,6.936883274440777
live polit,6.936883274440777
shootin thought,6.936883274440777
closer friend,6.936883274440776
friend make,6.936883274440776
intend thank,6.936883274440776
known heaven,6.936883274440776
lamb lamb,6.936883274440776
never call,6.936883274440776
nightingal high,6.936883274440776
ring bell,6.936883274440776
save save,6.936883274440776
thank prayer,6.936883274440776
thank unto,6.936883274440776
tune high,6.936883274440776
watered-down pure,6.936883274440776
yesterday suppos,6.936883274440776
driftin far,6.869769078582239
made idea,6.866493946549377
rose rose,6.843773870049294
readi lay,6.821406057020841
infin troubl,6.821406057020839
troubl air,6.821406057020839
troubl drought,6.821406057020839
troubl nightclub,6.821406057020839
want drown,6.821406057020839
glad glad,6.814026526655244
driftin far,6.799379750690842
apart memori,6.784880180995725
apart tomorrow,6.784880180995725
dare rose,6.784880180995725
think mayb,6.784880180995725
far shore,6.7823062373319
satan peac,6.7669582729984645
sometim satan,6.7669582729984645
anybodi anybodi,6.766958272998463
driftin driftin,6.766958272998463
thank lord,6.756311028798956
clean-cut made,6.71449085310433
kid made,6.71449085310433
made killer,6.71449085310433
bird high,6.714490853104328
fli high,6.714490853104328
foundat let,6.714490853104328
tune light,6.714490853104328
burn new,6.714490853104327
tell intend,6.714490853104327
wrong side,6.714490853104327
trust trust,6.685344507444812
rememb end,6.666485480193495
fall yesterday,6.647376657245791
spoke hear,6.614955179553415
woman block,6.614955179553415
citi hear,6.614955179553413
diseas conceit,6.614955179553413
memori suppos,6.614955179553413
neighborhood bulli,6.614955179553413
tomorrow suppos,6.614955179553413
woman sit,6.614955179553413
stand stand,6.521845775161934
dead rose,6.521845775161932
high jokerman,6.521845775161932
stand dead,6.521845775161932
closer thank,6.521845775161931
lamb save,6.521845775161931
thank make,6.521845775161931
readi readi,6.513283761658508
want wan,6.499477962133479
