NGRAM,VALUE,
instead speak dare,19.721763455436502
hangin solid foundat,19.288804048160394
hangin made foundat,18.873766548881555
hangin rock foundat,18.873766548881555
hangin solid made,18.873766548881555
hangin solid rock,18.873766548881555
make prayer unto,18.873766548881555
solid made foundat,18.873766548881555
solid rock foundat,18.873766548881555
unto grate forev,18.873766548881555
eye tooth creation,18.814872859827986
speak dare multitud,18.721763455436502
closer make prayer,18.45872904960271
hangin rock made,18.45872904960271
rock made foundat,18.45872904960271
solid rock made,18.45872904960271
hope readi judgment,18.343251832182773
came garden son,18.288804048160394
prayer known unto,18.288804048160394
prayer unto heaven,18.288804048160394
press higher call,18.288804048160394
unto heaven forev,18.288804048160394
reason roam let,18.23633662826626
page curtain age,18.136800954715348
page risin age,18.136800954715348
heaven grate forev,17.873766548881555
intend stay closer,17.873766548881555
known unto grate,17.873766548881555
make known unto,17.873766548881555
make prayer heaven,17.873766548881555
make prayer known,17.873766548881555
make unto heaven,17.873766548881555
page new age,17.873766548881555
unto heaven grate,17.873766548881555
creation neither honor,17.814872859827986
curtain risin age,17.814872859827986
east rock gibraltar,17.814872859827986
gibraltar page curtain,17.814872859827986
honor forgiv one,17.814872859827986
jordan east gibraltar,17.814872859827986
jordan east rock,17.814872859827986
jordan rock gibraltar,17.814872859827986
neither forgiv one,17.814872859827986
neither honor forgiv,17.814872859827986
neither honor one,17.814872859827986
page curtain risin,17.814872859827986
risin age groom,17.814872859827986
rock gibraltar page,17.814872859827986
sundown u.s.a. sure,17.814872859827986
sundown union sure,17.814872859827986
sundown union u.s.a.,17.814872859827986
sweetheart doin dump,17.814872859827986
union u.s.a. sure,17.814872859827986
wan drown watered-down,17.814872859827986
west rock gibraltar,17.814872859827986
west jordan gibraltar,17.814872859827986
west jordan rock,17.814872859827986
west rock gibraltar,17.814872859827986
summertim summertim stranger,17.70384154743924
age groom waitin,17.551838453994193
curtain new age,17.551838453994193
curtain risin new,17.551838453994193
late a-rollin across,17.551838453994193
new age groom,17.551838453994193
properti resent bone,17.551838453994193
risin new age,17.551838453994193
risin new groom,17.551838453994193
sure til greed,17.551838453994193
u.s.a. sure til,17.551838453994193
page curtain new,17.55183845399419
page risin new,17.55183845399419
aris cobweb dust,17.45872904960271
heal blind crippl,17.45872904960271
stay closer make,17.45872904960271
yesterday memori tomorrow,17.39983536054914
forgiv one see,17.329446032657742
properti jesus resent,17.329446032657742
sure idea greed,17.329446032657742
u.s.a. sure idea,17.329446032657742
groom waitin altar,17.288804048160397
closer friend prayer,17.288804048160394
friend make prayer,17.288804048160394
intend closer friend,17.288804048160394
jokerman nightingal tune,17.288804048160394
known unto heaven,17.288804048160394
prayer known heaven,17.288804048160394
sword came garden,17.288804048160394
thank prayer unto,17.288804048160394
help none troubl,17.173326830740457
creation natur honor,17.136800954715348
creation natur neither,17.136800954715348
natur forgiv one,17.136800954715348
natur honor forgiv,17.136800954715348
natur honor one,17.136800954715348
natur neither forgiv,17.136800954715348
natur neither honor,17.136800954715348
natur neither one,17.136800954715348
summertim ah-a summertim,17.118879046718085
idea til greed,17.06641162682395
jesus resent bone,17.06641162682395
jokerman nightingal bird,17.06641162682395
jokerman tune bird,17.06641162682395
nightingal tune bird,17.06641162682395
nightingal tune fli,17.06641162682395
properti jesus bone,17.06641162682395
resent bone better,17.06641162682395
sure idea til,17.06641162682395
u.s.a. idea til,17.06641162682395
away licens kill,17.00751793777038
aris cobweb upon,16.999297430965413
made u.s.a. sure,16.966875953273036
sundown made sure,16.966875953273036
sundown made u.s.a.,16.966875953273036
sundown union made,16.966875953273036
union made sure,16.966875953273036
union made u.s.a.,16.966875953273036
closer friend make,16.873766548881555
closer thank prayer,16.873766548881555
danc nightingal tune,16.873766548881555
dead aris cobweb,16.873766548881555
heart mine mine,16.873766548881555
intend closer thank,16.873766548881555
jokerman danc nightingal,16.873766548881555
jokerman danc tune,16.873766548881555
known heaven grate,16.873766548881555
make known heaven,16.873766548881555
mine heart mine,16.873766548881555
save lamb save,16.873766548881555
thank make prayer,16.873766548881555
thank make unto,16.873766548881555
jesus resent better,16.844019205487502
nightingal bird fli,16.8440192054875
tune bird fli,16.8440192054875
apart yesterday memori,16.721763455436502
apart yesterday tomorrow,16.721763455436502
speak dare rose,16.721763455436502
friend prayer known,16.70384154743924
intend stay friend,16.70384154743924
long black coat,16.70384154743924
prayer unto alway,16.70384154743924
seen shootin star,16.70384154743924
unto alway forev,16.70384154743924
danc nightingal bird,16.651374127545104
danc nightingal fli,16.651374127545104
danc tune bird,16.651374127545104
danc tune fli,16.651374127545104
jokerman danc bird,16.651374127545104
tell intend closer,16.651374127545104
pure wan drown,16.644947858385674
burn curtain risin,16.592480438491535
gibraltar burn curtain,16.592480438491535
rock gibraltar burn,16.592480438491535
bone better stone,16.580984799653706
jesus bone better,16.580984799653706
woman block sit,16.55183845399419
yesterday memori suppos,16.55183845399419
yesterday tomorrow suppos,16.55183845399419
readi meet jesus,16.535896910125167
made sure idea,16.481449126102792
made u.s.a. idea,16.481449126102792
closer thank make,16.45872904960271
handl apart yesterday,16.45872904960271
heart mine heart,16.45872904960271
ooh stand stand,16.45872904960271
clean-cut kid killer,16.458729049602706
wall invit troubl,16.436361236574253
danc bird fli,16.428981706208656
blood lamb save,16.414334930244255
apart memori tomorrow,16.39983536054914
trust best trust,16.39983536054914
driftin shore driftin,16.371266208352367
higher call lord,16.371266208352367
burn curtain new,16.329446032657742
burn risin new,16.329446032657742
aris cobweb mind,16.2888040481604
alway grate forev,16.288804048160394
came garden spoke,16.288804048160394
friend make known,16.288804048160394
intend stay thank,16.288804048160394
lamb lamb save,16.288804048160394
lamb save save,16.288804048160394
love accid know,16.288804048160394
nightingal tune high,16.288804048160394
stay closer friend,16.288804048160394
stay friend make,16.288804048160394
thank known unto,16.288804048160394
thank prayer known,16.288804048160394
unto alway grate,16.288804048160394
fall yesterday memori,16.262331836799206
memori tomorrow suppos,16.229910359106828
ah-a summertim summertim,16.118879046718085
etern summertim summertim,16.118879046718085
press press higher,16.118879046718085
summertim summertim long,16.118879046718085
want wan drown,16.11443314168689
lamb save glad,16.06641162682395
nightingal bird high,16.06641162682395
nightingal fli high,16.06641162682395
tell intend stay,16.06641162682395
tune bird high,16.06641162682395
tune fli high,16.06641162682395
creation one honor,16.04933811346501
creation one neither,16.04933811346501
one honor forgiv,16.04933811346501
one neither forgiv,16.04933811346501
one neither honor,16.04933811346501
kick neighborhood bulli,16.049338113465005
neighborhood bulli driven,16.049338113465005
aris dust upon,15.999297430965413
cobweb dust upon,15.999297430965413
driftin driftin far,15.999297430965411
driftin far driftin,15.999297430965411
handl fall yesterday,15.999297430965411
save blood lamb,15.99929743096541
save blood save,15.99929743096541
drown want watered-down,15.966875953273036
late night a-rollin,15.966875953273036
see eye tooth,15.966875953273036
spoke citi hear,15.966875953273036
wan want watered-down,15.966875953273036
gibraltar see curtain,15.888873441271762
jordan gibraltar see,15.888873441271762
jordan rock see,15.888873441271762
rock gibraltar see,15.888873441271762
see curtain risin,15.888873441271762
east gibraltar see,15.88887344127176
east rock see,15.88887344127176
gibraltar see page,15.88887344127176
jordan east see,15.88887344127176
rock see page,15.88887344127176
see page curtain,15.88887344127176
see page risin,15.88887344127176
everi grain sand,15.873766548881553
lamb save lamb,15.873766548881553
lamb save save,15.873766548881553
made foundat wo,15.873766548881553
rock foundat wo,15.873766548881553
save save save,15.873766548881553
stay closer thank,15.873766548881553
stay thank make,15.873766548881553
thank make known,15.873766548881553
man aris cobweb,15.873766548881548
bird fli high,15.844019205487498
tune bird light,15.844019205487498
tune fli light,15.844019205487498
forgiv one said,15.814872859827986
honor forgiv said,15.814872859827986
honor one said,15.814872859827986
neither forgiv said,15.814872859827986
neither honor said,15.814872859827986
neither one said,15.814872859827986
rose dead believ,15.814872859827979
age groom still,15.744483531936588
sure good greed,15.744483531936588
u.s.a. sure good,15.744483531936588
union sure good,15.744483531936588
union u.s.a. good,15.744483531936588
solid foundat world,15.744483531936584
a-rollin across mind,15.703841547439243
late night across,15.703841547439243
night a-rollin across,15.703841547439243
friend thank prayer,15.70384154743924
heaven alway forev,15.70384154743924
intend friend thank,15.70384154743924
known unto alway,15.70384154743924
prayer heaven alway,15.70384154743924
prayer known alway,15.70384154743924
press press call,15.70384154743924
shootin star thought,15.70384154743924
unto heaven alway,15.70384154743924
properti resent someth,15.677369336078048
fli high jokerman,15.651374127545104
made foundat let,15.651374127545104
tell stay closer,15.651374127545104
clean-cut kid made,15.6513741275451
clean-cut made killer,15.6513741275451
kid made killer,15.6513741275451
take away licens,15.644947858385674
wan drown want,15.644947858385674
readi readi meet,15.642812114041682
til greed way,15.625839035437966
bird fli light,15.62162678415105
bird fli moon,15.62162678415105
late last a-rollin,15.613238998658332
fall apart yesterday,15.584259931686567
one see face,15.563911286294765
resent bone heart,15.55183845399419
age still waitin,15.481449126102795
new age still,15.481449126102795
good til greed,15.481449126102792
groom still altar,15.481449126102792
groom still waitin,15.481449126102792
new groom still,15.481449126102792
sure good til,15.481449126102792
tell intend friend,15.481449126102792
u.s.a. good til,15.481449126102792
come fall sky,15.465507582233773
heart heart mine,15.45872904960271
rock made wo,15.45872904960271
rose believ rose,15.45872904960271
