NGRAM,VALUE,
narrow way work,232.25490533853565
way work someday,232.25490533853565
long narrow way,224.60059266328886
bright roll john,122.76084837920564
narrow way sure,116.12745266926783
way sure someday,116.12745266926783
road narrow way,114.74661296634537
narrow sure work,114.61491390801854
narrow work sure,114.61491390801854
sure work someday,114.61491390801854
work sure someday,114.61491390801854
road narrow work,113.23407420509609
long narrow sure,110.78775757039514
burn bright roll,110.64606071326044
long road narrow,109.40691786747271
road long narrow,109.40691786747271
way sure work,106.50829237219027
way work sure,106.50829237219027
road way work,105.12745266926781
work sure work,104.99575361094098
narrow work work,103.61491390801854
work work someday,103.61491390801854
long way sure,102.68113603456689
long road way,101.30029633164445
road long way,101.30029633164445
long work sure,101.1685972733176
long narrow work,99.78775757039514
road long work,99.78775757039514
shine move burn,99.7114539788811
move burn bright,98.35205396734261
move burn john,98.35205396734261
move burn roll,98.35205396734261
shine burn bright,98.35205396734261
shine move bright,98.35205396734261
earli roman king,97.1360292197822
light move burn,97.1360292197822
shine light burn,97.1360292197822
shine light move,97.1360292197822
burn bright john,96.9926539558041
burn roll john,96.9926539558041
move bright john,96.9926539558041
move bright roll,96.9926539558041
move roll john,96.9926539558041
long long narrow,95.9606012327718
long road long,95.9606012327718
light burn bright,95.7766292082437
light burn roll,95.7766292082437
light move bright,95.7766292082437
light move roll,95.7766292082437
shine light bright,95.7766292082437
way work work,95.50829237219027
light bright roll,94.4172291967052
long way work,91.68113603456689
long long way,87.85397969694351
dream titan sink,56.5680146098911
watchman lay dream,54.62630730121013
night day strip,53.21624164232699
like roman king,47.515876986555924
like earli king,46.228164607006484
like earli roman,46.228164607006484
fight em whiskey,44.1808984595818
high fight em,44.1808984595818
dream dream titan,42.14668274424388
gentl pray long,40.969730475907596
blood night day,40.53654163655774
lay dream dream,39.72461797807107
roll john roll,38.12713273559001
saw dug long,37.30255321189826
scarlet town born,33.53558858549367
roman king earli,32.1808984595818
earli king earli,31.21511417491971
earli roman earli,31.21511417491971
scarlet scarlet town,27.53558858549367
scarlet town scarlet,27.53558858549367
scarlet town town,27.18915693323386
