NGRAM,VALUE,
night night,228.38632197295584
troubl troubl,154.0853393551996
readi readi,92.14353571382344
brrr brrr,72.03499714445844
brr-brr brrr,68.7960353455847
brrr brr-brr,65.63144858765715
let let,62.362112061950434
far shore,60.18049743019041
troubl nothin,54.80908067302428
need shot,54.17647515502121
-lrb- -rrb-,45.25165079513762
shore driftin,44.45367648207291
shot love,38.211748103011914
rememb end,36.7236430066955
neighborhood bulli,36.389511492438984
wo let,35.43636400298397
death end,35.421372864626946
rose dead,33.69051779899561
glad glad,33.14969049100662
thank lord,32.84692819893499
-rrb- -lrb-,32.73797532766508
driftin far,32.332739742081735
anybodi seen,31.734052451973895
-lrb- hell,31.581915504312725
hell -rrb-,31.581915504312725
'm glad,31.381495123091923
dead believ,31.150069217642457
end end,28.716373323147828
love love,27.80240360081229
diseas conceit,27.56852736834305
lamb save,25.82568458320744
live polit,24.590464840536104
end rememb,24.371556374588916
dream late,24.088072978102378
hell time,24.013337852705416
want thank,23.50423206566372
-lrb- man,23.479285766191424
brr-brr brr-brr,23.055464450564592
hell man,22.653245250875557
blood lamb,22.62266004702891
wa-hooo wa-hooo,22.608463954170965
glad want,22.459823480654006
pretti polli,22.08074771727431
'm press,21.88292201134007
ooh stand,21.565717626407856
shore shore,21.484716004012103
press press,21.466339018522753
rambl break,21.466339018522753
summertim summertim,21.466339018522753
save glad,21.427435520236845
rememb death,21.092977552795983
save blood,21.059340085130085
break dawn,20.926638524205085
rambl dawn,20.926638524205085
away wide,20.887110040513196
broken broken,20.47160836762607
mind made,20.411240432695834
soon danc,20.218378323063718
vida soon,20.218378323063718
brownsvill curl,19.942424767057375
brownsvill teeth,19.942424767057375
mayb someday,19.68525557839446
'm 'm,19.608244039537
clean-cut killer,19.551349851426888
ugli ...,19.476840042876123
ugli ugli,19.425354208442382
shore far,19.382727705343843
away across,19.08245744530183
man -rrb-,19.06703606292364
brownsvill girl,19.00654153489345
hope readi,18.98317224916402
save 'm,18.920283110103682
need love,18.84849917952755
-rrb- hell,18.74498404592535
dream babi,18.571946741995287
heart mine,18.54340780627868
togeth vow,18.427392914353078
wan break,18.31232952272226
wan rambl,18.31232952272226
seen love,18.1652815739906
shot need,18.14693450741996
-lrb- ugli,18.124328681875703
ugli -rrb-,18.124328681875703
clean-cut kid,18.12176368097732
kid killer,18.12176368097732
rose believ,18.12176368097732
broken broken,18.049332050588852
driftin shore,18.03854563101269
love ugliest,18.032552926950647
ride car,18.032552926950647
broken broken,17.898980838499387
wan dawn,17.774460163554004
end death,17.65051305478948
brrr brrr,17.62295350317702
speak dare,17.61736656967156
dead aris,17.594721192209576
fall apart,17.586472731063886
-lrb- time,17.583762494671973
time -rrb-,17.583762494671973
live world,17.539385861448345
shot shot,17.330825061878
far far,17.291980518236002
satan peac,17.20566988665754
whole lot,17.071042593962105
buy back,17.042691439490294
let wo,17.01547888161071
sweetheart like,16.99484404707558
spoke citi,16.978559201747053
lord thank,16.862626277418833
sometim satan,16.85834179353712
ah-a summertim,16.7501022932801
babi late,16.733036479195796
nineti mile,16.58216714478656
far driftin,16.48620115130964
car car,16.27608385532288
hop love,16.273921237436134
son god,16.24590667011184
nineti hour,16.175704750129505
ride brrr,16.175704750129505
wide missouri,16.175704750129505
polit world,16.064586650657684
love pure,15.928385411082703
babi babi,15.726347909936775
press call,15.618193610273824
press higher,15.618193610273824
sometim peac,15.587134124634574
brr-brr brr-brr-brr,15.563269913300847
jokerman nightingal,15.525100338183385
jokerman tune,15.525100338183385
nightingal tune,15.525100338183385
believ rose,15.281595404765712
broken broken,15.240721730035695
mile hour,15.185304146745167
across missouri,15.182090926834759
driftin far,15.160530039138067
grown cold,15.00003298540554
jokerman bird,15.00003298540554
nightingal bird,15.00003298540554
nightingal fli,15.00003298540554
tune bird,15.00003298540554
tune fli,15.00003298540554
buy grown,15.000032985405538
trust trust,14.779528113525494
back grown,14.553938467608447
save lamb,14.553938467608447
save save,14.553938467608447
mile street,14.49323836768599
bird fli,14.47519429552349
gold buy,14.47519429552349
silver buy,14.47519429552349
silver gold,14.47519429552349
want lord,14.403087600645677
stick togeth,14.197160267489888
clean-cut made,14.16633769103121
made killer,14.16633769103121
danc nightingal,14.166106645665185
danc tune,14.166106645665185
jokerman danc,14.166106645665185
rollin river,14.166106645665185
shootin star,14.166106645665185
love love,14.117890912169834
hour street,14.087920039644777
back cold,14.029328466769343
fli jokerman,14.029328466769343
gold back,14.029328466769343
silver back,14.029328466769343
usual rock,13.994324560972853
beat grown,13.82305566160076
danc bird,13.641725360016789
danc fli,13.641725360016789
apart tonight,13.63494046658488
teeth like,13.582610757722584
take car,13.574973557073513
driftin far,13.517319763151376
blood save,13.51551004412449
brrr brr-brr-brr,13.39639756911045
creation honor,13.392780115089254
creation neither,13.392780115089254
curtain risin,13.392780115089254
doin dump,13.392780115089254
forgiv one,13.392780115089254
gibraltar curtain,13.392780115089254
honor forgiv,13.392780115089254
honor one,13.392780115089254
jordan gibraltar,13.392780115089254
jordan rock,13.392780115089254
late a-rollin,13.392780115089254
lenni bruce,13.392780115089254
luther king,13.392780115089254
mahatma gandhi,13.392780115089254
martin king,13.392780115089254
martin luther,13.392780115089254
neither forgiv,13.392780115089254
neither honor,13.392780115089254
neither one,13.392780115089254
properti resent,13.392780115089254
risin groom,13.392780115089254
rock gibraltar,13.392780115089254
sundown sure,13.392780115089254
sundown u.s.a.,13.392780115089254
sundown union,13.392780115089254
sure greed,13.392780115089254
sweetheart doin,13.392780115089254
sweetheart dump,13.392780115089254
u.s.a. sure,13.392780115089254
union sure,13.392780115089254
union u.s.a.,13.392780115089254
beat cold,13.298903117299202
buy beat,13.298903117299202
gold beat,13.298903117299202
came garden,13.236811925502384
grown silvio,13.236811925502384
nightingal high,13.236811925502384
tune high,13.236811925502384
beat heart,13.023855228560784
need need,13.01184275849359
bound missouri,12.991586267342058
mile end,12.963104523497808
black coat,12.876107761919855
groom altar,12.876107761919855
groom waitin,12.876107761919855
save grace,12.876107761919855
sure til,12.876107761919855
til greed,12.876107761919855
u.s.a. til,12.876107761919855
drown love,12.8665667697584
back beat,12.853723512600816
man aris,12.851204896153767
man cobweb,12.851204896153767
break break,12.80917138992193
break rambl,12.80917138992193
driftin driftin,12.80917138992193
rambl rambl,12.80917138992193
love anybodi,12.793546263247002
fall tonight,12.75049329597998
kid made,12.75049329597998
ring bell,12.747360847273512
bird high,12.713116942404236
cold silvio,12.713116942404236
fli high,12.713116942404236
silvio buy,12.713116942404234
silvio gold,12.713116942404234
silvio silver,12.713116942404234
nothin troubl,12.582191179348154
love need,12.574670620995844
dawn break,12.466806708404413
dawn rambl,12.466806708404413
brrr etc.,12.448760944352387
forgiv see,12.448760944352387
idea greed,12.448760944352387
one see,12.448760944352387
properti bone,12.448760944352387
resent better,12.448760944352387
resent bone,12.448760944352387
sure idea,12.448760944352387
u.s.a. idea,12.448760944352387
ride car,12.390541973884071
nineti dead,12.379534354002292
waitin altar,12.359664025905076
high light,12.329910253492105
somebodi trust,12.329910253492105
tune light,12.327281010401514
high jokerman,12.268394951256264
dawn dawn,12.124670846753025
ride ride,12.124670846753025
creation natur,12.084321127470796
licens kill,12.084321127470796
natur forgiv,12.084321127470796
natur honor,12.084321127470796
natur neither,12.084321127470796
natur one,12.084321127470796
look away,12.032938590103818
tonight conceit,12.031068473386586
foundat let,12.002436730574454
eye tooth,11.977150615386794
grown find,11.959378365569963
idea til,11.932545851623866
see live,11.932545851623866
high moon,11.899507065905826
look away,11.854373322230499
henri porter,11.838936065983468
bound wide,11.818040456385662
bird light,11.80450146386811
fli light,11.80450146386811
nineti end,11.793251732481314
citi hear,11.791248776540627
made sure,11.766616034107333
made u.s.a.,11.766616034107333
name gandhi,11.766616034107333
name mahatma,11.766616034107333
sundown made,11.766616034107333
union made,11.766616034107333
diseas lot,11.739354448090358
lot diseas,11.739354448090358
togeth made,11.716165584575233
car take,11.706385113625396
watered-down love,11.652517732881616
beat silvio,11.540257669586444
anybodi anybodi,11.511638938253698
bone better,11.505656346778471
