NGRAM,VALUE,
night night night,4995.847942852332
troubl troubl troubl,3686.1799985442412
night night think,2486.7741593225396
dynamit night night,2471.3754801183077
night night drop,2471.3754801183077
a-hold night night,2458.4403910634305
sight night night,2446.6479969010243
tight night night,2446.6479969010243
night night plan,2424.520282495005
merci night night,2418.629784366685
stick night night,2418.629784366685
night night new,2414.893817289462
night night took,2410.628664480822
night night home,2393.598822105774
night night dead,2386.892174697868
troubl troubl nothin,2262.6224120551906
readi readi readi,2212.858977201037
nothin troubl troubl,1949.15298256461
invit troubl troubl,1817.6754265842987
solut troubl troubl,1817.6754265842987
infin troubl troubl,1806.543456357513
troubl troubl air,1800.7579546757368
troubl troubl drought,1800.7579546757368
troubl troubl nightclub,1800.7579546757368
none troubl troubl,1792.8372674360212
troubl troubl trust,1792.8006149803364
curs troubl troubl,1783.5339533928168
brrr brr-brr brrr,1775.9228742676746
help troubl troubl,1761.9678748147264
wall troubl troubl,1758.4586745163235
troubl troubl put,1747.3093040699493
see troubl troubl,1746.8727973920375
troubl troubl water,1743.2797488224876
even troubl troubl,1735.0377804052057
man troubl troubl,1717.94666548095
brrr brrr brrr,1670.9935865456273
-lrb- hell -rrb-,1607.5988664969216
troubl nothin troubl,1587.632257821568
let let let,1527.7305566380362
brr-brr brrr brrr,1518.4092095684164
brr-brr brrr brr-brr,1517.2505130911393
brrr brrr brr-brr,1486.787365574017
-lrb- man -rrb-,1396.5388629293616
-lrb- hell time,1333.2194042426772
brr-brr brr-brr brrr,1328.1577236242506
brrr brr-brr brr-brr,1318.8458838633417
-rrb- -lrb- hell,1303.5925559943469
-lrb- time -rrb-,1242.5805164009398
hope readi readi,1211.921570830305
rememb death end,1210.1434456429179
need shot love,1170.8705129902787
-lrb- hell man,1150.0269572442837
hell time -rrb-,1102.3309161748912
wo let let,1101.8487570958582
depart readi readi,1093.6476121808128
pack readi readi,1093.6476121808128
readi readi terribl,1093.6476121808128
far far shore,1093.2492250582336
far shore shore,1088.7758215785634
brrr brrr brr-brr,1080.94772928556
readi readi meet,1079.5208421312784
readi readi judgment,1074.5760209998577
readi readi lay,1073.4848432825547
shore far shore,1054.8188944928124
far shore driftin,1050.3608446494877
hell man -rrb-,1043.9201056059082
readi readi jesus,1039.9349190711866
readi readi life,1031.2989747651195
driftin far shore,1017.7206463892893
far shore far,1013.4824583995783
-lrb- band -rrb-,1001.1452335801717
man -rrb- -lrb-,998.8951225789244
need need shot,993.7103121611613
need shot shot,990.6127089347542
love shot love,986.7107166991804
shot need shot,985.9516441641751
let wo let,980.3231449485348
-lrb- hand -rrb-,959.4321333074915
brrr brr-brr brr-brr-brr,946.8314802160269
rambl break dawn,937.4725026893627
death end end,937.0774409948835
need shot need,934.4843293560198
live polit world,932.5437857173545
hell time man,920.5288322631231
time -lrb- hell,905.0042675994831
brrr brr-brr-brr brrr,889.6975629189297
readi hope readi,886.274245611284
brr-brr brrr brr-brr-brr,885.9845015452756
wan rambl break,884.6231682870244
love need shot,883.13383847808
death end rememb,876.2677639281158
rememb end end,875.284969812549
let let wo,866.835151941734
glad glad glad,859.0703040455145
tonight diseas conceit,857.5061094749797
end rememb death,842.4358536668024
foundat let let,841.2767747229966
man -lrb- hell,837.7044960937037
diseas conceit lot,829.9093675864028
shore shore driftin,829.6297415573064
diseas conceit whole,828.3377337703452
honey -lrb- hell,821.7078926491083
love need love,817.6121865652397
hell time -lrb-,816.7414137425687
end death end,816.1791499691649
neighborhood bulli driven,815.8390904588739
kick neighborhood bulli,815.8390904588738
wan break dawn,815.0737273099378
hell -rrb- -lrb-,812.2285572686028
shore driftin shore,810.4402673142957
time man -rrb-,810.2354878965529
driftin far shore,810.0097972530725
bulli neighborhood bulli,804.1380627279673
shot love shot,800.9291197893938
shore driftin driftin,800.4340778924216
neighborhood bulli live,799.5462630309132
shore driftin far,796.1341812902255
end end end,791.1944031204923
wan rambl dawn,790.5249134856297
brrr brrr brr-brr-brr,789.8864585191809
love brrr brr-brr,787.876633792557
brrr brr-brr brrr,787.8221302449218
far driftin shore,786.9843904263039
run neighborhood bulli,783.5908299351468
shot love need,782.9575643224423
far shore driftin,779.011434159024
'm glad glad,777.1206678282165
-rrb- -lrb- time,774.6264850952894
shot love love,774.5586503674571
shore far driftin,772.9985452669068
broken broken broken,772.8733459489922
brr-brr brr-brr-brr brrr,769.941922798467
clean-cut kid killer,769.260152329891
driftin far shore,769.0686380933396
time -rrb- -lrb-,763.0868575166537
rose dead believ,762.8053334132761
readi judgment readi,754.5712339969991
break rambl break,753.2334273016291
rambl break rambl,753.233427301629
-rrb- hell time,753.0086934462815
-rrb- -lrb- man,748.7216929854369
peopl diseas conceit,742.2761803955879
break dawn break,741.6799007622469
love pure love,741.3741745820695
broken broken broken,733.6411519504372
save 'm glad,731.6417404646509
glad 'm glad,728.8494011498649
driftin shore driftin,727.0053108154707
dawn break dawn,725.6144905084585
-rrb- -lrb- ugli,724.6668143223247
'm glad 'm,723.4220847064605
far driftin far,723.0286695369404
shot shot love,721.2261843169472
dawn rambl break,716.2462483309037
let let chastis,715.8683122701045
-lrb- time man,713.5092151863453
want thank lord,713.0435373258392
break dawn rambl,707.477794350234
buy back grown,699.3115816452711
hell time strong,698.4382194339956
brownsvill girl teeth,697.7649085473408
fall apart tonight,696.4143273037195
diseas conceit peopl,696.3956187892265
save glad glad,694.6869042364333
break dawn wan,693.1401054694388
nineti mile hour,692.3653473022069
wo let wo,691.9144586222192
sometim satan peac,690.9321043617659
rambl wan rambl,688.8522040725176
dream babi late,688.1095626239058
clean-cut kid made,686.2775349596332
rambl break wan,683.7574360854969
let let way,681.7875787831042
ugli -rrb- -lrb-,681.3087449257282
driftin far driftin,681.1805425886953
'm 'm glad,678.1534304356699
silver buy back,675.5218700581574
end rememb end,672.7536538496997
'm press 'm,670.1473661705095
man hell time,669.691651574111
world let let,666.5685513324862
end end rememb,666.1320265098741
nightingal tune bird,665.2835799701613
wo wo let,663.9547813779948
clean-cut made killer,661.2886335125347
need love shot,652.2641064621828
buy back beat,651.6652025202623
gold buy back,650.5685715579995
love watered-down love,649.8576289708046
jokerman tune bird,649.7487480577652
mile hour street,649.4397802095409
away across wide,649.3627572424218
danc nightingal tune,648.2394000805789
nineti mile end,647.3534191975593
summertim summertim summertim,646.9542325567276
driftin shore far,645.2928498017866
man -rrb- hell,643.1150355237917
love anybodi love,643.0024959069128
jokerman nightingal tune,642.0859956001025
love seen love,641.3642110963882
let let someth,639.4717401301926
break wan rambl,638.8667810052988
dawn wan rambl,638.7681937760522
tune bird fli,638.5766256589441
love love love,637.2133785281412
jokerman danc bird,637.0713950260788
foundat wo let,636.5811499545495
thank lord thank,635.1599492946855
thank thank lord,635.1599492946855
honey hell time,634.3651147078094
brownsvill curl teeth,633.1553869145677
rambl dawn rambl,631.6904373377134
glad glad want,631.3527186429944
nightingal tune fli,630.9118148822416
nightingal tune high,629.9273559696896
back grown cold,629.3723454960593
press 'm press,629.3476228434558
driftin far far,628.7651184310643
glad thank lord,625.7767744365807
lord thank lord,625.1701076382103
thank lord lord,625.1701076382103
jokerman nightingal bird,624.7954495576072
brr-brr brr-brr brr-brr,623.1373067523684
kid made killer,619.3126528259628
dawn rambl dawn,618.2364271412387
silver gold back,618.2043404415996
bound wide missouri,617.5909517396699
rose dead dead,616.8348908791185
believ rose dead,616.8348908791183
jokerman danc nightingal,613.8676349926589
rose rose dead,613.1850424560971
diseas whole lot,612.6706573197729
save lamb save,611.9079349565991
conceit whole lot,611.2520636391299
danc bird fli,610.3706170846124
whole lot tonight,609.5630840855827
nightingal bird fli,607.5069618341516
wan rambl wan,606.3948454624426
brownsvill girl world,604.2076474079395
grown cold silvio,603.2306967857343
danc nightingal fli,602.699629938159
tune bird light,601.3052437739943
jokerman danc tune,599.5787895230178
rose dead rose,599.505014701469
blood lamb save,598.6365952337522
danc tune bird,596.5832646135248
silver gold buy,596.3368979897537
nineti mile dead,595.5692505714846
bird fli high,592.0709292463998
silvio silver gold,592.0709292463998
end end death,591.7608049671358
driftin driftin far,591.4204223799909
wo buy back,590.3992007980955
buy beat grown,589.7573937414885
beat grown cold,589.7573937414884
need love need,589.6811278953563
danc nightingal bird,588.4107844685179
across wide missouri,588.0837254157766
brownsvill girl curl,586.0894258678061
break wan break,586.0391971763056
back beat cold,583.6863088529493
dead believ rose,583.290056482411
dead rose dead,582.8986058307707
fli high jokerman,582.8790053565601
danc tune fli,582.2944191438835
mile hour dead,581.4292520901438
sometim satan man,580.6928519633714
creation neither honor,580.1185917563585
honor forgiv one,580.1185917563585
martin luther king,580.1185917563585
neither honor forgiv,580.1185917563585
sundown u.s.a. sure,580.1185917563585
sundown union sure,580.1185917563585
tune bird high,578.2773982855763
anybodi anybodi seen,574.3517869863554
anybodi seen seen,573.915969312978
ah-a summertim summertim,573.572935279735
rambl dawn wan,572.5996150122176
lamb save save,572.3881050057773
watered-down love pure,571.6583721830857
shot need love,570.6357050741839
sure til greed,569.1592509942399
u.s.a. sure til,569.1592509942398
gold back beat,568.8753907220398
troubl nothin trust,568.5350739217583
save blood lamb,568.3963506544562
ugli ... ugli,567.6587559596376
bird fli moon,567.6523559694507
'm press higher,567.4014722500693
nightingal fli high,567.3248895387102
shine brownsvill girl,567.0808578018388
buy heart grown,566.8609886098559
heart grown cold,566.8609886098559
dead believ believ,566.7021947527253
dead dead believ,566.7021947527253
buy back heart,563.386126337894
'm glad want,563.0792911530178
nightingal bird high,562.2547291715593
polli pretti polli,561.8798823355364
gold buy beat,561.2906159569498
