NGRAM,VALUE,
bright roll john,0.09259259259259259
meet babi round,0.08695652173913043
burn bright roll,0.08571428571428572
dot moonbeam pug-nos,0.08333333333333333
nothin roll heaven,0.08333333333333333
move burn bright,0.0784313725490196
move burn john,0.0784313725490196
move burn roll,0.0784313725490196
shine move burn,0.0784313725490196
burn roll john,0.07692307692307693
move roll john,0.07692307692307693
move bright roll,0.07476635514018691
burn bright john,0.07407407407407407
dream titan sink,0.07407407407407407
earli roman king,0.07407407407407407
move bright john,0.07407407407407407
shine burn bright,0.07407407407407407
shine move bright,0.07407407407407407
way work someday,0.07119741100323625
grow cold grow,0.07017543859649122
light move burn,0.07017543859649122
narrow way work,0.06984126984126984
light burn bright,0.06666666666666667
light burn roll,0.06666666666666667
light move bright,0.06666666666666667
light move roll,0.06666666666666667
shine light burn,0.06666666666666667
shine light move,0.06666666666666667
listen whistl blow,0.06481481481481481
light bright roll,0.064
shine light bright,0.06349206349206349
dot moonbeam dream,0.0625
dot pug-nos dream,0.0625
moonbeam pug-nos dream,0.0625
babi round love,0.06060606060606061
mine babi round,0.06060606060606061
listen duquesn blow,0.05982905982905983
black magic call,0.058333333333333334
duquesn whistl blow,0.058333333333333334
meet mine round,0.057971014492753624
sure work someday,0.05699481865284974
across crowd room,0.05555555555555555
clown tri chang,0.05555555555555555
deep lot rememb,0.05555555555555555
nothin around heaven,0.05555555555555555
nothin roll around,0.05555555555555555
roll around heaven,0.05555555555555555
narrow sure work,0.05527638190954774
listen duquesn whistl,0.05426356589147287
work sure someday,0.05392156862745098
narrow work sure,0.05238095238095238
listen duquesn blow,0.05128205128205128
long narrow way,0.05128205128205128
cold grow weari,0.05
old black magic,0.05
someday deep lot,0.05
whistl blow blow,0.04964539007092199
listen blow blow,0.04895104895104895
sun nothin roll,0.047619047619047616
watchman lay dream,0.047619047619047616
wrong along without,0.047619047619047616
duquesn blow blow,0.0472972972972973
listen whistl blow,0.046357615894039736
lot rememb today,0.046153846153846156
road narrow work,0.044715447154471545
duquesn whistl blow,0.04430379746835443
dream dream titan,0.043478260869565216
work work someday,0.04247104247104247
dream deep lot,0.041666666666666664
dream deep rememb,0.041666666666666664
dream lot rememb,0.041666666666666664
lost grow cold,0.041666666666666664
lucki sun nothin,0.041666666666666664
spin love spin,0.041666666666666664
work sure work,0.041666666666666664
narrow work work,0.04150943396226415
old magic call,0.041176470588235294
babi round spin,0.04081632653061224
tri chang fairi,0.04
way sure someday,0.03985507246376811
need wrong right,0.0392156862745098
narrow way sure,0.03900709219858156
old black call,0.03888888888888889
someday dream deep,0.038461538461538464
someday dream lot,0.038461538461538464
magic call love,0.0380952380952381
fight em whiskey,0.037037037037037035
sun nothin around,0.037037037037037035
sun roll around,0.037037037037037035
duquesn blow like,0.036231884057971016
round love spin,0.03571428571428571
round spin love,0.03571428571428571
love spin black,0.03546099290780142
long narrow sure,0.03514376996805112
would need word,0.03508771929824561
duquesn whistl blow,0.03496503496503497
round round spin,0.034782608695652174
road narrow way,0.03459119496855346
alway clown tri,0.034482758620689655
high fight em,0.034482758620689655
lay dream dream,0.034482758620689655
roll john roll,0.034482758620689655
way work sure,0.033846153846153845
hear whistl blow,0.03333333333333333
spin black magic,0.03333333333333333
call love spin,0.03278688524590164
way sure work,0.03273809523809524
love spin old,0.03225806451612903
mine round spin,0.03225806451612903
call spin love,0.031746031746031744
good lean year,0.031746031746031744
rememb said today,0.031746031746031744
rememb thing today,0.031746031746031744
road long narrow,0.03151862464183381
long road narrow,0.03081232492997199
road way work,0.030470914127423823
magic spin love,0.030303030303030304
whistl blow like,0.029914529914529916
magic call love,0.029304029304029304
lean year may,0.029197080291970802
duquesn blow like,0.029166666666666667
long work sure,0.0291005291005291
long narrow work,0.029023746701846966
old nothin roll,0.028985507246376812
spin old black,0.028985507246376812
love old black,0.028735632183908046
magic call spin,0.028368794326241134
wrong right wrong,0.028368794326241134
black call love,0.028169014084507043
way work work,0.028132992327365727
black magic love,0.028070175438596492
year may know,0.027972027972027972
duquesn whistl like,0.027777777777777776
must wrong along,0.027777777777777776
call love spin,0.02768166089965398
spin love old,0.027472527472527472
round spin spin,0.02702702702702703
lucki old nothin,0.02666666666666667
road long work,0.026570048309178744
black magic spin,0.026143790849673203
blow blow like,0.026119402985074626
whistl blow like,0.025735294117647058
black call spin,0.02564102564102564
deep lot thing,0.02564102564102564
deep rememb thing,0.02564102564102564
lot rememb thing,0.02564102564102564
hear duquesn blow,0.025477707006369428
lot rememb said,0.025423728813559324
call spin spin,0.025
fool hold seek,0.025
spin old magic,0.024875621890547265
long way sure,0.024444444444444446
roman king earli,0.024390243902439025
fade left tear,0.023809523809523808
lot thing today,0.023622047244094488
spin 'm old,0.023622047244094488
long road way,0.023305084745762712
lot said today,0.023255813953488372
nothin heaven day,0.022988505747126436
nothin roll day,0.022988505747126436
old sun nothin,0.022988505747126436
old sun roll,0.022988505747126436
roll heaven day,0.022988505747126436
spin spin old,0.022935779816513763
long long narrow,0.02286902286902287
scarlet town born,0.022727272727272728
road long way,0.02263374485596708
earli roman earli,0.022222222222222223
rememb thing said,0.022222222222222223
long way work,0.02178217821782178
full empti arm,0.021739130434782608
lucki old sun,0.021505376344086023
long road long,0.021442495126705652
earli king earli,0.02142857142857143
old call love,0.020958083832335328
thing said today,0.020833333333333332
old magic love,0.020771513353115726
wrong must wrong,0.020512820512820513
around heaven day,0.020202020202020204
nothin around day,0.020202020202020204
roll around day,0.020202020202020204
old black love,0.020114942528735632
comin time gone,0.02
time comin gone,0.02
full moon empti,0.019230769230769232
away would need,0.01904761904761905
comin long gone,0.01818181818181818
long long way,0.018121911037891267
full moon arm,0.017857142857142856
like roman king,0.016666666666666666
lot thing said,0.016666666666666666
scarlet scarlet town,0.016129032258064516
scarlet town scarlet,0.016129032258064516
like earli roman,0.015873015873015872
love spin 'm,0.015873015873015872
sure love way,0.015810276679841896
spin love 'm,0.01569506726457399
like earli king,0.015625
'm black magic,0.015555555555555555
night day strip,0.015503875968992248
moon empti arm,0.015151515151515152
scarlet town town,0.015151515151515152
town scarlet town,0.015151515151515152
call love love,0.01509433962264151
spin 'm black,0.014861995753715499
spin spin 'm,0.014736842105263158
love fade tear,0.014705882352941176
went away would,0.014652014652014652
magic love love,0.014545454545454545
night call day,0.01444043321299639
love 'm old,0.014314928425357873
time comin time,0.014150943396226415
love fade left,0.014035087719298246
'm old magic,0.014
love spin love,0.013793103448275862
'm old black,0.013725490196078431
comin long time,0.01366742596810934
long time comin,0.01366742596810934
'm magic call,0.013605442176870748
love love spin,0.013605442176870748
'm black call,0.013245033112582781
long comin time,0.013100436681222707
blood night day,0.013071895424836602
magic love spin,0.013029315960912053
love spin 'm,0.013008130081300813
time comin long,0.012987012987012988
love left tear,0.012698412698412698
time time gone,0.012605042016806723
long comin long,0.012474012474012475
black love spin,0.01238390092879257
long time gone,0.012320328542094456
deep love lot,0.012195121951219513
deep love rememb,0.012195121951219513
love lot rememb,0.012195121951219513
love spin spin,0.012195121951219513
'm old call,0.011976047904191617
someday deep love,0.011904761904761904
someday love lot,0.011904761904761904
whistl blow like,0.011857707509881422
time long gone,0.011764705882352941
gentl pray long,0.011627906976744186
like listen duquesn,0.011450381679389313
long time time,0.011437908496732025
blow like blow,0.011363636363636364
dream deep love,0.011363636363636364
dream love lot,0.011363636363636364
dream love rememb,0.011363636363636364
long long time,0.011326860841423949
love 'm black,0.01126126126126126
someday dream love,0.011111111111111112
spin 'm magic,0.010822510822510822
saw dug long,0.01020408163265306
time 'd leav,0.009900990099009901
time long time,0.009819967266775777
like lucki old,0.00980392156862745
love lot thing,0.00980392156862745
love rememb thing,0.00980392156862745
love rememb said,0.00967741935483871
deep love thing,0.009615384615384616
love lot said,0.009615384615384616
long time long,0.009404388714733543
time said leav,0.009375
round spin 'm,0.008968609865470852
'm fool want,0.008908685968819599
time said 'd,0.008264462809917356
love thing said,0.008
sure 'm way,0.006872852233676976
nevertheless 'm love,0.006756756756756757
love love 'm,0.006711409395973154
home long time,0.006622516556291391
mayb nevertheless 'm,0.006564551422319475
'm love way,0.006546644844517185
'm fool hold,0.006211180124223602
'm love mayb,0.004594180704441042
