NGRAM,VALUE,
work someday,443.7793748600905
narrow work,408.9040635189524
babi round,326.5834192511192
roman king,308.03212086663535
roll john,300.01794021244467
scarlet town,281.82886686589086
burn roll,273.3777611610366
earli roman,245.65448532934454
crowd room,244.81293015323962
dot moonbeam,244.81293015323962
dot pug-nos,244.81293015323962
enchant even,244.81293015323962
folsom prison,244.81293015323962
moonbeam pug-nos,244.81293015323962
dream titan,244.43826549426993
nothin heaven,244.43826549426993
nothin roll,244.43826549426993
roll heaven,244.43826549426993
somebodi need,244.43826549426993
melancholi mood,244.06369730056522
move burn,242.9405744431949
bright john,242.56639504531617
bright roll,242.56639504531617
sure someday,221.26767250605684
clown chang,220.23793191451404
meet round,217.11200435039115
round spin,215.61469927203558
burn bright,215.55966770175965
burn john,215.55966770175965
move bright,215.55966770175965
move john,215.55966770175965
move roll,215.55966770175965
shine burn,215.55966770175965
shine move,215.55966770175965
long narrow,215.41199584895764
duquesn blow,210.0640272789683
narrow sure,203.87889915260712
black magic,197.75057089503926
lean year,195.35056260840415
dream sink,195.20128830144418
titan sink,195.20128830144418
tri chang,194.45269734036415
earli king,193.6551730709655
shine bright,191.21525411021682
listen blow,188.56669123770592
whistl blow,188.56669123770592
somebodi unless,183.28207432438487
wrong along,177.45523125066106
light burn,175.733523771932
light move,175.733523771932
magic call,164.60278137052308
lucki nothin,162.37682835985743
rememb today,162.37682835985743
pay blood,161.5874551536288
call spin,160.79900861888873
light bright,155.80595980317761
light roll,155.80595980317761
listen duquesn,155.80595980317761
shine light,155.80595980317761
soon midnight,155.802040803113
duquesn blow,153.72768695795057
way work,150.46008634600707
dot dream,146.3637330200236
moonbeam dream,146.3637330200236
pug-nos dream,146.3637330200236
listen whistl,145.96451740714656
whistl blow,143.97366354487224
dream dream,138.93094983006986
watchman dream,138.93094983006986
watchman lay,138.93094983006986
cold grow,137.12254331700618
deep lot,137.12254331700618
deep rememb,137.12254331700618
grow cold,137.12254331700618
grow grow,137.12254331700618
lot rememb,137.12254331700618
whistl blow,134.7594231051133
black call,134.11162577057706
road narrow,130.200501759725
year know,129.60220429898507
spin old,126.06871956541916
clown tri,121.81370388215227
across crowd,121.75164908747446
across room,121.75164908747446
meet mine,121.75164908747446
would need,121.53256138097971
around heaven,121.34668479247345
nothin around,121.34668479247345
roll around,121.34668479247345
fight em,120.94209043410966
love spin,120.53786717607078
spin love,120.53786717607078
duquesn whistl,118.85513249258088
sure work,118.52235832912939
work sure,118.52235832912939
full moon,115.65633349236641
listen blow,113.31704531518272
old magic,112.84186133779713
blow blow,111.92250004356694
someday deep,109.42709423120554
someday lot,109.42709423120554
mine round,107.64271637111169
round love,107.64271637111169
comin gone,102.94580567388057
fool want,100.39703883900756
sun nothin,96.72905935508543
sun roll,96.72905935508543
even may,92.09878529819973
old black,91.5654523740327
love black,91.0679604285939
rather noth,91.05648254882607
lot today,90.96368627768705
need wrong,87.7773528176516
wrong without,87.7773528176516
let love,86.89808896324898
tear cloud,80.73208434621154
need good,80.31769356987739
call love,80.2767257332528
lay dream,78.59796304701214
dream deep,77.7757305469022
dream lot,77.7757305469022
dream rememb,77.7757305469022
dream titan,77.7757305469022
lay dream,77.7757305469022
put fire,77.7757305469022
old call,76.34419748690847
long way,76.18961486366987
love old,75.17046705899577
way sure,75.01915365340541
road work,74.90362389430496
see stranger,72.60239031074386
girl someday,72.49137769720748
magic love,71.15508442506997
wrong wrong,70.59637947936751
wrong right,69.84317107154841
mayb nevertheless,68.59561951881231
way someday,68.33810081879034
hear blow,66.19170587121917
duquesn whistl,65.81627173058021
time gone,65.22256475285955
long time,64.61464023483865
spin black,64.4837654126318
lot thing,63.906905574173194
rememb said,63.906905574173194
rememb thing,63.906905574173194
lucki sun,63.857984938605036
narrow way,62.686045437251444
someday dream,61.93871148491365
long sure,61.40754022650386
scarlet born,60.22295016973322
fade tear,60.19223991491894
lip mine,60.17689652987091
round round,60.17689652987091
want want,60.17689652987091
would word,59.80435324377244
spin spin,58.87953488832697
spin 'm,58.057419656718906
work work,56.740050545073146
duquesn like,56.53822460607467
spin magic,54.74922234670916
blow like,54.450027895552516
long road,54.104065308993505
dead lost,54.02444285927707
good-by love,53.184425820497374
love vain,53.184425820497374
town born,51.43363053060488
call love,51.29861887540138
blow like,50.341368534983346
old nothin,50.088148066614835
old roll,50.088148066614835
night day,49.33351294793798
empti arm,49.04127714796321
fade left,49.00323778499578
king earli,47.42452089405536
sun around,47.42452089405536
road way,46.73605611239952
� long,46.51671193491267
magic love,45.178290929348115
long long,44.669030012748124
night call,43.022292184131146
em fight,42.94502182906274
full empti,42.94502182906274
mayb mayb,42.524050373844304
said today,41.9688258935966
thing today,41.9688258935966
year may,41.706987293142156
whistl like,41.613424148409514
alway tri,39.65432812254393
right wrong,38.91639400510875
comin time,38.454379547665035
time comin,38.454379547665035
gone dawn,38.21456885454592
road long,37.929516026439025
call day,37.65266081270197
heaven day,37.65266081270197
nothin day,37.65266081270197
roll day,37.65266081270197
earli earli,37.566103533611916
sure way,36.951557111735696
love way,36.35648198692819
black love,36.2805200692954
blow blow,35.577519636602894
deep thing,35.577519636602894
lot said,35.577519636602894
full arm,35.55935864569975
magic spin,34.64729248191168
comin long,33.452396563844765
long comin,33.452396563844765
love spin,32.94593176430815
lucki old,32.75436986399913
bed head,32.19264592946736
tell someon,32.19264592946736
good year,30.99521163230835
next one,29.42485801587387
love 'm,28.98437990752205
long work,28.17020947070377
young heart,28.12938808571821
black spin,28.0076163931411
need way,27.23111481565763
like earli,26.861268196905815
roman earli,26.308507063979324
saw saw,25.965612915156555
much long,25.795726955859664
love fade,25.623209911434905
nevertheless love,25.623209911434905
must wrong,23.7416845091601
mayb 'm,23.5680492516628
sad moon,23.240514742141766
town scarlet,21.607849432526077
left tear,20.989661062842437
em em,20.76519487098868
side side,20.76519487098868
never let,20.54340642152355
unless way,20.418141977431993
arm moon,20.044154384818757
home long,19.230281162826564
time time,19.212519995266522
old sun,18.8978516582048
fool hold,18.75004391394663
'm magic,18.2308579900931
around day,17.87550396233825
went would,17.09689854040806
hold kiss,16.918075825273363
gentl long,16.71343668608165
love love,16.447809914912305
want love,16.447809914912305
like duquesn,16.385871883846374
thing said,15.665270691609978
'm call,14.964567231557819
like king,14.597565780085363
like roman,14.597565780085363
time time,14.571409228152024
old love,14.494099961983371
'm black,14.334560349515685
deep love,14.050382474257875
love lot,14.050382474257875
love rememb,14.050382474257875
scarlet scarlet,13.99290254172672
nevertheless 'm,13.915834054389801
moon empti,13.379241365933316
wrong must,12.994534900932033
'd went,12.809599550062295
long gone,12.748233074763009
noth love,11.988178188314096
someday mayb,11.795727742154506
'm fool,11.425161673788718
someday love,10.956651754307394
time leav,10.956651754307394
like hear,10.942601327003414
like lucki,10.942601327003414
moon arm,10.917401158322907
away would,10.473801328555549
love tear,10.345492564047994
town town,9.913271551805751
'm old,9.654166936630864
may see,9.16093542881206
girl time,8.897126694871142
time girl,8.897126694871142
alon long,8.870228463692458
'm want,8.657715088558222
blow blow,8.459047072671543
love left,8.134454647466345
may road,7.922935657993068
way good,7.839732322202525
hand long,7.651497928609906
'm weak,7.474669997243392
dream love,7.4285782376886385
home time,7.4285782376886385
never never,7.270300368186526
went away,7.139044986490294
one day,6.934377154457406
like listen,6.83414608789603
'm 'm,6.355580836333837
love thing,5.495297791219021
time said,5.495297791219021
'm love,5.178693397637809
like old,5.111828756906241
heart never,5.044449309747305
time would,5.044449309747305
'm mayb,4.788590157289394
