NGRAM,VALUE,
meet babi round,1150249.948600944
dot moonbeam pug-nos,864163.2100196494
nothin roll heaven,649102.3533039668
grow cold grow,645943.1325898191
babi round love,575741.948657901
mine babi round,575741.948657901
dream titan sink,520855.74928960303
dot moonbeam dream,520332.39199915784
dot pug-nos dream,519277.71916103055
moonbeam pug-nos dream,518753.786148256
wrong along without,470250.5148668281
fight em whiskey,465353.02014039946
clown tri chang,461267.2790694744
across crowd room,434046.60541696404
meet mine round,384611.257428639
deep lot rememb,365112.57223824
cold grow weari,363638.4686441408
bright roll john,358443.6721677308
burn bright roll,326728.79681028606
nothin roll around,326515.34405789105
roll around heaven,325194.32913379476
nothin around heaven,324868.41415717086
would need word,323395.5747732644
someday deep lot,292159.88137048914
move burn bright,291686.7624959878
move burn john,291686.7624959878
move burn roll,290515.78314613557
shine move burn,290515.78314613557
babi round spin,289285.0096518032
earli roman king,262778.2138472597
sun nothin roll,261340.9772966682
tri chang fairi,260617.95420761453
move roll john,260441.09913950012
shine burn bright,259270.7326872771
burn roll john,259270.11978964787
move bright roll,258367.89362310292
burn bright john,258295.9563887824
move bright john,258295.9563887824
shine move bright,258099.75333742486
lot rememb today,244415.3039785938
lost grow cold,242640.60379912413
light move burn,239125.88772041883
high fight em,232989.14680796917
listen whistl blow,225948.83748082077
alway clown tri,216171.77243742975
watchman lay dream,213007.84745897568
light move roll,212120.14790257797
shine light move,212120.14790257797
light burn bright,211751.95148749443
light move bright,211430.83831358695
fool hold seek,211357.77202992537
dream dream titan,211298.68754743904
light burn roll,211270.11895496934
shine light burn,211270.11895496934
dream lot rememb,209685.01132302807
dream deep rememb,209048.2568732872
dream deep lot,208785.46158090793
light bright roll,189386.0578713676
gentl pray long,189144.29631232872
shine light bright,189117.7141215416
need wrong right,188230.57989027663
listen duquesn blow,186407.910380549
duquesn whistl blow,184671.39846348605
lucki sun nothin,173778.78061221523
good lean year,172754.47679622032
someday dream lot,167743.07202414685
someday dream deep,167403.38446292983
black magic call,164079.5938108096
hear whistl blow,154447.45452544192
roll john roll,148481.689445442
lean year may,148189.1164672199
listen duquesn whistl,145109.147591273
way work someday,140925.18989131402
old nothin roll,138791.04015372
listen blow blow,137065.80955343798
whistl blow blow,136408.90450491873
must wrong along,134687.1595847649
duquesn whistl blow,131889.70262519646
sun roll around,130688.67156127896
sun nothin around,130227.35097866188
narrow way work,130109.4379397084
lay dream dream,120175.30055618328
rememb thing today,115931.71004663793
rememb said today,115754.81446157354
old black magic,114267.06664399723
listen duquesn blow,113975.96247062861
duquesn blow blow,111986.61180591346
sure work someday,111502.00940523713
spin love spin,110134.69122414613
work sure someday,109699.93366813783
nothin roll day,106272.06302827597
listen whistl blow,106237.21255831771
roll heaven day,104391.76994724022
nothin heaven day,104043.16735706925
narrow sure work,103020.09986090119
narrow work sure,101357.93344981373
lot rememb thing,99126.43019727027
magic call love,98967.67614969044
year may know,98823.28432335344
lot rememb said,98611.20583252523
deep rememb thing,98033.5605345438
round love spin,97996.52997362016
round spin love,97996.52997362016
deep lot thing,97913.02152199422
round round spin,97177.75401411146
mine round spin,96253.06434475354
old magic call,94871.09623628798
lucki old nothin,91919.41010465565
duquesn whistl blow,88020.21338248758
love spin black,83975.73744592702
old black call,77422.13945811788
night day strip,75571.72003864023
call love spin,74427.22403857797
call spin love,73775.09091142601
way sure someday,71119.96209508913
long narrow way,69853.06672834976
love spin old,69553.65911639271
wrong right wrong,68719.97961134462
whistl blow like,68115.10004744686
magic spin love,66264.11392554746
lot said today,66073.96328179681
lot thing today,66058.58149108617
magic call love,65754.92220082461
narrow way sure,65659.16039127913
road narrow work,65654.42591881029
away would need,64928.81686960117
saw dug long,63050.108857332525
work sure work,61242.762341256566
fade left tear,59407.26239400255
spin black magic,58098.271461171884
work work someday,56892.89900661058
duquesn blow like,56101.26365579939
long narrow sure,55236.978391570636
old sun nothin,55152.67724057202
old sun roll,54901.30824175459
love old black,53928.375408465596
duquesn blow like,53408.71459347747
around heaven day,53335.46337630036
roll around day,53068.85031335624
black call love,53008.7911827396
narrow work work,52521.43653979045
nothin around day,52392.68485171135
magic call spin,50606.80184289093
scarlet town born,50123.58368203227
spin love old,49501.64249333553
round spin spin,49218.45117820944
black magic love,48947.77005922348
call love spin,48797.93342077785
rememb thing said,46740.33554429084
sure love way,45357.99055947964
duquesn whistl like,44638.124767964735
hear duquesn blow,43356.84830165721
road narrow way,42714.003034486144
blow blow like,41962.359721096225
love lot rememb,41960.08702012675
roman king earli,41007.20534202428
deep love rememb,40881.11305343321
deep love lot,40629.667693283736
black call spin,40243.028147429824
way work sure,40158.95648094846
full empti arm,39686.238721746144
way sure work,39533.82340351674
spin old black,38701.41500984706
black magic spin,38554.80891347397
call spin spin,37195.49272372899
lucki old sun,36780.84184038166
road long narrow,36186.374052825886
long road narrow,35493.592228908645
someday love lot,33596.948391010264
long work sure,33454.09254129349
whistl blow like,32992.0774910473
earli roman earli,32763.914326165104
spin old magic,32763.187257652076
someday deep love,32733.15483227135
full moon empti,32360.284492126008
love fade tear,32183.16332855261
time comin gone,31306.461702047105
comin time gone,31262.49741582119
thing said today,31211.33901665696
earli king earli,30700.78346425281
love spin 'm,29268.630760763175
spin love 'm,29092.850157047757
long narrow work,28273.731697682306
comin long gone,27649.07901179261
full moon arm,27175.31104382995
love fade left,26648.47327975569
lot thing said,26507.365176623527
spin 'm old,26311.891548383308
road way work,26293.130465283884
like roman king,25693.431758076276
call love love,24948.683114891573
spin spin old,24696.085096102124
wrong must wrong,24650.81982320447
dream deep love,24039.15616956889
dream love rememb,23937.522520286406
old call love,23831.135195211893
dream love lot,23421.282406727747
'm black magic,23034.74887595456
'm magic call,22718.388512025573
magic love love,22283.534811744852
road long work,21612.675321549457
long way sure,21278.999269030675
old magic love,21274.288647495137
like earli roman,20615.19417164856
way work work,20122.185410674818
night call day,19671.93764111277
someday dream love,19149.55922027459
whistl blow like,19113.56153629656
like earli king,18541.80937780316
old black love,18208.24810454644
love 'm old,17927.823046438152
love spin love,17913.88561839675
love love spin,17774.234939230588
'm black call,17433.79614918064
love 'm black,16660.611568487748
long long narrow,15910.575353309334
spin 'm black,15683.168479763428
scarlet scarlet town,15142.459156880053
scarlet town scarlet,15078.066925114903
spin spin 'm,14382.647588127009
long road way,14188.73783968438
moon empti arm,13820.99878485063
road long way,13755.396549573694
blow like blow,13533.893972576276
scarlet town town,13499.192857060014
town scarlet town,13422.958020530936
time comin time,12547.490759902357
'm old magic,12322.815921764324
long road long,11949.443698629064
love left tear,11791.580222731955
love rememb thing,11703.496707534248
'm fool want,11523.905398593424
long time comin,11401.156989038185
comin long time,11346.158961326184
love lot thing,11329.817456649145
deep love thing,11295.935486797445
time comin long,11289.340653634574
long way work,11204.034782216331
magic love spin,11136.97407302613
love rememb said,11088.086668616636
like listen duquesn,10965.634077363451
love lot said,10937.259252311977
'm old black,10919.247832800691
time 'd leav,10897.976549362931
long comin time,10761.06810548981
spin 'm magic,10435.203356414157
round spin 'm,10074.84130478206
went away would,10044.428702167432
'm old call,9951.458250222351
long comin long,9752.924352806313
black love spin,9203.912479323057
blood night day,8784.2139308377
time said leav,8678.552574464911
love spin spin,8460.886269248387
like lucki old,7317.335582576007
mayb nevertheless 'm,6900.871242143688
sure 'm way,6659.862299084257
love spin 'm,6413.221525206969
long long way,6133.830832310787
time time gone,5455.657223246495
long time gone,5150.505969189111
nevertheless 'm love,4715.564633108649
time long gone,4695.895179092422
time said 'd,3629.029749673236
'm fool hold,3525.4175517586796
love love 'm,3228.9495375797674
love thing said,3120.3829940369396
long time time,2912.816019354513
home long time,2875.918523876591
long long time,2875.26346461552
'm love way,2330.8762674368827
time long time,2320.654735614561
long time long,2117.1203559897926
'm love mayb,763.667511305004
