NGRAM,VALUE,
anywher belong,10.143064280631412
belong bodi,10.143064280631412
belong christ-forsaken,10.143064280631412
freddi po,10.143064280631412
gutter thank,9.728026781352568
lay shade,9.143064280631412
pick gutter,9.143064280631412
care stay,8.728026781352568
belong belong,8.558101779910256
fill earli,8.558101779910256
freddi freddi,8.558101779910256
stay mississippi,8.558101779910256
shade nobodi,8.406098686465207
behind boot,8.143064280631412
behind bring,8.143064280631412
behind hang,8.143064280631412
bit blue,8.143064280631412
bit workingman,8.143064280631412
boot fight,8.143064280631412
boot hang,8.143064280631412
bottom behind,8.143064280631412
bottom boot,8.143064280631412
bottom bring,8.143064280631412
bottom lag,8.143064280631412
bring boot,8.143064280631412
bring hang,8.143064280631412
comin barren,8.143064280631412
door freddi,8.143064280631412
fight frontlin,8.143064280631412
fight littl,8.143064280631412
frontlin bit,8.143064280631412
frontlin littl,8.143064280631412
frontlin workingman,8.143064280631412
hang fight,8.143064280631412
hang frontlin,8.143064280631412
lag behind,8.143064280631412
lag boot,8.143064280631412
lag bring,8.143064280631412
littl bit,8.143064280631412
littl blue,8.143064280631412
littl workingman,8.143064280631412
meet behind,8.143064280631412
meet bottom,8.143064280631412
meet bring,8.143064280631412
meet lag,8.143064280631412
miss moor,8.143064280631412
miss netti,8.143064280631412
miss winter,8.143064280631412
moor winter,8.143064280631412
netti moor,8.143064280631412
netti winter,8.143064280631412
readi unload,8.143064280631412
roll tumbl,8.143064280631412
workingman blue,8.143064280631412
behind shoe,7.82113618574405
boot shoe,7.82113618574405
bring shoe,7.82113618574405
dawn lay,7.82113618574405
deal goe,7.82113618574405
feel honest,7.82113618574405
lag shoe,7.82113618574405
let let,7.82113618574405
nohow might,7.82113618574405
shoe fight,7.82113618574405
shoe hang,7.82113618574405
sugar nohow,7.82113618574405
summer night,7.82113618574405
winter love,7.82113618574405
winter rise,7.82113618574405
compani tweedle-de,7.558101779910256
stop readi,7.558101779910256
understand feel,7.558101779910256
best bit,7.558101779910255
best frontlin,7.558101779910255
best littl,7.558101779910255
brain nohow,7.558101779910255
fight best,7.558101779910255
hang best,7.558101779910255
roll whole,7.558101779910255
tumbl whole,7.558101779910255
understand honest,7.558101779910255
love shall,7.499208090856688
rise love,7.499208090856688
rise shall,7.499208090856688
water risin,7.4205982561603205
brand new,7.406098686465206
spent woman,7.406098686465206
happi winter,7.3357093585738085
miss happi,7.3357093585738085
moor happi,7.3357093585738085
netti happi,7.3357093585738085
nohow went,7.3357093585738085
summer day,7.335709358573808
went might,7.335709358573808
shoe best,7.2361736850228935
sugar brain,7.2361736850228935
comin field,7.143064280631412
fight sing,7.143064280631412
frontlin sing,7.143064280631412
lover comin,7.143064280631412
nohow without,7.143064280631412
sing bit,7.143064280631412
sing blue,7.143064280631412
sing littl,7.143064280631412
sing workingman,7.143064280631412
meet moonlight,7.143064280631411
moonlight alon,7.143064280631411
summer night,7.143064280631411
summer summer,7.143064280631411
without might,7.143064280631411
day night,7.013781263686446
happi rise,7.013781263686446
moor river,6.9731392791891
winter river,6.9731392791891
everybodi lift,6.973139279189099
feel knew,6.973139279189099
freddi boy,6.973139279189099
high risin,6.973139279189099
honest knew,6.973139279189099
someday worri,6.973139279189099
thing mississippi,6.973139279189099
thing stay,6.973139279189099
turn cri,6.973139279189099
wrong mississippi,6.973139279189099
wrong stay,6.973139279189099
heart burn,6.973139279189097
dum dee,6.82113618574405
dum tweedle-de,6.82113618574405
might goin,6.82113618574405
tweedle-de dum,6.82113618574405
burn yearn,6.821136185744048
heart yearn,6.821136185744048
brain went,6.7507468578526515
hot summer,6.728026781352568
meet alon,6.728026781352568
travel care,6.728026781352568
tweedle-de dee,6.710104873355305
tweedle-de tweedle-de,6.710104873355305
understand knew,6.710104873355305
last hour,6.683632661994115
nohow year,6.683632661994115
roll cri,6.683632661994115
someday anymor,6.683632661994115
tumbl cri,6.683632661994115
year might,6.683632661994114
high water,6.683632661994113
worri anymor,6.683632661994113
went without,6.657637453461169
river love,6.651211184301737
river rise,6.651211184301737
river shall,6.651211184301737
tweedle-de dum,6.651211184301737
night day,6.598743764407602
fill fill,6.558101779910256
mississippi long,6.558101779910256
stay long,6.558101779910256
tweedle-de dee,6.558101779910256
wo moonlight,6.558101779910256
woke morn,6.558101779910256
best sing,6.558101779910255
brain without,6.558101779910255
mind paid,6.558101779910255
dream keep,6.528354436516204
love left,6.499208090856688
love one,6.499208090856688
rise one,6.499208090856688
shall left,6.499208090856688
shall one,6.499208090856688
shall tell,6.499208090856688
beyond horizon,6.432570897826397
talk walk,6.388176778467942
day summer,6.335709358573808
dream live,6.335709358573808
keep live,6.335709358573808
tweedle-de dee,6.295067374076462
kill last,6.268595162715271
look see,6.268595162715271
dum tweedle-de,6.2361736850228935
dum dee,6.2361736850228935
rainin break,6.2361736850228935
rainin leve,6.2361736850228935
say tweedle-de,6.2361736850228935
cri turn,6.198205834823872
went year,6.198205834823872
happi river,6.165784357131495
'd honest,6.143064280631412
someday po,6.143064280631412
without goin,6.143064280631412
wo alon,6.143064280631412
wo meet,6.143064280631412
feel 'd,6.143064280631411
tumbl long,6.143064280631411
worri po,6.1430642806314095
brain year,6.098670161272959
cri whole,6.098670161272959
say dum,6.084170591577844
one mississippi,6.055601439381072
one stay,6.055601439381072
left black,6.013781263686445
tell black,6.013781263686445
year without,6.005560756881476
high everywher,5.973139279189099
man freddi,5.973139279189099
way belong,5.973139279189099
water everywher,5.946667067827908
summer day,5.920671859294964
leve break,5.914245590135531
understand 'd,5.880029874797618
po anymor,5.853557663436425
cri cri,5.8356357554391645
back fight,5.8211361857440505
back frontlin,5.8211361857440505
boot back,5.8211361857440505
bring back,5.8211361857440505
hang back,5.8211361857440505
burn still,5.821136185744048
heart still,5.821136185744048
babi worri,5.788714708051673
po boy,5.780494201246703
'd like,5.728026781352568
care care,5.728026781352568
road nohow,5.728026781352568
year goin,5.683632661994114
still yearn,5.669133092298998
walk heart,5.6512111843017365
keep rainin,5.6195023245744
ever sinc,5.619502324574398
love ever,5.619502324574398
might keep,5.619502324574398
sometim give,5.598743764407601
dee tweedle-de,5.558101779910256
whole long,5.558101779910256
wrong care,5.558101779910256
rainin rainin,5.558101779910255
someday babi,5.499208090856688
babi nohow,5.499208090856687
left tell,5.499208090856687
one left,5.499208090856687
one tell,5.499208090856687
shoe back,5.499208090856687
sugar babi,5.499208090856686
shall world,5.42881876296529
sugar road,5.4060986864652065
thing wrong,5.388176778467943
tweedle-de tweedle-de,5.388176778467943
wrong long,5.388176778467943
look eye,5.3357093585738085
moor gone,5.3357093585738085
netti gone,5.3357093585738085
road went,5.3357093585738085
summer gone,5.3357093585738085
winter gone,5.3357093585738085
ever shall,5.2975742296870365
keep break,5.2975742296870365
keep leve,5.2975742296870365
rise ever,5.2975742296870365
'd knew,5.295067374076461
alway someon,5.26859516271527
back best,5.2361736850228935
break rainin,5.2361736850228935
leve rainin,5.2361736850228935
roll night,5.2361736850228935
tumbl night,5.2361736850228935
babi anymor,5.209701473661699
keep paid,5.204464825295555
care long,5.143064280631412
road brain,5.143064280631412
went keep,5.134075497404156
gone love,5.013781263686446
gone rise,5.013781263686446
mississippi day,5.013781263686446
night gone,5.013781263686446
stay day,5.013781263686446
work day,5.013781263686446
babi went,5.013781263686444
man comin,4.973139279189099
black eye,4.943391935795048
world black,4.943391935795048
without keep,4.941430419461761
babi brain,4.914245590135532
break break,4.914245590135531
break leve,4.914245590135531
leve leve,4.914245590135531
lot thing,4.882536730408193
back sing,4.8211361857440505
say dee,4.82113618574405
last last,4.809163544077973
see see,4.809163544077973
year keep,4.745033206658258
cri long,4.683632661994115
mind away,4.683632661994115
babi po,4.669133092298997
summer gone,4.65763745346117
night fill,4.651211184301737
whole night,4.651211184301737
burn walk,4.6512111843017365
heart walk,4.6512111843017365
rainin keep,4.6195023245744
ever tell,4.619502324574398
keep goin,4.619502324574398
