NGRAM,VALUE,
belong bodi christ-forsaken,21.70116606054167
anywher belong belong,20.116203559820512
belong belong bodi,20.116203559820512
belong belong christ-forsaken,20.116203559820512
freddi freddi po,20.116203559820512
freddi po boy,18.531241059099358
door freddi freddi,18.116203559820512
behind boot hang,17.701166060541667
behind bring boot,17.701166060541667
behind bring hang,17.701166060541667
bit workingman blue,17.701166060541667
boot hang fight,17.701166060541667
bottom behind boot,17.701166060541667
bottom behind bring,17.701166060541667
bottom bring boot,17.701166060541667
bottom lag behind,17.701166060541667
bottom lag boot,17.701166060541667
bottom lag bring,17.701166060541667
bring boot hang,17.701166060541667
comin barren field,17.701166060541667
fight frontlin littl,17.701166060541667
frontlin bit workingman,17.701166060541667
frontlin littl bit,17.701166060541667
frontlin littl workingman,17.701166060541667
hang fight frontlin,17.701166060541667
lag behind boot,17.701166060541667
lag behind bring,17.701166060541667
lag bring boot,17.701166060541667
littl bit blue,17.701166060541667
littl bit workingman,17.701166060541667
littl workingman blue,17.701166060541667
meet behind bring,17.701166060541667
meet bottom behind,17.701166060541667
meet bottom bring,17.701166060541667
meet bottom lag,17.701166060541667
meet lag behind,17.701166060541667
meet lag bring,17.701166060541667
miss moor winter,17.701166060541667
miss netti moor,17.701166060541667
miss netti winter,17.701166060541667
netti moor winter,17.701166060541667
anywher way belong,17.531241059099358
man freddi po,17.531241059099358
way belong bodi,17.531241059099358
behind boot shoe,17.379237965654305
behind bring shoe,17.379237965654305
behind shoe hang,17.379237965654305
boot shoe fight,17.379237965654305
boot shoe hang,17.379237965654305
bring boot shoe,17.379237965654305
bring shoe hang,17.379237965654305
lag behind shoe,17.379237965654305
lag boot shoe,17.379237965654305
lag bring shoe,17.379237965654305
shoe hang fight,17.379237965654305
care care stay,17.286128561262824
best frontlin bit,17.116203559820512
best frontlin littl,17.116203559820512
best littl bit,17.116203559820512
fight best frontlin,17.116203559820512
fight best littl,17.116203559820512
hang best frontlin,17.116203559820512
hang fight best,17.116203559820512
roll tumbl whole,17.116203559820512
winter rise love,17.057309870766943
freddi freddi boy,16.9462785583782
thing stay mississippi,16.9462785583782
wrong stay mississippi,16.9462785583782
miss happi winter,16.89381113848406
miss moor happi,16.89381113848406
miss netti happi,16.89381113848406
moor happi winter,16.89381113848406
netti happi winter,16.89381113848406
netti moor happi,16.89381113848406
shoe fight best,16.79427546493315
shoe hang best,16.79427546493315
sugar brain nohow,16.79427546493315
understand feel honest,16.79427546493315
rise love shall,16.73538177587958
care long stay,16.701166060541667
fight frontlin sing,16.701166060541667
fight sing littl,16.701166060541667
frontlin sing bit,16.701166060541667
frontlin sing littl,16.701166060541667
frontlin sing workingman,16.701166060541667
sing bit blue,16.701166060541667
sing bit workingman,16.701166060541667
sing littl bit,16.701166060541667
sing littl blue,16.701166060541667
sing littl workingman,16.701166060541667
sing workingman blue,16.701166060541667
summer day night,16.571883043596706
happi winter rise,16.5718830435967
nohow went might,16.5718830435967
moor winter river,16.531241059099358
stay mississippi long,16.531241059099358
summer summer night,16.37923796565431
nohow without might,16.379237965654305
brain nohow went,16.308848637762907
roll tumbl cri,16.24173444190437
feel honest knew,16.209312964211996
winter river love,16.209312964211993
winter river rise,16.209312964211993
best frontlin sing,16.116203559820512
best sing bit,16.116203559820512
best sing littl,16.116203559820512
brain nohow without,16.116203559820512
fight best sing,16.116203559820512
one stay mississippi,16.028740718570173
man freddi freddi,15.9462785583782
understand feel knew,15.9462785583782
way belong belong,15.9462785583782
understand honest knew,15.946278558378198
nohow year might,15.919806347017008
nohow went without,15.893811138484065
summer day summer,15.893811138484065
went without might,15.893811138484063
river love shall,15.887384869324631
river rise love,15.887384869324631
river rise shall,15.887384869324631
love shall left,15.735381775879581
love shall one,15.735381775879581
rise love one,15.735381775879581
rise shall one,15.735381775879581
happi winter river,15.723886137041752
moor happi river,15.723886137041752
meet moonlight alon,15.701166060541667
brain nohow year,15.656771941183214
roll cri whole,15.656771941183214
tumbl cri whole,15.656771941183214
day summer night,15.571883043596701
door man freddi,15.531241059099356
man comin barren,15.531241059099356
nohow went year,15.434379519846765
went year might,15.434379519846765
happi river rise,15.401958042154387
feel 'd honest,15.379237965654308
back fight frontlin,15.379237965654305
boot back fight,15.379237965654305
boot hang back,15.379237965654305
bring boot back,15.379237965654305
bring hang back,15.379237965654305
hang back fight,15.379237965654305
hang back frontlin,15.379237965654305
without might goin,15.379237965654305
thing wrong mississippi,15.361316057657046
thing wrong stay,15.361316057657046
brain went without,15.308848637762907
travel care care,15.286128561262826
nohow year without,15.24173444190437
year without might,15.24173444190437
heart burn yearn,15.209312964211989
travel wrong care,15.116203559820514
tumbl whole long,15.116203559820514
understand feel 'd,15.116203559820514
understand 'd honest,15.116203559820512
wo meet moonlight,15.116203559820509
wo moonlight alon,15.116203559820509
dream keep live,15.086456216426459
high water risin,15.071809440462058
someday worri anymor,15.071809440462054
boot shoe back,15.057309870766943
bring shoe back,15.057309870766943
shoe back fight,15.057309870766943
shoe hang back,15.057309870766943
stay mississippi day,14.986920542875545
sugar road nohow,14.964200466375463
wrong mississippi long,14.9462785583782
wrong stay long,14.9462785583782
year might goin,14.919806347017005
moor winter gone,14.893811138484065
netti moor gone,14.893811138484065
netti winter gone,14.893811138484065
brain went year,14.84941701912561
back best frontlin,14.79427546493315
back fight best,14.79427546493315
dee tweedle-de dum,14.79427546493315
dum tweedle-de dee,14.79427546493315
hang back best,14.79427546493315
roll tumbl night,14.79427546493315
went year without,14.756307614734126
love one left,14.735381775879581
shall left tell,14.735381775879581
shall one left,14.735381775879581
shall one tell,14.735381775879581
sugar babi nohow,14.735381775879581
road brain nohow,14.70116606054167
wo meet alon,14.701166060541667
brain year without,14.656771941183212
dum tweedle-de dee,14.624350463490838
tweedle-de dum dee,14.624350463490838
tweedle-de dum tweedle-de,14.624350463490838
cri turn cri,14.586382613291818
summer night gone,14.571883043596703
winter gone love,14.5718830435967
winter gone rise,14.5718830435967
love ever shall,14.533747914709927
rise ever shall,14.533747914709927
rise love ever,14.533747914709927
'd honest knew,14.531241059099354
feel 'd knew,14.531241059099354
lover man comin,14.531241059099354
someday worri po,14.53124105909935
road nohow went,14.478773639205222
say dum tweedle-de,14.472347370045789
say tweedle-de dum,14.472347370045789
babi brain nohow,14.472347370045785
shoe back best,14.472347370045785
one thing mississippi,14.443778217849019
one thing stay,14.443778217849019
one wrong mississippi,14.443778217849019
one wrong stay,14.443778217849019
sugar road brain,14.379237965654308
back fight sing,14.379237965654305
back frontlin sing,14.379237965654305
went might keep,14.370249182427049
tweedle-de dee tweedle-de,14.361316057657042
understand 'd knew,14.268206653265558
babi nohow went,14.249954948709341
gone rise love,14.249954948709341
left tell black,14.249954948709341
tumbl cri long,14.24173444190437
year without goin,14.24173444190437
someday po anymor,14.241734441904367
worri po anymor,14.241734441904367
roll whole night,14.209312964211993
say tweedle-de dee,14.209312964211993
tumbl whole night,14.209312964211993
heart burn still,14.209312964211989
without might keep,14.177604104484654
sugar babi brain,14.150419275158423
wrong care care,14.116203559820512
happi winter gone,14.086456216426459
moor happi gone,14.086456216426459
netti happi gone,14.086456216426459
summer day gone,14.086456216426459
high water everywher,14.071809440462058
say dum dee,14.057309870766943
burn still yearn,14.05730987076694
heart still yearn,14.05730987076694
tweedle-de tweedle-de dee,13.9462785583782
road brain went,13.893811138484065
summer summer gone,13.893811138484065
summer night gone,13.893811138484061
rainin leve break,13.887384869324627
someday babi worri,13.887384869324627
might keep goin,13.855676009597289
road nohow year,13.826696942625528
back best sing,13.79427546493315
day night gone,13.764528121539097
happi gone rise,13.764528121539097
one left tell,13.735381775879581
moor gone river,13.723886137041752
winter gone river,13.723886137041752
year might keep,13.718172485847358
care care long,13.70116606054167
went without keep,13.69217727731441
river ever shall,13.68575100815498
river love ever,13.68575100815498
river rise ever,13.68575100815498
babi brain went,13.664992447988183
shall left world,13.664992447988183
shall one world,13.664992447988183
shall tell world,13.664992447988183
cri whole long,13.656771941183216
say tweedle-de tweedle-de,13.624350463490838
babi worri anymor,13.597878252129643
someday babi anymor,13.597878252129643
keep mind paid,13.592641603763497
ever shall left,13.533747914709927
ever shall one,13.533747914709927
ever shall tell,13.533747914709927
love ever left,13.533747914709927
love ever one,13.533747914709927
rise ever one,13.533747914709927
wrong care long,13.531241059099354
look eye see,13.434379519846768
thing mississippi day,13.40195804215439
thing stay day,13.40195804215439
wrong mississippi day,13.40195804215439
wrong stay day,13.40195804215439
gone river love,13.401958042154387
gone river rise,13.401958042154387
tweedle-de tweedle-de dee,13.361316057657046
roll cri night,13.334843846295854
tumbl cri night,13.334843846295854
keep rainin break,13.270713508876135
keep rainin leve,13.270713508876135
road brain year,13.24173444190437
went year keep,13.232745658677114
rainin break rainin,13.209312964211989
rainin leve rainin,13.209312964211989
left world black,13.179565620817943
tell black eye,13.179565620817943
tell world black,13.179565620817943
without keep goin,13.177604104484654
day summer gone,13.086456216426459
babi worri po,13.05730987076694
someday babi po,13.05730987076694
year without keep,13.04010058073472
