NGRAM,VALUE,
wiggl wiggl wiggl,1926.8155206060196
play knick-knack paddywhack,1418.960085535678
god know god,1313.2889304527582
know god know,1309.2056174625468
play knick-knack knick-knack,1295.8476484045684
play play knick-knack,1282.5110596401985
god god know,1259.480336629275
god know know,1249.3613389139396
knick-knack paddywhack give,1212.396877621451
old man play,1134.7090284727842
wiggl wiggl wiggl,1094.8353736431586
boogi woogi countri,1094.7702091138513
boogi woogi boogi,1094.0540057777278
wiggl wiggl wiggl,1080.628477113616
babe blood eye,1072.3936870907733
man play knick-knack,1068.0312404874762
woogi boogi woogi,1057.914181585784
lordi lord lordi,1056.1298473066322
knick-knack paddywhack dog,1039.884264894707
wiggl wiggl like,1024.142919535654
weari hard time,1009.8756310969882
knick-knack paddywhack bone,1007.6555919215931
blood eye babe,951.6943288718418
knick-knack knick-knack paddywhack,941.1315800371681
lord lordi lord,937.7870779235425
woogi countri girl,932.1985696778966
black jack davey,930.2041943999304
like wiggl wiggl,923.4450484142071
good babi honey,922.7298767586391
boogi woogi boogi,918.8209715658293
woogi boogi woogi,918.8209715658293
blood blood eye,908.5098979164013
blood eye blood,908.509897916401
boogi woogi girl,907.2037919864189
boogi woogi countri,905.3002278248314
handi dandi candi,900.2020405686561
bone old man,896.8742137643678
wiggl wiggl till,895.8995517605446
hard time mani,895.7290482280226
boogi woogi woogi,889.3195853597887
boogi woogi woogi,889.3195853597887
boogi boogi woogi,889.3195853597886
blood eye eye,886.8185890434263
eye blood eye,886.8185890434261
wiggl wiggl gypsi,878.5017702653564
wiggl wiggl pail,878.5017702653564
wiggl wiggl shake,878.5017702653564
wiggl wiggl ton,878.5017702653564
bowl wiggl wiggl,878.5017702653563
gypsi wiggl wiggl,878.5017702653563
hoop wiggl wiggl,878.5017702653563
pail wiggl wiggl,878.5017702653563
queen wiggl wiggl,878.5017702653563
satin wiggl wiggl,878.5017702653563
silk wiggl wiggl,878.5017702653563
soup wiggl wiggl,878.5017702653563
wiggl wiggl rattl,878.5017702653563
paddywhack dog bone,878.0812082958048
burn ring fire,877.3109958338094
burn burn ring,874.7086887434455
handi dandi sugar,871.6953153797996
hard time linger,861.3924053783924
hard time weari,861.3924053783924
knick-knack dog bone,854.1900650249092
green wiggl wiggl,853.7153805350417
milk wiggl wiggl,853.7153805350417
wiggl wiggl green,853.7153805350417
bone came roll,849.1915256285436
dog bone came,849.1915256285433
hard time song,848.6162815018769
song hard time,848.6162815018768
cabin hard time,846.721529884841
hard time sigh,846.721529884841
sigh hard time,846.721529884841
candi handi dandi,846.3274773015926
dri wiggl wiggl,844.4638500341342
lordi lordi lord,841.5177548718136
give dog bone,839.9719683358514
mean boogi woogi,830.7175571782406
old man roll,830.2808011955931
dog old man,830.2808011955929
dress wiggl wiggl,827.8289767135391
wiggl wiggl dress,827.8289767135391
sugar handi dandi,825.872834613235
hard time day,821.4563300528957
boogi countri girl,820.1654468891516
roll wiggl wiggl,819.8541410261157
wiggl wiggl moon,819.8541410261155
wiggl wiggl roll,819.8541410261155
boogi woogi mean,819.5750987519209
old man came,812.4030069197346
around hard time,807.2947654130191
dandi handi dandi,806.8507282885174
handi dandi handi,806.8507282885174
handi dandi clear,806.0421372476756
hard time hard,805.1797915083107
time hard time,803.6304997527386
old man home,802.0044441076018
went wiggl wiggl,801.7767020763674
bone old roll,801.5710001792279
dog bone old,801.5710001792279
woogi countri mean,798.8035709590249
handi dandi like,796.629416137107
handi dandi dandi,793.6810869758112
handi handi dandi,793.6810869758112
roll old man,791.6984681404538
blood eye world,791.3267923862709
mean boogi woogi,790.997407812639
handi dandi ya,789.7634458238063
hit handi dandi,789.763445823806
lordi lordi lordi,789.2030484862746
hard time time,788.959624259187
door hard time,788.7889487180962
ten thousand women,785.5051066934356
hard hard time,784.5882094942183
burn ring ring,784.0453346269344
lordi lord lord,783.2444074640305
blood eye care,776.2469865690081
give old man,772.6827366836383
came old man,771.613844674358
honey handi dandi,770.9454957966402
mean woogi countri,770.6010648752514
paddywhack give dog,770.5008875419505
home old man,770.0001720259236
paddywhack give bone,768.5117484789009
like handi dandi,768.4993985947262
aliv boogi woogi,768.2155674679143
pleas boogi woogi,768.2155674679143
taught boogi woogi,768.2155674679143
burn ring fire,764.981933558162
tomorrow handi dandi,764.6735753413
ten thousand dress,762.4907405892029
mean woogi countri,762.3756910507327
boogi boogi woogi,755.799882043833
came roll home,753.7776821811201
woogi countri mean,751.2420590384595
paddywhack give old,750.8924961265508
hung boogi woogi,744.5151166927706
knick-knack knick-knack give,744.1207385914004
uh-huh next black,741.1804943818983
babe blood blood,739.053528712979
blood eye babe,736.9978384703489
boogi woogi countri,735.4476928301449
need boogi woogi,733.0453825771772
knick-knack give dog,732.4485679975498
man done wrong,725.889023360329
lawd lawd lawd,717.4426543205172
friend ever gone,717.1731810734016
girl boogi woogi,716.6605435881427
woogi woogi countri,716.0886869933529
paddywhack dog old,715.2158217759145
town boogi woogi,714.8748708135165
stand pat swear,713.7508512726114
roll home play,706.4565740504506
knick-knack give bone,702.2025917840667
paddywhack bone old,701.1063003714568
closer million mile,700.1227630391811
burn burn fire,697.3087994623503
bone man roll,696.3797903943243
dog bone man,696.3797903943243
thousand ten thousand,695.3159211142702
woogi boogi countri,694.1494340399734
see ten thousand,689.4981419310532
ten thousand ten,687.3926192877774
babe blood eye,682.6675642097166
pat swear step,682.1327029502064
roll man play,678.4157330327364
black jack black,675.5396744980253
babe babe blood,672.9522403275189
burn burn fire,670.5435179793362
john b. stetson,669.1354433990134
twenti cold iron,668.628530581471
old play play,666.7498080354355
still million mile,661.7513983845267
higher burn burn,657.3396291535529
cold iron bound,657.312140197909
mean boogi countri,656.1818055498477
twenti mile iron,650.0064306361556
jack black jack,648.5713949388931
ring fire ring,647.0105960039112
lord lordi lordi,646.9151513029303
dog old came,645.6995974955923
old came roll,645.6995974955923
went burn burn,639.1960397493319
boogi countri mean,638.9347513130227
dog man came,638.6769222001205
man came roll,638.6769222001204
black uh-huh next,635.1287723191568
burn burn burn,634.7790684262695
give dog old,632.8964761287613
mean boogi countri,632.0944722069015
flame burn burn,631.7731009076524
good good honey,630.4024483584701
bone old came,627.1176905044456
eye babe blood,625.7421072135932
stand pat step,624.464516179319
mile iron bound,622.7187279958117
uh-huh next uh-huh,622.2238427875866
higher burn ring,622.1980577617414
uh-huh next broken,620.8655037643274
uh-huh next juney,620.8655037643274
came roll old,619.0436511199338
give bone old,618.0339712873817
countri girl boogi,614.8693730589592
closer still million,613.2810350465875
old roll home,612.5334286217849
friend ever delia,611.8989469027647
fire ring fire,611.0486654947235
stand swear step,609.627075782819
mean countri girl,609.5259009501455
burn burn ring,608.9008031515114
countri girl mean,608.6902779980969
davey black jack,607.9965967803557
jack davey jack,602.6483879698202
closer still mile,600.80495890782
sold lordi lord,598.778830965722
walk dirt road,598.7730851975581
countri girl mean,598.4709167597165
burn fire ring,598.4665579704086
babi honey world,597.6214884329329
came roll man,595.4935562450087
uh-huh next bug,594.3767643438355
blood babe blood,594.0303469954907
uh-huh next flea,593.3893391246179
uh-huh next tick,593.3893391246179
babe eye blood,590.9800673932931
give dog man,590.5378387878026
man roll home,589.3587508095416
john b. hat,589.1730121962671
ring fire went,589.1666765975847
davey jack davey,589.1374646579973
twenti town iron,588.0968487637324
babi honey wrong,588.0248851520575
uh-huh next big,586.4371039070357
sigh weari hard,585.1728525042499
jack davey black,584.9595269913607
uh-huh next gray,584.36284301044
roll old play,584.3259786113726
old man one,584.3010007068043
eye babe care,583.9777874315043
closer 'm mile,583.8024975404052
uh-huh next snake,583.3754177912223
good good babi,582.3112997222576
boogi boogi countri,580.9331537707202
mean mean boogi,580.4856833723059
woogi mean mean,580.4856833723059
roll home old,577.5121210230438
man play play,577.2000151466561
done wrong franki,571.5816797711321
wiggl like wiggl,570.7551845953436
town iron bound,570.5555381706411
b. stetson hat,569.770311867978
town cold iron,569.1527435745071
till wiggl till,564.188307899245
woogi countri girl,563.7109772366055
worri sittin top,563.3815468750322
twenti mile cold,562.4541971249171
burn fire fire,561.6109932992772
ring ring fire,561.0598808233431
woogi girl mean,559.9095630382863
mile cold iron,559.6361856859315
lord lord lordi,559.3858217633402
bone man came,555.0977705853993
lordi lord hear,554.5577926305994
burn ring fire,553.9654361557548
uh-huh next old,553.4994452458361
uh-huh next littl,551.7357319471612
mean mean countri,551.368312713363
lordi lord went,550.6045322016045
woogi boogi woogi,548.625387132917
mile cold bound,544.9069979245826
burn burn ring,544.2333421693867
fell ring fire,544.0034660525632
uh-huh next cat,543.6693969652365
door lordi lord,543.5634467046734
babe blood babe,543.0136154834302
go-yeah stand pat,542.9252872392544
go-yeah pat swear,542.1300061705317
good babi world,541.9212259118431
mean mean woogi,539.9975529597516
ring fire flame,533.462155536025
roll home man,530.9619010884664
mean woogi girl,530.3770695886244
rounder friend ever,529.2732955857223
countri mean mean,526.415014213205
babi honey gone,526.0174593322877
twenti town cold,525.8796496285959
man came home,523.7507756404864
friend ever curti,522.9048561640627
old came home,522.7810424389829
good like honey,522.2684948054552
boogi boogi boogi,521.0918415161716
woogi woogi boogi,521.0918415161716
woogi woogi woogi,521.0918415161716
good babi gone,521.043993065666
john stetson hat,520.950530890839
till wiggl till,520.6614388984526
woogi boogi girl,519.407773785199
home man play,517.6350057448008
eye blood blood,515.9437789378755
