NGRAM,VALUE,
troubl troubl troubl,1134.6953605384329
hard hard hard,723.3387141036319
shine light shine,600.3723473022826
light shine light,566.1299777530485
readi readi readi,551.1418494278349
troubl troubl nothin,542.5358607140922
cri stop cri,508.44518226094
mrs. henri pleas,460.88873588616514
wake wake strengthen,453.89712542779876
weekend one weekend,436.9036883335257
hard hard rain,433.53277979521107
serv somebodi may,414.143847294147
stop cri babi,406.3993455603078
stop cri stop,402.3211455256924
wake strengthen thing,396.67889222998133
pleas stop cri,383.65856363776714
wake wake thing,341.85628027387844
name anim begin,337.3318977672678
one weekend one,337.3246745748429
narrow way work,324.5548404434112
gave anim begin,322.79950917023086
gave name begin,315.3288341832117
wake strengthen remain,312.18947674519285
long narrow way,308.48619575807135
pleas mrs. henri,302.1168071590886
way work someday,299.3243299001672
appl suckl tree,298.2056029037865
rememb death end,298.20076774185833
troubl nothin troubl,293.50671591389647
let wo let,277.000543979497
let let let,267.3741845797938
wake thing remain,260.2226365300955
hard rain a-gonna,255.8985285377384
cri babi pleas,249.1317757700499
lo behold lookin,247.38156125983886
hard hard a-gonna,245.07926895872936
wo let let,238.3299293452696
forev young forev,236.4538388954224
dream babi late,233.30030861099826
morn new morn,229.43229460001876
slow train comin,228.31784331830477
young forev young,226.59715459826745
wan nobodi wan,222.7776746211285
true love tend,220.15347346315147
need shot love,220.0262019733306
new morn new,216.7369281905994
rainin leve break,215.31245715618093
gave name anim,213.69330219514762
shine shine light,210.23476692130276
slow train around,209.94158009399243
anim begin gave,208.18012277150007
stay forev young,205.7052105953826
may lord serv,205.0145230163581
begin gave name,203.1996727801539
slow comin around,203.01487440949833
god know god,202.94621966600232
keep rainin leve,200.9556906025389
mrs. henri mrs.,198.8994547425071
shine light light,197.06462478698194
love true love,196.42813575549778
know god know,195.718304995607
keep rainin break,194.98569468888908
like 'd unto,193.87698200350692
far shore shore,190.26956037350294
shore far shore,190.26956037350294
mr. tambourin man,189.0088458732045
keep leve break,188.9556906025389
henri mrs. henri,188.32318870049053
right ya unto,187.67133198431623
'm glad glad,187.16575961315164
glad 'm glad,187.16575961315164
hair hang low,187.04668930100024
somebodi may lord,187.0414214923498
mr. tambourin play,186.37850181486655
tambourin man play,185.3831450793574
street clay joey,183.29727886124323
henri mrs. pleas,182.85503489517623
child clay joey,182.59338558232926
blue new morn,182.2789704202463
man name anim,181.67276008824211
mr. tambourin song,181.63918993154243
hard a-gonna fall,180.9943026670253
babi stop cri,180.89725613898688
tambourin man song,180.6438331960333
mr. man play,180.52887680765502
death end rememb,180.38174684218876
end rememb death,180.38174684218876
tree appl suckl,179.5977827637402
babi pleas stop,179.51641643606445
dead man aris,178.69762992691906
press 'm press,178.3567574626258
wiggl wiggl like,178.06705865889597
tambourin play song,178.01348913769533
suckl tree underneath,177.67133198431623
million dollar bash,177.57149109859
joey king street,177.4476538540317
somebodi may devil,177.42488843880616
bright roll john,177.30959585878136
joey king child,176.74376057511773
anim begin man,176.15958066459453
man anim begin,176.15958066459453
live polit world,176.04515838447145
narrow sure work,176.00462286958503
narrow work sure,176.00462286958503
mr. man song,175.7895649243309
tree underneath appl,175.44740777095174
shine shine shine,174.86079010585055
ya tell henri,174.35484993394826
far far shore,173.7274208944582
far shore far,173.7274208944582
end end rememb,173.36219683353488
rememb end end,173.36219683353488
mr. play song,173.15922086599295
one weekend weekend,172.5757288011879
henri henri pleas,172.27876885315968
man play song,172.1638641304838
man gave anim,171.98450102355088
forev young may,171.86677835894525
begin man name,171.1791306732484
man name begin,171.1791306732484
name begin man,171.1791306732484
want thank lord,170.9611207451028
save 'm glad,169.1326640159033
let hang low,168.8477829921094
narrow work work,168.83177920720837
want bad honey,168.77259983523996
long narrow sure,167.9703005269151
man gave name,167.00405103220473
god know know,166.93866958911622
mobil memphi blue,166.60658066917097
other like 'd,166.15702840518264
babi pleas cri,165.3318436469196
joey street child,165.2237296406672
street child joey,165.2237296406672
let hair hang,165.10445491633251
give shelter storm,164.94114704025208
light shine shine,164.32467639839388
sure work someday,163.38936759796303
work sure someday,163.38936759796303
wo queen jane,162.59338558232926
nobodi wan wan,162.10280597450028
wan wan nobodi,162.10280597450028
let hair low,161.82823298345554
begin man gave,161.49087160855717
man gave begin,161.49087160855717
burn bright roll,161.10796128588407
god god know,160.99951981446108
long narrow work,160.79745686453847
heart burn yearn,160.78232025912425
shore driftin shore,160.37343739590116
shore shore driftin,160.37343739590116
behold lookin lo,160.24134083412335
stuck mobil memphi,159.88618787925571
death end end,159.43662076721594
end end death,159.43662076721594
locust sang locust,159.2783303866069
may stay forev,159.2306816895813
knock knock knockin,158.88194082258485
road narrow work,158.76009326740248
sang locust sang,158.49116481535387
narrow way sure,158.4502638840822
work sure work,157.83177920720837
ooh babi ooh-e,157.71994193875224
stuck insid mobil,157.10280145189324
worri po anymor,156.9668327866176
work work someday,156.2165239355864
end mobil memphi,155.9052762496608
love tend forget,155.63241449081198
heaven knock knockin,155.5616408283541
knock knockin heaven,155.5616408283541
lo behold lo,155.5616408283541
clean-cut kid killer,154.94711605194743
earli roman king,154.86193809835137
mama stuck insid,154.78674851433337
stuck insid memphi,154.78674851433337
want want honey,154.7334998179322
lay lay across,154.3456160807937
light light shine,153.78856269093723
lay ladi lay,153.64591335079098
true love true,153.55974640510456
insid mobil memphi,153.42734850279487
suckl tree tree,153.27150843838876
tree suckl tree,153.27150843838876
long long narrow,152.76313452186852
heaven knock knock,152.24134083412335
knock knock heaven,152.24134083412335
lay across brass,152.24134083412335
hard rain fall,152.1190499596094
see queen jane,152.0489077421055
lay big brass,151.5416381041206
tree appl tree,151.2699766463607
need shot shot,151.25783864267473
shot need shot,151.25783864267473
heaven knock knockin,150.88194082258485
knock knockin heaven,150.88194082258485
long road narrow,150.72577092473256
road long narrow,150.72577092473256
alberta treat unkind,150.6701631316953
stuck mobil blue,150.4107913101563
long work sure,149.79745686453847
hope readi readi,148.31478736993958
said shelter storm,148.1293688804475
stuck memphi blue,148.09473837259642
driftin far shore,147.96683278661763
far driftin shore,147.96683278661763
far shore driftin,147.96683278661763
shore driftin far,147.96683278661763
shore far driftin,147.96683278661763
way sure someday,145.8350086124602
burn roll john,145.73109130438704
maggi work maggi,145.3562802476182
work maggi maggi,145.3562802476182
stuck insid blue,145.31135194523395
shot love shot,145.13831537486976
clean-cut made killer,144.526613891784
brand leopard-skin pill-box,144.46495127040657
hang low alberta,144.18165164123513
insid mobil blue,143.95195193369545
unto other like,143.74815775652866
move burn john,143.6268160577167
move burn roll,143.6268160577167
light light light,143.25244898348055
realli stuck mobil,142.88194082258485
want want bad,142.73349981793223
need shot need,142.46078097985185
burn bright john,141.84767668702509
rose dead believ,141.84767668702509
insid memphi blue,141.63589899613558
pleas mrs. mrs.,141.33813820938502
road narrow way,141.20573428189965
move roll john,141.05139129861777
end stuck mobil,140.89852071503617
happen mister jone,140.57844516911686
mama realli stuck,140.56588788502498
man aris cobweb,140.43547338639215
way sure work,140.2774202217056
way work sure,140.2774202217056
leopard-skin pill-box hat,140.00294182609957
move burn bright,139.74340144035475
'm go 'm,138.85398475997386
weekend weekend weekend,138.82193264988445
heart still yearn,138.7097104168467
clean-cut kid made,138.63088913845434
kid made killer,138.63088913845434
end stuck memphi,138.58246777747627
mama end stuck,138.58246777747627
door knock knockin,138.52737669279435
knock knockin door,138.52737669279435
babi late last,138.18644287174044
realli stuck insid,137.7825014576625
brand leopard-skin hat,137.46495127040657
brand pill-box hat,137.46495127040657
burn still yearn,137.26552836710746
move bright john,137.16797668125585
move bright roll,137.16797668125585
clay joey made,136.962196163963
realli end mobil,136.77549831090607
realli insid mobil,136.423101446124
end stuck insid,135.79908135011382
far driftin far,135.56022817733404
shot love need,135.46155194576457
strengthen thing remain,135.26216778324553
door knock knock,135.2070766985636
knock knock door,135.2070766985636
wake wake remain,134.9438888543986
end insid mobil,134.43968133857533
odd end lost,134.35642610190075
mama realli insid,134.10704850856413
door knock knockin,133.84767668702509
knock knockin door,133.84767668702509
idiot wind blow,133.40734577856142
pleas henri mrs.,133.4059386778726
shine move burn,133.20631389755323
way work work,133.10457655932893
stop babi stop,133.10280145189324
work maggi work,133.00856125113557
work work maggi,133.00856125113557
heart burn still,132.74302530234482
road long work,132.55292726235595
babi worri po,132.30819986232368
pleas mrs. henri,132.29983885165544
long way sure,132.24309787903567
ladi lay across,132.22133810988987
lay across big,132.22133810988987
end insid memphi,132.12362840101542
mama end insid,132.12362840101542
door knock heaven,131.88677670433287
heaven door knock,131.88677670433287
knock heaven door,131.88677670433287
tonight diseas conceit,131.64207014566549
'm press higher,131.56155561644056
ladi lay big,131.52163537988716
shine burn bright,131.42717452686165
wo let wo,131.31345168960019
cold iron bound,130.83222320966553
door knockin heaven,130.52737669279435
heaven door knockin,130.52737669279435
knockin heaven door,130.52737669279435
work maggi farm,130.08704578433066
one one weekend,129.89900861889527
