NGRAM,VALUE,
night night,154.02089396593482
troubl troubl,104.30615686484913
readi readi,63.92214906996688
brrr brrr,50.96690650726005
brr-brr brrr,47.51278287641078
brrr brr-brr,45.520028541596496
let let,45.50016845476764
far shore,42.62971625705252
need shot,38.86998364594981
troubl nothin,34.05491757795201
-lrb- -rrb-,33.455246268543085
shore driftin,31.16907329854652
shot love,28.199722455821867
rememb end,26.597527199384285
wo let,26.58379314165204
neighborhood bulli,26.305354340087565
death end,26.019973542696242
-rrb- -lrb-,24.610561703843974
glad glad,23.95712432229736
rose dead,23.84652996035845
thank lord,23.74069120533628
-lrb- hell,23.400688481799108
hell -rrb-,23.400688481799108
driftin far,23.210606770665496
'm glad,22.899249616711533
anybodi seen,22.88096454792554
dead believ,22.353377199787232
end end,21.64762795311553
love love,21.533234618592186
diseas conceit,20.11585920124343
lamb save,18.216867902518466
-lrb- man,18.117420824410917
hell time,18.102171699054413
end rememb,18.05617386653748
live polit,17.906413892761613
want thank,17.323372918695867
hell man,17.121530031084138
dream late,17.121145552522663
brr-brr brr-brr,16.92607927122135
glad want,16.656195654686528
blood lamb,16.249312387207144
shore shore,16.02449469686755
pretti polli,15.966867902518466
'm press,15.931458104616379
rememb death,15.634994742142998
press press,15.58453664927326
rambl break,15.58453664927326
summertim summertim,15.58453664927326
mind made,15.56822733241917
save glad,15.466484954511458
away wide,15.449900323972486
'm 'm,15.411685864082706
save blood,15.315478013829749
ooh stand,15.273908231630706
break dawn,15.242529689021902
rambl dawn,15.242529689021902
broken broken,15.216986235169106
wa-hooo wa-hooo,15.144578601678976
man -rrb-,14.841356562161979
shore far,14.60270113187031
mayb someday,14.583378321547142
need love,14.523608585192534
soon danc,14.378990277688267
vida soon,14.378990277688267
brownsvill girl,14.323372918695867
away across,14.314365454211297
ugli ugli,14.28175687189583
-rrb- hell,14.231662047550499
brownsvill curl,14.192771468905303
brownsvill teeth,14.192771468905303
clean-cut killer,14.192771468905303
dream babi,14.178709891327852
ugli ...,14.103983230188398
shot need,13.765773282761865
seen love,13.757663046553875
-lrb- time,13.722683631060459
time -rrb-,13.722683631060459
heart mine,13.54891527913058
-lrb- ugli,13.54776701577843
ugli -rrb-,13.54776701577843
save 'm,13.534269701194482
wan break,13.520076509705202
wan rambl,13.520076509705202
broken broken,13.507893199116864
broken broken,13.489865040778897
togeth vow,13.408136623347783
end death,13.401087343119126
driftin shore,13.33453664927326
clean-cut kid,13.27390823163071
kid killer,13.27390823163071
rose believ,13.27390823163071
live world,13.18783804893468
let wo,13.18665490686795
far far,13.180907566873074
wan dawn,13.17806954945384
shot shot,13.120751895714175
love ugliest,13.053060252243407
ride car,13.053060252243407
brrr brrr,12.956661215316602
fall apart,12.934058228746084
whole lot,12.732705949827045
satan peac,12.682996464578366
hope readi,12.605776642146035
lord thank,12.586242136327801
dead aris,12.578061624790095
speak dare,12.539130210429665
sometim satan,12.452042029738493
babi babi,12.442720432917607
buy back,12.41867503529214
car car,12.306147006132107
far driftin,12.268191475525336
sweetheart like,12.168917609891924
spoke citi,12.144578601678976
nineti mile,12.121306282768092
polit world,12.088851544856789
son god,12.017845786404624
babi late,11.98151246568887
ah-a summertim,11.88969109951551
love pure,11.879458693272124
nineti hour,11.855300869239256
ride brrr,11.855300869239256
wide missouri,11.855300869239256
sometim peac,11.621967031180805
broken broken,11.391012596340934
believ rose,11.277540816277678
jokerman nightingal,11.267134850597243
jokerman tune,11.267134850597243
nightingal tune,11.267134850597243
press call,11.267134850597243
press higher,11.267134850597243
mile hour,11.220803230316015
across missouri,11.192905528545229
hop love,11.150131082595333
brr-brr brr-brr-brr,11.093919024467338
driftin far,10.95479781678718
trust trust,10.95479781678718
buy grown,10.933546218592571
grown cold,10.933546218592571
jokerman bird,10.933546218592571
nightingal bird,10.933546218592571
nightingal fli,10.933546218592571
tune bird,10.933546218592571
tune fli,10.933546218592571
want lord,10.92806954945384
mile street,10.760493020106878
love love,10.733525345267534
back grown,10.644578601678976
save lamb,10.644578601678976
save save,10.644578601678976
bird fli,10.5999575865879
gold buy,10.5999575865879
silver buy,10.5999575865879
silver gold,10.5999575865879
clean-cut made,10.578061624790095
made killer,10.578061624790095
hour street,10.494487606578039
take car,10.42596578974107
danc nightingal,10.389691099515508
danc tune,10.389691099515508
jokerman danc,10.389691099515508
rollin river,10.389691099515508
shootin star,10.389691099515508
back cold,10.310989969674306
fli jokerman,10.310989969674306
gold back,10.310989969674306
silver back,10.310989969674306
stick togeth,10.310989969674306
apart tonight,10.238211621905469
beat grown,10.161686459347933
danc bird,10.056102467510836
danc fli,10.056102467510836
need need,10.043585982644574
usual rock,10.032495508201567
blood save,9.955431173723031
love need,9.848463767983354
beat heart,9.832953288875434
beat cold,9.828097827343264
buy beat,9.828097827343264
gold beat,9.828097827343264
came garden,9.767134850597243
grown silvio,9.767134850597243
nightingal high,9.767134850597243
tune high,9.767134850597243
mile end,9.764133227303772
teeth like,9.73513408791354
love anybodi,9.73198255061236
creation honor,9.718072049456612
creation neither,9.718072049456612
curtain risin,9.718072049456612
doin dump,9.718072049456612
forgiv one,9.718072049456612
gibraltar curtain,9.718072049456612
honor forgiv,9.718072049456612
honor one,9.718072049456612
jordan gibraltar,9.718072049456612
jordan rock,9.718072049456612
late a-rollin,9.718072049456612
lenni bruce,9.718072049456612
luther king,9.718072049456612
mahatma gandhi,9.718072049456612
martin king,9.718072049456612
martin luther,9.718072049456612
neither forgiv,9.718072049456612
neither honor,9.718072049456612
neither one,9.718072049456612
properti resent,9.718072049456612
risin groom,9.718072049456612
rock gibraltar,9.718072049456612
sundown sure,9.718072049456612
sundown u.s.a.,9.718072049456612
sundown union,9.718072049456612
sure greed,9.718072049456612
sweetheart doin,9.718072049456612
sweetheart dump,9.718072049456612
u.s.a. sure,9.718072049456612
union sure,9.718072049456612
union u.s.a.,9.718072049456612
driftin far,9.67879431701689
fall tonight,9.6591983875155
kid made,9.6591983875155
bound missouri,9.621842541718362
brrr brr-brr-brr,9.593919024467338
back beat,9.539130210429668
break break,9.512247348433775
break rambl,9.512247348433775
driftin driftin,9.512247348433775
rambl rambl,9.512247348433775
bird high,9.433546218592571
cold silvio,9.433546218592571
fli high,9.433546218592571
ring bell,9.433546218592571
silvio buy,9.433546218592571
silvio gold,9.433546218592571
silvio silver,9.433546218592571
drown love,9.416736898215033
black coat,9.389279042164368
groom altar,9.389279042164368
groom waitin,9.389279042164368
save grace,9.389279042164368
sure til,9.389279042164368
til greed,9.389279042164368
u.s.a. til,9.389279042164368
ride car,9.334298834313788
high light,9.307861772630924
somebodi trust,9.307861772630924
dawn break,9.284242708266198
dawn rambl,9.284242708266198
nothin troubl,9.268718099831128
nineti dead,9.255803921691333
look away,9.213246269135126
man aris,9.209065276245953
man cobweb,9.209065276245953
tonight conceit,9.17718218850791
high jokerman,9.144578601678976
tune light,9.144578601678976
look away,9.130008547872679
brrr etc.,9.11128851549381
forgiv see,9.11128851549381
idea greed,9.11128851549381
one see,9.11128851549381
properti bone,9.11128851549381
resent better,9.11128851549381
resent bone,9.11128851549381
sure idea,9.11128851549381
u.s.a. idea,9.11128851549381
waitin altar,9.060486034872126
dawn dawn,9.056238068098624
ride ride,9.056238068098624
car take,9.0413622505156
high moon,9.010493020106876
time man,8.985101170707315
togeth made,8.963351780674886
diseas lot,8.907429064263134
lot diseas,8.907429064263134
grown find,8.889691099515508
creation natur,8.870482168065815
licens kill,8.870482168065815
natur forgiv,8.870482168065815
natur honor,8.870482168065815
natur neither,8.870482168065815
natur one,8.870482168065815
bound wide,8.84998278247372
nineti end,8.840985326414847
bird light,8.810989969674306
fli light,8.810989969674306
idea til,8.782495508201567
see live,8.782495508201567
citi hear,8.772687331513598
lot tonight,8.764280433573058
tonight diseas,8.764280433573058
beat silvio,8.661686459347933
made sure,8.658075916262923
made u.s.a.,8.658075916262923
name gandhi,8.658075916262923
name mahatma,8.658075916262923
sundown made,8.658075916262923
union made,8.658075916262923
anybodi anybodi,8.643727496848818
mile dead,8.621306282768096
foundat let,8.608250594751853
