NGRAM,VALUE,
night night night,1920.3496560062397
troubl troubl troubl,887.3487470179143
readi readi readi,492.3509333473146
brrr brr-brr brrr,464.2076740403478
troubl troubl nothin,438.65901093542413
brr-brr brrr brrr,338.19485554756864
brrr brrr brr-brr,322.6911907058113
let wo let,272.36122662538
let let let,266.88277092122524
rememb death end,264.8785752110316
brrr brrr brrr,242.33392921688466
troubl nothin troubl,234.64316770598464
wo let let,234.27052666041723
-lrb- hell -rrb-,233.0912203406909
-lrb- hell time,211.89715320971212
hell time -rrb-,211.89715320971212
-lrb- hell man,207.97458653783102
hell man -rrb-,207.97458653783102
dream babi late,204.61594810926923
-lrb- man -rrb-,201.96067927714415
need shot love,196.1192331269666
-lrb- time -rrb-,194.37920093773633
hell time man,186.78051940685225
'm glad glad,184.72540828434452
glad 'm glad,184.72540828434452
want thank lord,170.3810163845573
-lrb- time man,169.26256713487643
time man -rrb-,169.26256713487643
brr-brr brr-brr brrr,169.09742777378432
brr-brr brrr brr-brr,169.09742777378432
away across wide,167.53140348297478
death end rememb,159.33615155956133
end rememb death,159.33615155956133
press 'm press,159.21550758359427
save 'm glad,158.58589854486465
far shore shore,158.50878331495144
shore far shore,158.50878331495144
dead man aris,154.7227614062163
far far shore,152.8216090549625
far shore far,152.8216090549625
-rrb- -lrb- hell,152.36612520996135
end end rememb,148.84252214456765
rememb end end,148.84252214456765
live polit world,146.5464742425409
rambl break dawn,145.04360284669025
death end end,143.208698744953
end end death,143.208698744953
brownsvill curl teeth,140.86247174547316
made mind made,138.40401006517968
hope readi readi,138.39169080009847
brrr brr-brr brr-brr,138.2841790864823
wan rambl break,138.15379012942344
wan break dawn,136.785762288418
wan rambl dawn,136.785762288418
mind made mind,135.5595396975695
man -rrb- -lrb-,134.16845107438434
clean-cut kid killer,129.1870187963748
shore driftin shore,128.4116306876957
shore shore driftin,128.4116306876957
wo let wo,126.91984116476743
'm press higher,126.2056182071669
wa-hooo wa-hooo wa-hooo,126.13707880477794
rose dead believ,125.51156584727642
babi late last,125.49140717843574
glad glad want,124.569864275615
need shot shot,124.44662499372896
shot need shot,124.44662499372896
let let wo,124.18061331269001
driftin far shore,124.146249992704
far driftin shore,124.146249992704
far shore driftin,124.146249992704
shore driftin far,124.146249992704
shore far driftin,124.146249992704
shot love shot,123.38168205886767
need shot need,121.36540204010565
'm glad 'm,121.30259391672918
sometim satan peac,121.2198539830367
man aris cobweb,120.92764697483577
shot love need,119.992336809882
far driftin far,119.88086929771227
clean-cut made killer,118.40363236901233
'm press 'm,118.23505759224814
togeth made vow,115.26509298678226
clean-cut kid made,114.72817941991396
kid made killer,114.72817941991396
fall apart tonight,113.36877940837547
nineti mile hour,112.8116911029813
take ride car,112.3036268788256
across wide missouri,109.09808808608985
press higher call,108.13707880477794
need need shot,107.86083399508962
love need shot,107.70890731693883
need love shot,107.70890731693883
mile hour street,107.36843805233646
tonight diseas conceit,105.54498985901544
ride car brrr,105.2656735189724
need love need,104.62768436331552
jokerman nightingal tune,104.62730380045102
love love ugliest,103.77491335516342
summertim ah-a summertim,103.60775379179714
jokerman nightingal bird,103.29294927243231
jokerman tune bird,103.29294927243231
nightingal tune bird,103.29294927243231
nightingal tune fli,103.29294927243231
nineti mile dead,102.41370331278961
save lamb save,102.13707880477794
nightingal bird fli,101.95859474441363
tune bird fli,101.95859474441363
nineti hour dead,101.34968165867427
danc nightingal tune,101.11752879612408
jokerman danc nightingal,101.11752879612408
jokerman danc tune,101.11752879612408
back grown cold,100.80272427675925
buy back grown,100.80272427675925
nineti mile end,100.75442893168366
silver gold buy,100.62424021639495
danc nightingal bird,99.78317426810538
danc nightingal fli,99.78317426810538
danc tune bird,99.78317426810538
danc tune fli,99.78317426810538
jokerman danc bird,99.78317426810538
nineti hour end,99.6904072775683
love 'm ugliest,99.62392687305633
gold buy back,99.46836974874057
silver buy back,99.46836974874057
silver gold back,99.46836974874057
-lrb- ugli ...,99.4059133860869
ugli ... -rrb-,99.4059133860869
blood lamb save,99.38048909295416
satan man peac,98.88854695752802
beat grown cold,98.8711557074351
buy beat grown,98.8711557074351
mile hour dead,98.8116911029813
nightingal tune high,98.62730380045102
away wide missouri,98.53499255367484
danc bird fli,98.44881974008669
shot shot love,98.34308940250051
sometim satan man,97.96472921816854
back beat grown,97.7152852397807
gold buy beat,97.5368011794164
anybodi seen love,97.40318050784447
grown cold silvio,97.29294927243231
lamb save glad,97.29294927243231
nightingal bird high,97.29294927243231
nightingal fli high,97.29294927243231
tune bird high,97.29294927243231
tune fli high,97.29294927243231
mile hour end,97.15241672187537
mile dead street,96.97045026214474
save blood lamb,96.89026409728109
save blood save,96.89026409728109
back beat cold,96.380930711762
buy back beat,96.380930711762
gold back beat,96.380930711762
bird fli high,95.95859474441363
silvio gold buy,95.95859474441363
silvio silver buy,95.95859474441363
silvio silver gold,95.95859474441363
hour dead street,95.9064286080294
away across missouri,95.88541119089875
broken broken broken,95.84649451350542
shot need love,95.56998874423951
mile end street,95.3111758810388
fli high jokerman,94.80272427675925
tune bird light,94.80272427675925
tune fli light,94.80272427675925
sometim man peac,94.64442922393778
end rememb end,94.54864809060918
hour end street,94.24715422692344
beat grown silvio,94.20551023545374
hop love love,94.18149865210879
break rambl break,94.0979787874702
rambl break rambl,94.0979787874702
love shot love,94.05241259377205
grown cold find,93.78317426810538
bound wide missouri,93.62434099993823
bird fli light,93.46836974874057
break dawn break,93.18596022679989
break dawn rambl,93.18596022679989
dawn rambl break,93.18596022679989
rambl dawn rambl,93.18596022679989
beat cold silvio,92.8711557074351
bird fli moon,92.44881974008669
fli light jokerman,92.3124992810862
dawn break dawn,92.2739416661296
dawn rambl dawn,92.2739416661296
car take ride,91.80592659412194
broken broken broken,91.49607587628154
bound across missouri,91.35327126041585
fli moon jokerman,91.29294927243231
brr-brr brrr brr-brr-brr,91.24157719141178
brrr brr-brr brr-brr-brr,91.24157719141178
want watered-down love,91.1900262342763
whole lot tonight,91.00335058104176
-rrb- -lrb- man,90.98033963857208
love need love,90.97118964014871
end death end,90.79276582419942
-rrb- hell time,90.67031312290482
tune high light,90.13707880477794
creation neither honor,89.8197638920471
honor forgiv one,89.8197638920471
jordan rock gibraltar,89.8197638920471
martin luther king,89.8197638920471
neither forgiv one,89.8197638920471
neither honor forgiv,89.8197638920471
neither honor one,89.8197638920471
sundown u.s.a. sure,89.8197638920471
sundown union sure,89.8197638920471
sundown union u.s.a.,89.8197638920471
sweetheart doin dump,89.8197638920471
union u.s.a. sure,89.8197638920471
buy heart grown,89.6548383059938
heart grown cold,89.6548383059938
lot tonight diseas,89.55819443876977
nineti dead end,89.29241948737662
grown silvio find,89.11752879612406
bird high light,88.80272427675925
fli high light,88.80272427675925
readi hope readi,88.75135219573872
break wan break,88.59275174862204
break wan rambl,88.59275174862204
rambl break wan,88.59275174862204
rambl wan rambl,88.59275174862204
sure til greed,88.50459186287814
u.s.a. sure til,88.50459186287814
back heart grown,88.49896783833944
grown cold someth,88.27794722925722
bound across wide,88.26583222343731
hell -rrb- -lrb-,88.1602516148475
driftin shore driftin,88.09797878747018
shore driftin driftin,88.09797878747018
bird high moon,87.78317426810538
cold silvio find,87.78317426810538
fli high moon,87.78317426810538
shootin star tonight,87.78317426810538
invit troubl troubl,87.73180218708484
solut troubl troubl,87.73180218708484
break dawn wan,87.68073318795174
dawn wan break,87.68073318795174
dawn wan rambl,87.68073318795174
rambl dawn wan,87.68073318795174
high light jokerman,87.64685380910487
stick togeth made,87.46836974874057
forgiv one see,87.3926297561959
properti resent bone,87.3926297561959
sure idea greed,87.3926297561959
u.s.a. sure idea,87.3926297561959
groom waitin altar,87.18941983370918
back heart cold,87.16461331032076
buy back heart,87.16461331032076
dawn wan dawn,86.76871462728143
mile dead end,86.75442893168366
gold wo buy,86.69267164707077
silver gold wo,86.69267164707077
silver wo buy,86.69267164707077
high moon jokerman,86.627303800451
beat heart grown,86.56739926901527
creation natur honor,86.42940436648391
creation natur neither,86.42940436648391
natur forgiv one,86.42940436648391
natur honor forgiv,86.42940436648391
natur honor one,86.42940436648391
natur neither forgiv,86.42940436648391
natur neither honor,86.42940436648391
natur neither one,86.42940436648391
car ride car,86.24993008278463
anybodi anybodi seen,86.20210581613314
anybodi seen anybodi,86.20210581613314
idea til greed,86.07745772702692
sure idea til,86.07745772702692
u.s.a. idea til,86.07745772702692
doin dump like,85.92057953180817
hour dead end,85.69040727756833
made u.s.a. sure,85.57977935927235
name mahatma gandhi,85.57977935927235
sundown made sure,85.57977935927235
sundown made u.s.a.,85.57977935927235
sundown union made,85.57977935927235
union made sure,85.57977935927235
union made u.s.a.,85.57977935927235
gold wo back,85.53680117941639
silver wo back,85.53680117941639
wo buy back,85.53680117941639
away rollin river,85.3705836066773
bird light moon,85.29294927243232
fli light moon,85.29294927243232
driftin driftin far,85.25439165747572
driftin far driftin,85.25439165747572
brrr brr-brr-brr brrr,85.24157719141178
readi readi meet,85.24157719141178
beat heart cold,85.23304474099658
buy beat heart,85.23304474099658
heart grown silvio,84.9891928340125
resent bone better,84.96549562034468
curtain risin new,84.8197638920471
risin new groom,84.8197638920471
love love 'm,84.21593152460655
light moon jokerman,84.13707880477794
properti jesus resent,84.13224627329743
back beat heart,84.0771742733422
