NGRAM,VALUE,
troubl troubl,93.82080260779351
readi readi,57.889479497414335
let let,47.328450994249984
far shore,40.4761436613233
need shot,34.99183892073745
troubl nothin,31.182217781498416
wo let,29.83365338848685
shore driftin,28.954723202602167
rememb end,26.915806030919104
shot love,26.488023694345166
death end,25.562274195121155
neighborhood bulli,23.863559513102008
'm glad,23.737678121377293
anybodi seen,23.010096182696238
end end,22.780307452499223
rose dead,22.426161544850903
love love,21.892210248326354
glad glad,21.802599474957162
driftin far,21.747674065090653
thank lord,21.58616635799608
dead believ,21.379895236466975
end rememb,18.290695110826302
diseas conceit,18.24860433354859
lamb save,16.924152994114348
'm press,16.50311390325212
live polit,16.326429004712132
dream late,16.30461443790483
want thank,16.055762321158856
glad want,15.388585057149513
let wo,15.136571054968837
ooh stand,15.043691550323864
blood lamb,14.95659747880303
rememb death,14.94455306825688
shore shore,14.795647780147227
dream babi,14.459820718213656
press press,14.291821740869144
summertim summertim,14.291821740869144
save glad,14.173770046107341
broken broken,14.05500985409352
save blood,14.02276310542563
save 'm,13.991594340103081
seen love,13.96272743017219
dead aris,13.873766548881552
heart mine,13.873766548881552
shore far,13.679741447986355
need love,13.404420933457772
'm 'm,13.394313010541852
mayb someday,13.379801934299048
live world,13.177688274650897
end death,13.126467734574074
clean-cut kid,13.043691550323864
clean-cut killer,13.043691550323864
kid killer,13.043691550323864
broken broken,12.763925325015164
far far,12.56383511582548
broken broken,12.433522876164727
rose believ,12.39983536054914
driftin shore,12.227361601301084
fall apart,12.124828313049271
polit world,12.079547585096655
shot need,12.04215340488971
sweetheart like,11.984813301496832
dead man,11.810649823322327
speak dare,11.677320271493588
hope readi,11.600331713387277
shot shot,11.540767007664698
babi late,11.537387948883534
satan peac,11.533916545996929
sometim satan,11.533916545996929
clean-cut made,11.428981706208656
kid made,11.428981706208656
made killer,11.428981706208656
far driftin,11.39043185218043
lord thank,11.293527227923686
spoke citi,11.282768662742898
love pure,11.155278448031984
ah-a summertim,11.02788116057943
press higher,11.02788116057943
whole lot,10.954903311606957
sometim peac,10.703841547439238
believ rose,10.512727054081305
jokerman nightingal,10.405324911661165
jokerman tune,10.405324911661165
nightingal tune,10.405324911661165
press call,10.405324911661165
driftin far,10.272095887518919
broken broken,10.241932677759495
babi babi,10.149963394161288
jokerman bird,10.071736279656491
nightingal bird,10.071736279656491
nightingal fli,10.071736279656491
tune bird,10.071736279656491
tune fli,10.071736279656491
want lord,9.977361601301084
trust trust,9.94935288802842
man aris,9.873766548881552
man cobweb,9.873766548881552
love anybodi,9.797403416108786
danc nightingal,9.782768662742898
danc tune,9.782768662742898
jokerman danc,9.782768662742898
save lamb,9.782768662742898
save save,9.782768662742898
bird fli,9.738147647651822
came garden,9.52788116057943
shootin star,9.52788116057943
danc bird,9.449180030738228
danc fli,9.449180030738228
fli jokerman,9.449180030738228
apart tonight,9.428981706208656
wo wo,9.184622171517454
blood save,9.093621234786953
driftin far,9.093621234786953
creation honor,8.999897100343212
creation neither,8.999897100343212
curtain risin,8.999897100343212
doin dump,8.999897100343212
forgiv one,8.999897100343212
gibraltar curtain,8.999897100343212
honor forgiv,8.999897100343212
honor one,8.999897100343212
jordan gibraltar,8.999897100343212
jordan rock,8.999897100343212
late a-rollin,8.999897100343212
lenni bruce,8.999897100343212
neither forgiv,8.999897100343212
neither honor,8.999897100343212
neither one,8.999897100343212
properti resent,8.999897100343212
risin groom,8.999897100343212
rock gibraltar,8.999897100343212
sundown sure,8.999897100343212
sundown u.s.a.,8.999897100343212
sundown union,8.999897100343212
sure greed,8.999897100343212
sweetheart doin,8.999897100343212
sweetheart dump,8.999897100343212
u.s.a. sure,8.999897100343212
union sure,8.999897100343212
union u.s.a.,8.999897100343212
love need,8.992614387245007
nightingal high,8.905324911661165
ring bell,8.905324911661165
tune high,8.905324911661165
drown love,8.890060356222202
somebodi trust,8.859224773918111
a-rollin across,8.67110409305097
black coat,8.67110409305097
curtain new,8.67110409305097
groom altar,8.67110409305097
groom waitin,8.67110409305097
late across,8.67110409305097
new groom,8.67110409305097
properti bone,8.67110409305097
resent bone,8.67110409305097
risin new,8.67110409305097
save grace,8.67110409305097
sure til,8.67110409305097
til greed,8.67110409305097
u.s.a. til,8.67110409305097
anybodi anybodi,8.650437409497696
driftin driftin,8.650437409497696
high light,8.639545730271358
high moon,8.639545730271358
need need,8.607236084417774
bird high,8.571736279656491
fli high,8.571736279656491
foundat let,8.571736279656491
tune light,8.571736279656491
fall tonight,8.510118468934062
diseas lot,8.465358301557258
lot diseas,8.465358301557258
citi hear,8.42243276933012
forgiv see,8.39311356638041
idea greed,8.39311356638041
jesus resent,8.39311356638041
licens kill,8.39311356638041
one see,8.39311356638041
properti jesus,8.39311356638041
resent better,8.39311356638041
sure idea,8.39311356638041
u.s.a. idea,8.39311356638041
waitin altar,8.342311085758727
high jokerman,8.282768662742898
stand dead,8.282768662742898
nothin troubl,8.263273171072369
lot tonight,8.259056704766342
press 'm,8.24369575507731
bird light,8.238147647651822
bird moon,8.238147647651822
fli light,8.238147647651822
fli moon,8.238147647651822
eye tooth,8.19991768027457
creation natur,8.152307218952416
natur forgiv,8.152307218952416
natur honor,8.152307218952416
natur neither,8.152307218952416
natur one,8.152307218952416
bone better,8.064320559088166
bone stone,8.064320559088166
idea til,8.064320559088166
jesus bone,8.064320559088166
see real,8.064320559088166
see live,8.064320559088166
tonight conceit,8.028102269926473
seen anybodi,8.027881160579428
watered-down love,8.005048091348119
light jokerman,7.949180030738226
moon jokerman,7.949180030738226
glad 'm,7.9460948821602955
long black,7.939900967149525
made sure,7.939900967149525
made u.s.a.,7.939900967149525
sundown made,7.939900967149525
union made,7.939900967149525
love shot,7.79369928935675
better stone,7.786330032417608
fall sky,7.786330032417608
jesus better,7.786330032417608
tonight diseas,7.615200514991619
long coat,7.611107959857283
satan man,7.533916545996927
aris cobweb,7.521845775161932
heal crippl,7.521845775161932
conceit whole,7.420405408657048
seen seen,7.405324911661164
thank thank,7.405324911661164
made idea,7.333117433186722
rose rose,7.304717337561618
want drown,7.27675757127605
conceit lot,7.232109085531259
age groom,7.19991768027457
curtain age,7.19991768027457
drown watered-down,7.19991768027457
risin age,7.19991768027457
wan watered-down,7.19991768027457
west gibraltar,7.19991768027457
west jordan,7.19991768027457
west rock,7.19991768027457
anybodi love,7.194066543112301
diseas whole,7.110729092455909
whole tonight,7.10922477391811
glad thank,7.071736279656492
shootin tonight,7.071736279656492
'm higher,6.9957971700515404
age waitin,6.936883274440776
new age,6.936883274440776
stay closer,6.936883274440776
dead rose,6.902307218952415
away licens,6.8779895853872075
teardrop fall,6.8779895853872075
wan drown,6.8779895853872075
whose sake,6.830106206912317
readi meet,6.82140605702084
ring bell,6.814320559088167
creation one,6.792978667389491
one forgiv,6.792978667389491
one honor,6.792978667389491
one neither,6.792978667389491
one face,6.792978667389491
light moon,6.73814764765182
man peac,6.703841547439239
sometim man,6.703841547439239
a-rollin mind,6.689900967149524
late night,6.689900967149524
night a-rollin,6.689900967149524
come fall,6.6699740373132475
come sky,6.6699740373132475
everyth broken,6.614955179553413
gibraltar see,6.592397827147934
greed way,6.592397827147934
jordan see,6.592397827147934
rock see,6.592397827147934
see curtain,6.592397827147934
see risin,6.592397827147934
aris dust,6.521845775161932
blind crippl,6.521845775161932
cobweb dust,6.521845775161932
heal blind,6.521845775161932
worth rose,6.521845775161932
believ believ,6.499897100343213
believ dead,6.499897100343213
dead dead,6.499897100343213
forgiv said,6.499897100343213
honor said,6.499897100343213
neither said,6.499897100343213
one said,6.499897100343213
resent heart,6.499897100343213
face live,6.4641856600972485
good greed,6.411910440478964
groom still,6.411910440478964
shot need,6.411910440478964
sure good,6.411910440478964
u.s.a. good,6.411910440478964
union good,6.411910440478964
away kill,6.392562758216966
whole peopl,6.382588851700547
across mind,6.361107959857283
night across,6.361107959857283
night come,6.3546653344495265
