NGRAM,VALUE,
troubl troubl troubl,808.0622326357952
readi readi readi,450.98405627838275
troubl troubl nothin,404.18661337798096
let wo let,284.2564609317
let let let,278.91904281962525
rememb death end,256.80221235429474
wo let let,244.67885667844723
troubl nothin troubl,215.10880909010018
dream babi late,197.0520143207302
need shot love,181.87530321208536
'm glad glad,178.39393208952671
glad 'm glad,178.39393208952671
dead man aris,166.48519858657863
want thank lord,158.41609448292067
death end rememb,154.23529080793804
end rememb death,154.23529080793804
press 'm press,154.15032662774001
save 'm glad,153.5207175890104
far shore shore,148.91201099023067
shore far shore,148.91201099023067
end end rememb,147.55857062564542
rememb end end,147.55857062564542
far far shore,144.44838566158717
far shore far,144.44838566158717
live polit world,140.18931885130246
death end end,140.0221959542889
end end death,140.0221959542889
wo let wo,132.79693952188737
let let wo,130.12823046585
hope readi readi,128.04997153286556
'm press higher,126.1420699837858
'm glad 'm,125.26607412060369
clean-cut kid killer,123.66983239682165
'm press 'm,121.89365470351689
babi late last,120.28276497937176
shore driftin shore,119.55423030391826
shore shore driftin,119.55423030391826
man aris cobweb,118.99013239105241
rose dead believ,118.51898287862386
clean-cut kid made,117.21099302036082
clean-cut made killer,117.21099302036082
kid made killer,117.21099302036082
driftin far shore,116.20651130743565
far driftin shore,116.20651130743565
far shore driftin,116.20651130743565
shore driftin far,116.20651130743565
shore far driftin,116.20651130743565
glad glad want,115.59617284938749
shot love shot,114.16502152570918
need shot shot,112.95582580791458
shot need shot,112.95582580791458
sometim satan peac,112.95103237374467
far driftin far,112.85879231095302
shot love need,110.77567627672354
need shot need,109.87460285429125
fall apart tonight,105.53554007126245
press higher call,103.73282428896238
love need shot,99.3301250140675
need love shot,99.3301250140675
jokerman nightingal tune,97.73282428896238
need need shot,97.51911472785667
satan man peac,96.95103237374467
sometim satan man,96.95103237374467
summertim ah-a summertim,96.71327428030851
jokerman nightingal bird,96.3984697609437
jokerman tune bird,96.3984697609437
nightingal tune bird,96.3984697609437
nightingal tune fli,96.3984697609437
tonight diseas conceit,96.35235051036395
need love need,96.24890206044418
anybodi seen love,95.59163236220617
danc nightingal tune,95.24259929328932
jokerman danc nightingal,95.24259929328932
jokerman danc tune,95.24259929328932
save lamb save,95.24259929328932
nightingal bird fli,95.06411523292499
tune bird fli,95.06411523292499
danc nightingal bird,93.90824476527062
danc nightingal fli,93.90824476527062
danc tune bird,93.90824476527062
danc tune fli,93.90824476527062
jokerman danc bird,93.90824476527062
end rememb end,93.69268041132769
sometim man peac,93.6307323795139
danc bird fli,92.57389023725193
blood lamb save,92.48600958146554
nightingal tune high,91.73282428896238
shot shot love,90.80218532991628
lamb save glad,90.39846976094367
nightingal bird high,90.39846976094367
nightingal fli high,90.39846976094367
tune bird high,90.39846976094367
tune fli high,90.39846976094367
save blood lamb,89.99578458579245
save blood save,89.99578458579245
bird fli high,89.06411523292499
tune bird light,89.06411523292499
tune fli light,89.06411523292499
broken broken broken,88.86695673755071
love shot love,88.78564717384373
end death end,88.66843063042336
shot need love,88.0290846716553
fli high jokerman,87.90824476527061
readi readi meet,87.85687268425008
bird fli light,87.72976070490631
bird fli moon,87.72976070490631
whole lot tonight,86.90034451170979
fli light jokerman,86.57389023725193
fli moon jokerman,86.57389023725193
want watered-down love,86.38890027638173
love need love,85.7044242202204
broken broken broken,85.58055975444218
anybodi anybodi seen,84.7132742803085
anybodi seen anybodi,84.7132742803085
tune high light,84.39846976094368
end end end,84.21728384222827
creation neither honor,84.07436429913992
honor forgiv one,84.07436429913992
jordan rock gibraltar,84.07436429913992
neither forgiv one,84.07436429913992
neither honor forgiv,84.07436429913992
neither honor one,84.07436429913992
sundown u.s.a. sure,84.07436429913992
sundown union sure,84.07436429913992
sundown union u.s.a.,84.07436429913992
sweetheart doin dump,84.07436429913992
union u.s.a. sure,84.07436429913992
lot tonight diseas,83.76813167291122
bird high light,83.06411523292499
bird high moon,83.06411523292499
fli high light,83.06411523292499
fli high moon,83.06411523292499
curtain risin new,82.75919226997095
late a-rollin across,82.75919226997095
properti resent bone,82.75919226997095
risin new groom,82.75919226997095
sure til greed,82.75919226997095
u.s.a. sure til,82.75919226997095
anybodi seen seen,82.22304928463544
seen anybodi seen,82.22304928463544
doin dump like,82.03148943591565
'm 'm glad,81.94803424859045
high light jokerman,81.90824476527064
high moon jokerman,81.90824476527064
readi hope readi,81.85687268425008
readi readi lay,81.85687268425008
bird light moon,81.72976070490631
fli light moon,81.72976070490631
driftin shore driftin,81.69827223713341
shore driftin driftin,81.69827223713341
forgiv one see,81.64723016328871
properti jesus resent,81.64723016328871
sure idea greed,81.64723016328871
u.s.a. sure idea,81.64723016328871
groom waitin altar,81.44402024080199
shootin star tonight,80.88869475661676
invit troubl troubl,80.8373226755962
none troubl troubl,80.8373226755962
solut troubl troubl,80.8373226755962
creation natur honor,80.68400477357673
creation natur neither,80.68400477357673
natur forgiv one,80.68400477357673
natur honor forgiv,80.68400477357673
natur honor one,80.68400477357673
natur neither forgiv,80.68400477357673
natur neither honor,80.68400477357673
natur neither one,80.68400477357673
light moon jokerman,80.57389023725193
idea til greed,80.33205813411975
jesus resent bone,80.33205813411975
properti jesus bone,80.33205813411975
resent bone better,80.33205813411975
sure idea til,80.33205813411975
u.s.a. idea til,80.33205813411975
made u.s.a. sure,79.83437976636516
sundown made sure,79.83437976636516
sundown made u.s.a.,79.83437976636516
sundown union made,79.83437976636516
union made sure,79.83437976636516
union made u.s.a.,79.83437976636516
conceit whole lot,79.79314627694592
driftin driftin far,79.46645957281164
driftin far driftin,79.46645957281164
jesus resent better,79.22009602743749
watered-down love pure,78.7132742803085
diseas whole lot,78.55444101214135
shot love love,78.5390546154539
long black coat,78.5192077371962
foundat wo let,78.39846976094368
lamb save 'm,78.09471332252387
save save 'm,78.09471332252387
bone better stone,77.90492399826853
jesus bone better,77.90492399826853
diseas conceit whole,77.86157770762173
made sure idea,77.40724563051396
made u.s.a. idea,77.40724563051396
diseas conceit lot,77.10839241511859
high light moon,77.06411523292502
thank lord thank,76.71782224578729
thank thank lord,76.71782224578729
want thank thank,76.22304928463542
glad glad glad,75.72976070490631
whole lot peopl,75.64188004911989
glad thank lord,75.38346771776858
love watered-down love,75.29416277133362
creation one honor,75.24669056732503
creation one neither,75.24669056732503
one honor forgiv,75.24669056732503
one neither forgiv,75.24669056732503
one neither honor,75.24669056732503
foundat world let,75.13254666360083
glad want thank,74.88869475661676
curs troubl troubl,74.8373226755962
late night a-rollin,74.83437976636517
gibraltar see curtain,74.4443672063588
jordan gibraltar see,74.4443672063588
jordan rock see,74.4443672063588
rock gibraltar see,74.4443672063588
see curtain risin,74.4443672063588
forgiv one said,74.07436429913992
honor forgiv said,74.07436429913992
honor one said,74.07436429913992
neither forgiv said,74.07436429913992
neither honor said,74.07436429913992
neither one said,74.07436429913992
driftin shore far,73.96123253396348
sure good greed,73.72241765968293
u.s.a. sure good,73.72241765968293
union sure good,73.72241765968293
union u.s.a. good,73.72241765968293
lord thank lord,73.70282020261217
thank lord lord,73.70282020261217
a-rollin across mind,73.5192077371962
late night across,73.5192077371962
night a-rollin across,73.5192077371962
properti resent someth,73.38684668039025
lord want thank,73.20804724146033
want lord thank,73.20804724146033
til greed way,73.12919517718983
late last a-rollin,73.06619499329167
blood save 'm,72.84789861502705
one see face,72.81955643147383
resent bone heart,72.75919226997095
good til greed,72.40724563051396
groom still altar,72.40724563051396
groom still waitin,72.40724563051396
new groom still,72.40724563051396
sure good til,72.40724563051396
u.s.a. good til,72.40724563051396
come fall sky,72.32753791116886
rose believ rose,72.29364524801355
rose dead rose,72.29364524801355
rose rose dead,72.29364524801355
properti bone someth,72.07167465122127
resent bone someth,72.07167465122127
idea greed way,72.01723307050759
glad want lord,71.87369271344166
creation one natur,71.85633104176185
one natur forgiv,71.85633104176185
one natur honor,71.85633104176185
one natur neither,71.85633104176185
last a-rollin across,71.7510229641227
late last across,71.7510229641227
driftin far far,71.72941986964175
anybodi love anybodi,71.69372427165463
forgiv said see,71.64723016328871
one said see,71.64723016328871
resent better heart,71.64723016328871
see face live,71.50438440230485
good idea greed,71.29528352383173
sure good idea,71.29528352383173
u.s.a. good idea,71.29528352383173
eye tooth creation,71.25949143931193
still waitin altar,71.09207360134499
'm press press,71.07516331387001
jesus resent someth,70.95971254453903
properti jesus someth,70.95971254453903
resent someth better,70.95971254453903
save glad 'm,70.7603587945052
idea til way,70.70206104133862
believ rose believ,70.68400477357673
believ rose dead,70.68400477357673
dead believ rose,70.68400477357673
dead rose believ,70.68400477357673
dead rose dead,70.68400477357673
rose believ dead,70.68400477357673
rose dead dead,70.68400477357673
bone better heart,70.33205813411973
bone heart stone,70.33205813411973
said see live,70.33205813411973
good idea til,69.98011149466275
night fall sky,69.98011149466275
curtain risin see,69.83437976636517
risin see groom,69.83437976636517
bone someth better,69.64454051537007
bone someth stone,69.64454051537007
jesus bone someth,69.64454051537007
made sure good,69.48243312690818
made u.s.a. good,69.48243312690818
union made good,69.48243312690818
