NGRAM,VALUE,
work someday,29.464519808205313
narrow work,28.829395112395662
long narrow,23.889732989501336
way work,21.200767935294802
scarlet town,18.75014896885793
long way,16.26110581240048
duquesn blow,15.482364620610566
roll john,14.810565030993965
long time,14.736688769844369
sure someday,14.732259904102657
narrow sure,14.414697556197831
roman king,13.752164074133614
burn roll,13.369832820888409
earli roman,13.027825860637048
bright john,12.987501567643207
bright roll,12.987501567643207
road narrow,12.687611694011965
spin old,12.563896193385363
black magic,12.33611167895449
sure work,12.32746982983327
work sure,12.32746982983327
move burn,11.884295840789697
long long,11.756114266860768
burn bright,11.544445837905073
burn john,11.544445837905073
move bright,11.544445837905073
move john,11.544445837905073
move roll,11.544445837905073
round spin,11.544445837905073
shine burn,11.544445837905073
shine move,11.544445837905073
whistl blow,11.329328980769244
earli king,11.240439651014972
shine bright,11.204595835020449
spin 'm,11.15541146380983
light burn,10.965432603515103
light move,10.965432603515103
call spin,10.714370839347387
time gone,10.649491492848266
light bright,10.62558260063048
light roll,10.62558260063048
listen duquesn,10.62558260063048
shine light,10.62558260063048
road work,10.600383967647401
way sure,10.600383967647401
old magic,10.561995915640342
long road,10.392111576169434
way someday,10.25517404191679
listen blow,10.101390108166939
whistl blow,10.101390108166939
narrow way,9.937611694011967
old black,9.910606026951628
long sure,9.857638768386103
magic call,9.764261221767747
listen blow,9.730664646688036
duquesn blow,9.594753528075715
work work,9.577469829833266
listen whistl,9.4668924692437
black call,9.257624641676522
night day,9.070302259205341
tri chang,9.052885987179497
duquesn whistl,8.960255889152476
road way,8.873298105461537
blow blow,8.81170031837608
pay blood,8.658334378428805
blow like,8.625737060162935
duquesn like,8.427939092080528
melancholi mood,8.275274781884358
road long,8.13055290620024
love spin,8.03577812951054
spin love,8.03577812951054
full moon,7.947437595930185
old call,7.877756825765518
comin gone,7.7021894975058665
call love,7.544445837905073
babi round,7.357185419673694
let love,7.346630701554594
whistl blow,7.215278648690671
magic love,7.204595835020449
long work,7.107638768386105
blow like,7.061700318376078
love old,7.041330610426895
fight em,7.025274781884358
dream titan,6.942147920394849
nothin heaven,6.942147920394849
nothin roll,6.942147920394849
roll heaven,6.942147920394849
somebodi need,6.942147920394849
wrong wrong,6.912370775762117
meet round,6.772222918952537
spin black,6.724074452636328
fool want,6.696481774592117
black love,6.625582600630478
dream sink,6.620219825507486
lean year,6.620219825507486
titan sink,6.620219825507486
spin spin,6.535778129510539
love black,6.524602369904699
wrong along,6.482716301757551
whistl like,6.427202679452837
love spin,6.374520836462761
lucki nothin,6.357185419673693
rememb today,6.357185419673693
soon midnight,6.298291730620124
mayb 'm,6.198602924311727
dream dream,6.134792998337245
watchman dream,6.134792998337245
watchman lay,6.134792998337245
love way,6.111201249579652
year know,6.03525732478633
hear blow,5.965278648690671
around heaven,5.942147920394849
nothin around,5.942147920394849
roll around,5.942147920394849
would need,5.942147920394849
mayb mayb,5.868600865501196
mine round,5.7722229189525365
round love,5.7722229189525365
comin time,5.658334378428805
time comin,5.658334378428805
spin magic,5.636485641398428
sun nothin,5.620219825507486
sun roll,5.620219825507486
love 'm,5.577705731904915
even may,5.549830497616089
crowd room,5.517889064755271
dot moonbeam,5.517889064755271
dot pug-nos,5.517889064755271
enchant even,5.517889064755271
folsom prison,5.517889064755271
moonbeam pug-nos,5.517889064755271
need wrong,5.482716301757551
wrong without,5.482716301757551
empti arm,5.446481774592115
clown chang,5.403886744671482
comin long,5.376893873665147
long comin,5.376893873665147
call love,5.357185419673693
need good,5.357185419673693
lay dream,5.32743807627964
somebodi unless,5.2066109402961365
magic love,5.18726041823138
year may,5.168491247921557
wrong right,5.160788206870189
mayb nevertheless,5.134792998337244
young heart,5.035778129510539
lot thing,5.035257324786331
lucki sun,5.035257324786331
rememb said,5.035257324786331
rememb thing,5.035257324786331
dot dream,4.965164869130614
moonbeam dream,4.965164869130614
pug-nos dream,4.965164869130614
like earli,4.947437595930186
would word,4.9421479203948495
cold grow,4.895332815837003
deep lot,4.895332815837003
deep rememb,4.895332815837003
grow cold,4.895332815837003
grow grow,4.895332815837003
lot rememb,4.895332815837003
time time,4.810565030993965
good-by love,4.7722229189525365
love vain,4.7722229189525365
across crowd,4.76788906475527
across room,4.76788906475527
clown tri,4.76788906475527
meet mine,4.76788906475527
old nothin,4.694220406951263
old roll,4.694220406951263
someday deep,4.653886744671482
someday lot,4.653886744671482
king earli,4.620219825507487
sun around,4.620219825507487
� long,4.584595915776765
'm magic,4.554021355642892
night call,4.482716301757552
lot today,4.4566109402961365
rather noth,4.4566109402961365
said today,4.450294824065175
thing today,4.450294824065175
tear cloud,4.329167189214402
call day,4.298291730620124
earli earli,4.298291730620124
heaven day,4.298291730620124
nothin day,4.298291730620124
roll day,4.298291730620124
dream deep,4.289816624293801
dream lot,4.289816624293801
dream rememb,4.289816624293801
dream titan,4.289816624293801
lay dream,4.289816624293801
put fire,4.289816624293801
sure way,4.2697225784233535
girl someday,4.215164869130614
see stranger,4.215164869130614
magic spin,4.18726041823138
duquesn whistl,4.112037226318163
lucki old,4.109257906230107
old love,4.080388073241471
someday dream,4.0483705531282785
'm black,4.047384775551668
good year,4.03525732478633
fade tear,4.01788906475527
lip mine,4.01788906475527
round round,4.01788906475527
scarlet born,4.01788906475527
want want,4.01788906475527
dead lost,3.903886744671482
black spin,3.8977538010363952
home long,3.8739613607581536
need way,3.8546850791445095
town born,3.8510947487529332
'm call,3.8247457464241332
fade left,3.8007591018590308
love fade,3.7722229189525365
nevertheless love,3.7722229189525365
must wrong,3.6753613796999476
em fight,3.6624406735059605
full empti,3.6624406735059605
like duquesn,3.6221922512954947
alway tri,3.5791671892144024
right wrong,3.5593130306935095
town scarlet,3.549830497616089
long gone,3.543305241660476
gone dawn,3.5398166242938007
never let,3.4827163017575513
blow blow,3.465164869130615
deep thing,3.465164869130615
full arm,3.465164869130615
lot said,3.465164869130615
arm moon,3.450294824065174
'm old,3.4338809669026933
old sun,3.372292312063901
bed head,3.362037226318164
tell someon,3.362037226318164
'm fool,3.3418536040930897
around day,3.2982917306201243
next one,3.2678890647552694
went would,3.241708202253757
love love,3.1872604182313804
want love,3.1872604182313804
roman earli,3.1538867446714822
saw saw,3.1404453136735353
noth love,3.136485641398428
thing said,3.128366729177812
much long,3.1271688123734407
like king,3.035257324786331
like roman,3.035257324786331
sad moon,3.026442993589748
nevertheless 'm,2.9648679968949323
left tear,2.9233153507772967
em em,2.9124406735059605
side side,2.9124406735059605
unless way,2.891013809358382
time time,2.8291671892144024
fool hold,2.8093130306935095
'm 'm,2.7823004840841703
hold kiss,2.7061853878810576
gentl long,2.6884469368325736
away would,2.6202198255074864
love tear,2.602297917510224
deep love,2.5178890647552694
love lot,2.5178890647552694
love rememb,2.5178890647552694
scarlet scarlet,2.5178890647552694
moon empti,2.473718797965093
wrong must,2.4452429103158275
'd went,2.4312811516903174
alon long,2.414670914334453
'm want,2.379905496173776
someday mayb,2.3510947487529337
love left,2.312791300315239
like hear,2.276442993589748
like lucki,2.276442993589748
moon arm,2.276442993589748
someday love,2.276442993589748
time leav,2.276442993589748
way good,2.269722578423353
town town,2.184300432750598
one day,2.1283667291778117
may see,2.109648677587412
girl time,2.0791671892144024
time girl,2.0791671892144024
blow blow,2.0349969224242264
may road,1.974219493356046
hand long,1.938446936832574
'm weak,1.9123728732120666
dream love,1.9123728732120666
home time,1.9123728732120666
never never,1.8953328158370035
went away,1.8785569560656628
love thing,1.8653323233440178
time said,1.8653323233440178
'm mayb,1.8493014621558634
like listen,1.8377211180488804
'm love,1.7949429954526201
like old,1.7873298113427447
heart never,1.7722229189525365
time would,1.7722229189525365
