NGRAM,VALUE,
way work someday,255.79197595813503
narrow way work,253.25147717489642
long narrow way,233.49282868331917
bright roll john,141.11486430628966
sure work someday,134.80433142781098
work sure someday,134.80433142781098
narrow sure work,133.5340820361917
narrow work sure,133.5340820361917
way sure someday,127.89598797906751
burn bright roll,127.16467504763607
narrow way sure,126.62573858744821
road narrow work,126.62573858744821
work sure work,125.18517113073341
work work someday,123.80433142781098
long narrow sure,123.65475779040304
narrow work work,122.53408203619169
spin 'm old,120.88951083750048
road narrow way,119.71739513870476
way sure work,118.27682768198994
way work sure,118.27682768198994
long road narrow,116.74641434165959
road long narrow,116.74641434165959
long work sure,115.30584688494477
duquesn blow like,113.4804862510157
old black magic,113.32776787188894
move burn bright,113.03526670900983
move burn john,113.03526670900983
move burn roll,113.03526670900983
shine move burn,113.03526670900983
long narrow work,112.65475779040301
earli roman king,111.81924196144942
burn bright john,111.67586669747133
burn roll john,111.67586669747133
move bright john,111.67586669747133
move bright roll,111.67586669747133
move roll john,111.67586669747133
shine burn bright,111.67586669747133
shine move bright,111.67586669747133
road way work,111.36848423324649
light move burn,110.71921377144996
light burn bright,109.35981375991146
light burn roll,109.35981375991146
light move bright,109.35981375991146
light move roll,109.35981375991146
shine light burn,109.35981375991146
shine light move,109.35981375991146
long way sure,108.3975034362013
road long work,108.3975034362013
light bright roll,108.00041374837295
shine light bright,108.00041374837295
way work work,107.27682768198996
long long narrow,102.77543354461437
listen duquesn blow,102.1046889950433
long road way,101.48915998745785
road long way,101.48915998745785
long road long,98.51817919041267
listen whistl blow,97.71638336028742
long way work,97.3975034362013
duquesn whistl blow,95.68983703992252
listen duquesn blow,95.68983703992252
magic call love,95.67586669747135
black magic call,94.34132149432575
black call love,93.35981375991145
listen duquesn whistl,93.15184648422955
listen blow blow,92.55762420112397
whistl blow blow,92.55762420112397
call love spin,92.35556670324058
black magic love,92.00041374837295
duquesn blow blow,90.53107788075907
listen whistl blow,90.01963364543103
old magic call,88.82185023068173
duquesn whistl blow,87.99308732506611
long long way,87.51817919041267
old black call,86.79530391031685
whistl blow like,85.55762420112397
duquesn blow like,83.53107788075907
duquesn whistl like,80.99308732506611
blow blow like,80.39886504196053
spin love spin,78.77645003175738
whistl blow like,77.86087448626756
love spin 'm,76.71638336028741
spin love 'm,76.71638336028741
old call love,74.82185023068173
love spin old,74.7986599554228
old magic love,73.63237522058554
'm black magic,73.50036202982635
love 'm old,72.07562827123041
old black love,71.60582890022066
spin 'm black,70.59509953487444
spin spin 'm,69.71638336028742
spin old black,69.55184524792595
love spin 'm,68.53732731524126
meet babi round,68.51763335450492
duquesn whistl blow,68.34988359994466
'm old magic,67.98089076618233
comin time gone,67.93232049941176
time comin gone,67.93232049941176
comin long gone,66.80655848035713
'm old black,65.95434444581743
grow cold grow,65.19733336027417
nothin roll heaven,65.19733336027417
love spin black,64.95952407438148
babi round love,64.51763335450492
mine babi round,64.51763335450492
'm magic call,64.42254549508482
dream titan sink,63.90962098072471
wrong along without,63.359606885724986
clown tri chang,63.229920974955476
'm black call,62.6855057919149
meet mine round,62.17778335162029
spin black magic,62.03471157077569
love old black,61.64469901076933
nothin around heaven,61.19733336027417
nothin roll around,61.19733336027417
roll around heaven,61.19733336027417
would need word,61.19733336027417
spin love old,61.01704460035003
babi round spin,60.51763335450492
sun nothin roll,59.90962098072471
time comin time,59.7569000231035
watchman lay dream,58.738493983813335
comin long time,58.63113800404887
long comin time,58.63113800404887
long time comin,58.63113800404887
time comin long,58.63113800404887
spin old magic,58.09223209674425
need wrong right,58.071894506175525
'm old call,57.95453042307717
good lean year,57.56977097784009
lucki sun nothin,57.56977097784009
long comin long,57.50537598499425
hear whistl blow,56.89007097207084
lean year may,56.680201292494296
old nothin roll,56.20562330649983
must wrong along,56.130187197494564
spin spin old,56.01704460035003
sun nothin around,55.90962098072471
sun roll around,55.90962098072471
rememb said today,55.22992097495547
rememb thing today,55.22992097495547
nothin heaven day,54.62190860117527
nothin roll day,54.62190860117527
roll heaven day,54.62190860117527
year may know,54.34035128960968
magic call love,54.17778335162029
mine round spin,54.17778335162029
round love spin,54.17778335162029
round round spin,54.17778335162029
round spin love,54.17778335162029
lucki old nothin,53.8657733036152
love 'm black,52.997936960487664
night day strip,52.78418212662608
call love spin,52.517633354504916
call spin love,52.517633354504916
time time gone,52.42254549508482
wrong right wrong,52.23416803162634
away would need,51.90962098072471
long time time,51.865003782364056
magic spin love,51.83793334873566
dot moonbeam pug-nos,51.38822501587869
long time gone,51.296783476030186
time long gone,51.296783476030186
old sun nothin,50.91791092695038
old sun roll,50.91791092695038
around heaven day,50.62190860117527
nothin around day,50.62190860117527
roll around day,50.62190860117527
long long time,50.55161476013366
magic call spin,50.17778335162029
round spin spin,50.17778335162029
rememb thing said,49.942208595406015
sure love way,49.827931986618935
spin 'm magic,49.445470046462596
hear duquesn blow,49.39219450040628
dot moonbeam dream,49.17732823338007
dot pug-nos dream,49.17732823338007
moonbeam pug-nos dream,49.17732823338007
black call spin,49.019756882840355
fight em whiskey,48.72131895304492
lucki old sun,48.57806092406575
call spin spin,48.517633354504916
across crowd room,48.38822501587869
black magic spin,48.340056877071106
love fade tear,47.837933348735675
cold grow weari,47.65288752236909
deep lot rememb,47.65288752236909
thing said today,47.6023585925214
someday deep lot,46.68710323770701
love fade left,46.67990687995572
wrong must wrong,46.29246072294537
call love love,46.17778335162029
tri chang fairi,46.17732823338007
lost grow cold,45.89800002020563
lot rememb today,45.89800002020563
high fight em,45.72131895304492
like roman king,45.56977097784009
magic love love,45.49808334585104
alway clown tri,45.38822501587869
fool hold seek,45.30880838179512
dream deep lot,45.230822756196275
dream deep rememb,45.230822756196275
dream dream titan,45.230822756196275
dream lot rememb,45.230822756196275
gentl pray long,44.82534400635137
night call day,44.78418212662608
like earli king,44.28205859829065
like earli roman,44.28205859829065
someday dream deep,44.2650384715342
someday dream lot,44.2650384715342
love love spin,43.837933348735675
love spin love,43.837933348735675
roll john roll,43.633337513715226
time long time,43.12136299972194
lay dream dream,42.808757990023466
love left tear,42.00020687418648
long time long,41.995600980667305
deep lot thing,41.93221573554354
deep rememb thing,41.93221573554354
lot rememb said,41.93221573554354
lot rememb thing,41.93221573554354
'm fool want,41.66065128384043
magic love spin,41.49808334585104
went away would,41.10786210816035
round spin 'm,40.60851366050525
black love spin,40.340056877071106
lot said today,40.17732823338007
lot thing today,40.17732823338007
blood night day,40.10448212085683
saw dug long,40.0704565041879
love spin spin,39.83793334873567
fade left tear,39.76481766213027
scarlet town born,38.72104775186935
sure 'm way,38.59851229838852
deep love lot,38.14311251804216
deep love rememb,38.14311251804216
love lot rememb,38.14311251804216
full empti arm,37.96643145088145
roman king earli,37.68710323770701
someday deep love,37.17732823338007
someday love lot,37.17732823338007
full moon empti,37.000647166219366
earli king earli,36.721318953044914
earli roman earli,36.721318953044914
nevertheless 'm love,36.60851366050525
full moon arm,36.21154394871799
lot thing said,36.21154394871799
dream deep love,35.72104775186935
dream love lot,35.72104775186935
dream love rememb,35.72104775186935
someday dream love,34.75526346720726
whistl blow like,34.45665644655451
love love 'm,34.26866365762063
blow like blow,33.21154394871799
moon empti arm,33.21154394871799
scarlet scarlet town,32.72104775186934
scarlet town scarlet,32.72104775186934
deep love thing,32.422440731216604
love lot said,32.422440731216604
love lot thing,32.422440731216604
love rememb said,32.422440731216604
love rememb thing,32.422440731216604
time 'd leav,32.422440731216604
'm love way,32.258662295503896
scarlet town town,32.05387048786
town scarlet town,32.05387048786
time said leav,31.45665644655452
like listen duquesn,31.044145875304714
like lucki old,30.433545693049314
mayb nevertheless 'm,30.298982985696533
time said 'd,27.667553229053134
'm fool hold,27.376968611295364
love thing said,26.70176894439104
home long time,25.648391738015093
'm love mayb,20.789207981369593
