NGRAM,VALUE,
pictur frame,10.085472459181283
stay ahead,10.085472459181283
cassius clay,9.82243805334749
dear landlord,9.82243805334749
eatin eatin,9.82243805334749
hang frame,9.82243805334749
suppos sooner,9.82243805334749
tom pain,9.82243805334749
sport car,9.67043495990244
babi blue,9.407400554068646
complet roll,9.407400554068646
complet unknown,9.407400554068646
direct complet,9.407400554068646
direct unknown,9.407400554068646
mountain rang,9.407400554068646
philosoph fear,9.407400554068646
unknown roll,9.407400554068646
world war,9.407400554068646
lay brass,9.407400554068644
lay lay,9.407400554068644
hang pictur,9.307864880517734
a-gonna fall,9.085472459181283
alon stone,9.085472459181283
dyin blanket,9.085472459181283
fear rag,9.085472459181283
highway 61,9.085472459181283
jingle-jangl followin,9.085472459181283
lowland prophet,9.085472459181283
piti immigr,9.085472459181283
pledg hopin,9.085472459181283
prophet warehous,9.085472459181283
warehous arabian,9.085472459181283
william zanzing,9.085472459181283
throw troubl,9.015083131289884
arabian drum,8.82243805334749
bid farewel,8.82243805334749
blue-ey darl,8.82243805334749
critic fear,8.82243805334749
disgrac fear,8.82243805334749
peggi night,8.82243805334749
philosoph critic,8.82243805334749
philosoph disgrac,8.82243805334749
pictur hang,8.82243805334749
stay awhil,8.82243805334749
three o'clock,8.82243805334749
warehous drum,8.82243805334749
a-gonna blue-ey,8.76354436429392
fall blue-ey,8.76354436429392
stay stay,8.76354436429392
captain arab,8.67043495990244
gettin fill,8.67043495990244
street gettin,8.67043495990244
william philosoph,8.67043495990244
zanzing philosoph,8.67043495990244
arabian gate,8.600045632011042
brand leopard-skin,8.600045632011042
brand pill-box,8.600045632011042
factori daddi,8.600045632011042
happen jone,8.600045632011042
happen mister,8.600045632011042
leopard-skin pill-box,8.600045632011042
mister jone,8.600045632011042
morn mile,8.600045632011042
older younger,8.600045632011042
sweet mari,8.559403647513696
tonight mari,8.559403647513696
tonight sweet,8.559403647513696
critic rag,8.500509958460128
disgrac rag,8.500509958460128
sad-ey prophet,8.500509958460128
spend peggi,8.459867973962783
peggi day,8.430120630568727
along cove,8.407400554068644
gaze chime,8.407400554068644
gaze freedom,8.407400554068644
mama stuck,8.407400554068644
new york,8.407400554068644
second mother,8.407400554068644
somehow older,8.407400554068644
gettin gettin,8.348506865015079
jump jump,8.348506865015079
pictur pictur,8.348506865015079
drum gate,8.337011226177246
pawn game,8.337011226177246
rag tear,8.27811753712368
throw suitcas,8.27811753712368
ticket throw,8.27811753712368
tonight stay,8.27811753712368
big brass,8.237475552626334
disgrac critic,8.237475552626334
gaze flash,8.237475552626334
daddi food,8.237475552626332
daddi lookin,8.237475552626332
desol row,8.237475552626332
food tombston,8.237475552626332
lay big,8.237475552626332
lookin tombston,8.237475552626332
mama insid,8.237475552626332
mobil memphi,8.237475552626332
shoe daddi,8.237475552626332
stuck insid,8.237475552626332
stuck memphi,8.237475552626332
stuck mobil,8.237475552626332
chime freedom,8.214755476126252
brother hand,8.185008132732198
fear take,8.185008132732198
philosoph take,8.185008132732198
somehow younger,8.185008132732198
chime flash,8.144366148234852
freedom flash,8.144366148234852
kitchen tombston,8.144366148234852
vision johanna,8.144366148234852
babe lookin,8.085472459181283
blame game,8.085472459181283
daddi alley,8.085472459181283
dyin bound,8.085472459181283
feel direct,8.085472459181283
morn thousand,8.085472459181283
sooner later,8.085472459181283
suppos later,8.085472459181283
tambourin jingle-jangl,8.085472459181283
zanzing disgrac,8.085472459181283
insid memphi,8.06755055118402
insid mobil,8.06755055118402
babe light,8.015083131289884
cove spi,8.015083131289884
day stole,8.015083131289884
factori lookin,8.015083131289884
factori shoe,8.015083131289884
spend day,8.015083131289884
brand hat,7.94796893543135
leopard-skin hat,7.94796893543135
pill-box hat,7.94796893543135
blue-ey son,7.947968935431348
gate eden,7.9155474577389695
woman break,7.883838598011633
blame pawn,7.863080037844836
take rag,7.863080037844836
factori alley,7.863080037844835
thousand mile,7.863080037844835
franki lee,7.822438053347491
hang hang,7.82243805334749
mama daddi,7.82243805334749
lovin honey,7.822438053347489
mr. tambourin,7.822438053347489
queen jane,7.822438053347489
sleepi mr.,7.822438053347489
throw throw,7.792690709953438
bound blanket,7.763544364293922
jackson name,7.744435541346217
hard a-gonna,7.744435541346216
answer blowin,7.7255765140949
alley lookin,7.722902379796577
man jingle-jangl,7.706960835927553
man sleepi,7.706960835927553
tambourin man,7.706960835927553
juda priest,7.684934529597554
son darl,7.684934529597554
work maggi,7.656972700095878
lookin food,7.652513051905177
peggi stole,7.652513051905177
shoe food,7.652513051905177
shoe lookin,7.652513051905177
maggi pa,7.641865807705668
a-gonna son,7.626040840543986
fall son,7.626040840543986
brand new,7.600045632011042
mama factori,7.600045632011042
new leopard-skin,7.600045632011042
new pill-box,7.600045632011042
along spi,7.600045632011041
critic take,7.600045632011041
disgrac take,7.600045632011041
sooner us,7.600045632011041
suppos us,7.600045632011041
tambourin play,7.600045632011041
us sooner,7.600045632011041
us suppos,7.600045632011041
gate wait,7.6000456320110406
play followin,7.6000456320110406
play jingle-jangl,7.6000456320110406
play sleepi,7.6000456320110406
sleepi go,7.6000456320110406
mr. man,7.581429953843696
food kitchen,7.559403647513696
lookin kitchen,7.559403647513696
oxford town,7.529656304119643
alley food,7.500509958460127
arabian sad-ey,7.500509958460127
countri pie,7.500509958460127
gettin empti,7.500509958460127
lowland sad-ey,7.500509958460127
sad-ey lowland,7.500509958460127
shoe alley,7.500509958460127
stay stay,7.500509958460127
tri close,7.500509958460127
wish vain,7.500509958460127
answer wind,7.484568414591106
home complet,7.481401135512422
woman jackson,7.468801098732789
blowin wind,7.417454218732569
across brass,7.407400554068646
alley kitchen,7.407400554068646
arabian put,7.407400554068646
blue-ey young,7.407400554068646
brass bed,7.407400554068646
darl young,7.407400554068646
dyin bed,7.407400554068646
dyin put,7.407400554068646
lay lay,7.407400554068646
lay across,7.407400554068646
poor immigr,7.407400554068646
time a-changin,7.407400554068646
tombston blue,7.407400554068646
warehous put,7.407400554068646
end memphi,7.407400554068645
end mobil,7.407400554068645
memphi blue,7.407400554068645
mobil blue,7.407400554068645
end stuck,7.407400554068644
lay across,7.407400554068644
mama end,7.407400554068644
stuck blue,7.407400554068644
live honey,7.389478646071383
answer answer,7.377653210674594
oxford oxford,7.377653210674594
priest lee,7.363006434710193
mr. play,7.337011226177247
jingle-jangl morn,7.319937712818305
morn followin,7.319937712818305
rain a-gonna,7.319937712818305
rain fall,7.319937712818305
babe babe,7.27811753712368
stay still,7.278117537123679
priest franki,7.237475552626334
drum sad-ey,7.237475552626333
mama shoe,7.237475552626333
much older,7.237475552626333
pass fell,7.237475552626333
ten thousand,7.237475552626333
end insid,7.237475552626331
insid blue,7.237475552626331
man play,7.221534008757311
stone stone,7.185008132732198
easili done,7.1850081327321975
someon close,7.1850081327321975
direct home,7.15947304062506
graveyard hard,7.15947304062506
hard fall,7.15947304062506
hatr hard,7.15947304062506
home unknown,7.15947304062506
pa work,7.15947304062506
sing hard,7.15947304062506
sleepi place,7.15947304062506
song followin,7.15947304062506
song jingle-jangl,7.15947304062506
song sleepi,7.15947304062506
tambourin song,7.15947304062506
drum put,7.144366148234852
throw away,7.13438205966223
ask honey,7.099972028876398
ask live,7.099972028876398
blanket bed,7.085472459181284
feel complet,7.085472459181284
feel stone,7.085472459181284
piti poor,7.085472459181284
put blanket,7.085472459181284
mama alley,7.085472459181283
feel alon,7.0854724591812825
jane jane,7.0854724591812825
hour ship,7.067550551184021
babe babe,7.015083131289885
day peggi,7.015083131289885
gate sad-ey,7.015083131289885
gaze upon,7.015083131289885
much younger,7.015083131289885
wo jane,7.015083131289885
rain blue-ey,6.9980096179309434
god abe,6.992363054789802
use light,6.992363054789802
right bone,6.969995241761348
new hat,6.94796893543135
fear face,6.947968935431348
put gate,6.921973726898404
pass last,6.915547457738971
maggi farm,6.904900213539463
bid everi,6.904900213539462
pa maggi,6.904900213539462
mr. song,6.896438634791266
someth happen,6.883838598011634
someth jone,6.883838598011634
someth mister,6.883838598011634
done highway,6.863080037844835
highway gettin,6.863080037844835
us close,6.863080037844835
maggi brother,6.834510885648064
somehow much,6.82243805334749
stole heart,6.82243805334749
food blue,6.822438053347489
jane queen,6.822438053347489
