NGRAM,VALUE,
hang pictur frame,20.907910512528773
complet unknown roll,20.229838607416134
direct complet unknown,20.229838607416134
a-hurtin throw away,19.95682011300972
throw away guilti,19.95682011300972
frame hang pictur,19.907910512528773
pictur frame hang,19.907910512528773
philosoph critic fear,19.64487610669498
philosoph disgrac fear,19.64487610669498
critic fear rag,19.32294801180762
disgrac fear rag,19.32294801180762
warehous arabian drum,19.32294801180762
suppos sooner later,19.322948011807615
a-gonna fall blue-ey,19.26405432275405
william zanzing philosoph,19.170944918362565
stay still ahead,19.100555590471167
disgrac critic fear,19.059913605973826
lay big brass,19.059913605973826
philosoph disgrac critic,19.059913605973826
philosoph fear take,19.007446186079683
afternoon hang pictur,18.907910512528773
zanzing philosoph disgrac,18.907910512528773
arabian drum gate,18.837521184637374
suppos sooner us,18.837521184637374
us suppos sooner,18.837521184637374
tonight sweet mari,18.796879200140026
disgrac critic rag,18.73798551108646
fear take rag,18.68551809119232
brand leopard-skin pill-box,18.615128763300927
happen mister jone,18.615128763300927
dyin bound blanket,18.58598241764141
hang pictur pictur,18.58598241764141
pictur hang pictur,18.58598241764141
wound hatr hard,18.566873594693703
critic fear take,18.42248368535853
disgrac fear take,18.42248368535853
philosoph critic take,18.42248368535853
philosoph disgrac take,18.42248368535853
somehow older younger,18.42248368535853
hang hang pictur,18.322948011807615
hang pictur hang,18.322948011807615
factori daddi lookin,18.252558683916217
factori shoe daddi,18.252558683916217
lay across brass,18.229838607416138
lay lay across,18.229838607416138
gaze chime freedom,18.229838607416134
lay lay brass,18.229838607416134
lay lay lay,18.229838607416134
blue-ey son darl,18.185444488057684
a-gonna blue-ey son,18.126550799004114
a-gonna fall son,18.126550799004114
fall blue-ey son,18.126550799004114
blame pawn game,18.100555590471167
critic take rag,18.100555590471167
disgrac take rag,18.100555590471167
factori daddi alley,18.100555590471167
morn thousand mile,18.100555590471167
play jingle-jangl followin,18.100555590471167
gaze chime flash,18.059913605973826
gaze freedom flash,18.059913605973826
mama stuck insid,18.059913605973822
stay night ahead,18.0499295174012
lowland sad-ey prophet,18.001019916920256
sad-ey lowland prophet,18.001019916920256
peggi day stole,17.989524278082424
direct home complet,17.98191109397255
direct home unknown,17.98191109397255
home complet unknown,17.98191109397255
chime freedom flash,17.96680420158234
brand leopard-skin hat,17.963052066721236
brand pill-box hat,17.963052066721236
leopard-skin pill-box hat,17.963052066721236
window throw troubl,17.930630589028855
dyin blanket bed,17.907910512528773
dyin put blanket,17.907910512528773
feel direct complet,17.907910512528773
piti poor immigr,17.907910512528773
warehous arabian put,17.907910512528773
daddi lookin food,17.88998860453151
lookin food tombston,17.88998860453151
shoe daddi food,17.88998860453151
shoe daddi lookin,17.88998860453151
stuck insid memphi,17.88998860453151
stuck insid mobil,17.88998860453151
stuck mobil memphi,17.88998860453151
along cove spi,17.837521184637374
disgrac critic take,17.837521184637374
mama factori daddi,17.837521184637374
jingle-jangl morn followin,17.820447671278433
rain a-gonna fall,17.820447671278433
food kitchen tombston,17.796879200140026
lookin kitchen tombston,17.796879200140026
arabian drum sad-ey,17.73798551108646
daddi alley food,17.73798551108646
daddi alley lookin,17.73798551108646
shoe daddi alley,17.73798551108646
wish vain sit,17.737985511086457
insid mobil memphi,17.720063603089198
factori shoe lookin,17.667596183195062
spend peggi day,17.667596183195062
hard a-gonna fall,17.659982999085187
song jingle-jangl followin,17.659982999085187
arabian drum put,17.64487610669498
blue-ey darl young,17.64487610669498
warehous drum put,17.64487610669498
brand new leopard-skin,17.615128763300927
brand new pill-box,17.615128763300927
new leopard-skin pill-box,17.615128763300927
feel alon stone,17.58598241764141
lay ladi lay,17.58598241764141
start sing hard,17.566873594693703
arabian gate sad-ey,17.515593089750013
factori alley lookin,17.51559308975001
factori shoe alley,17.51559308975001
rain a-gonna blue-ey,17.49851957639107
rain fall blue-ey,17.49851957639107
fifty-four work maggi,17.479410753443364
mama shoe daddi,17.474951105252664
fear rag face,17.448478893891476
complet roll stone,17.422483685358532
complet unknown stone,17.422483685358532
unknown roll stone,17.422483685358532
arabian put gate,17.42248368535853
must suppos sooner,17.359473887832728
mama daddi alley,17.322948011807615
seen wish vain,17.322948011807615
shoe lookin food,17.305026103810352
ladi lowland prophet,17.264054322754046
drum gate sad-ey,17.252558683916217
mama factori shoe,17.252558683916217
much older younger,17.252558683916217
lay brass bed,17.229838607416138
mama end stuck,17.229838607416134
lookin food kitchen,17.21191669941887
alon everybodi stone,17.20747079438768
lowland prophet say,17.207470794387678
prophet say warehous,17.207470794387678
tambourin man jingle-jangl,17.207470794387678
throw troubl door,17.19366499486265
ticket window throw,17.19366499486265
drum put gate,17.159449279524736
alley lookin food,17.153023010365303
shoe alley food,17.153023010365303
shoe alley lookin,17.153023010365303
bid farewel everi,17.142375766165795
tambourin play jingle-jangl,17.10055559047117
mama factori alley,17.100555590471167
sooner later us,17.100555590471167
suppos later us,17.100555590471167
us sooner later,17.100555590471167
us suppos later,17.100555590471167
across big brass,17.059913605973822
alley food kitchen,17.059913605973822
alley lookin kitchen,17.059913605973822
big brass bed,17.059913605973822
end stuck insid,17.059913605973822
end stuck memphi,17.059913605973822
end stuck mobil,17.059913605973822
lay across big,17.059913605973822
lay lay big,17.059913605973822
mama end insid,17.059913605973822
stuck insid blue,17.059913605973822
stuck memphi blue,17.059913605973822
stuck mobil blue,17.059913605973822
end mobil memphi,17.05991360597382
food tombston blue,17.05991360597382
mobil memphi blue,17.05991360597382
somehow much older,17.05991360597382
ladi stay awhil,17.001019916920253
kitchen tombston blue,16.96680420158234
brand new hat,16.963052066721232
new leopard-skin hat,16.963052066721232
new pill-box hat,16.963052066721232
mr. tambourin man,16.944436388553886
stay ladi stay,16.942126227866684
dyin bound bed,16.907910512528773
dyin bound put,16.907910512528773
someth happen jone,16.89892172930152
someth happen mister,16.89892172930152
someth mister jone,16.89892172930152
end insid memphi,16.88998860453151
end insid mobil,16.88998860453151
insid memphi blue,16.88998860453151
insid mobil blue,16.88998860453151
answer blowin wind,16.847574849301296
babe babe lookin,16.837521184637374
babe lookin babe,16.837521184637374
day stole poor,16.837521184637374
gaze upon chime,16.837521184637374
gaze upon freedom,16.837521184637374
mr. tambourin play,16.837521184637374
sleepi go mr.,16.837521184637374
somehow much younger,16.837521184637374
cove togeth hand,16.786895111567407
warehous eye arabian,16.778627495583805
blue-ey son young,16.770406988778838
ask live honey,16.752485080781575
answer blowin answer,16.740659645384785
mama shoe alley,16.73798551108646
stay stay night,16.728001422513838
man play jingle-jangl,16.722043967217438
man play sleepi,16.722043967217438
tambourin man play,16.722043967217438
alon stone stone,16.68551809119232
come warehous arabian,16.67909182203289
prophet come warehous,16.67909182203289
gaze upon flash,16.667596183195062
tambourin song jingle-jangl,16.659982999085187
rag face tear,16.64112397183387
fear rag away,16.634892018122354
alon must stone,16.622508293666524
priest franki lee,16.600481987336526
bound blanket bed,16.58598241764141
bound put blanket,16.58598241764141
open gate want,16.581181431377587
fear take face,16.548014567442387
one suppos sooner,16.536351649916806
suppos sooner one,16.536351649916806
drum gate ladi,16.515593089750013
eye arabian drum,16.515593089750013
gate sad-ey wait,16.515593089750013
warehous eye drum,16.515593089750013
us tri close,16.51559308975001
son darl young,16.50737258294504
answer wind answer,16.49965154588099
like matter want,16.481645757826673
hard rain a-gonna,16.47941075344337
work maggi talk,16.479410753443364
mani morn mile,16.468287374971652
mr. man play,16.459009561383645
man jingle-jangl morn,16.441936048024704
day stole heart,16.42248368535853
put gate wait,16.42248368535853
upon chime freedom,16.42248368535853
come arabian drum,16.4160574161991
come warehous drum,16.4160574161991
ladi lay big,16.4160574161991
sad-ey lowland sad-ey,16.416057416199095
sad-ey sad-ey prophet,16.416057416199095
wish wish vain,16.416057416199095
feel direct home,16.39694859325139
mr. tambourin song,16.39694859325139
sleepi place mr.,16.39694859325139
food kitchen blue,16.381841700861184
critic fear away,16.37185761228856
play jingle-jangl morn,16.33502084410819
play morn followin,16.33502084410819
arabian put sad-ey,16.322948011807615
jane queen jane,16.322948011807615
eye arabian gate,16.29320066841356
man song jingle-jangl,16.281471375831455
man song sleepi,16.281471375831455
tambourin man song,16.281471375831455
upon chime flash,16.25255868391622
upon freedom flash,16.25255868391622
wo queen jane,16.252558683916217
mouth graveyard hard,16.24494549980634
across brass bed,16.229838607416134
dyin put bed,16.229838607416134
lay lay across,16.229838607416134
take rag face,16.226086472555025
lowland prophet man,16.207470794387678
man warehous arabian,16.207470794387678
prophet man warehous,16.207470794387678
spend night peggi,16.20193261084625
juda priest franki,16.18544448805768
play sleepi place,16.174556171914947
play song followin,16.174556171914947
play song jingle-jangl,16.174556171914947
play song sleepi,16.174556171914947
sleepi place go,16.174556171914947
tambourin play song,16.174556171914947
pass last fell,16.153023010365303
fear take away,16.149465190952114
pledg time hopin,16.126550799004114
mama realli stuck,16.100555590471167
blowin answer blowin,16.08858294880509
drum put sad-ey,16.059913605973822
lay big bed,16.059913605973822
queen jane queen,16.059913605973822
peggi stole heart,16.05991360597382
peggi stole poor,16.05991360597382
critic rag away,16.0499295174012
eye drum gate,16.030166262579773
love oxford town,16.03016626257977
mr. man song,16.018436969997666
big brass ladi,16.001019916920253
night peggi day,15.979540189509802
spend night day,15.979540189509802
mani morn thousand,15.953714202141896
stay man awhil,15.944436388553886
mama realli insid,15.930630589028855
realli stuck insid,15.930630589028855
realli stuck mobil,15.930630589028855
walk togeth hand,15.912425993651265
mr. play song,15.911521766081151
put blanket bed,15.907910512528773
hard rain fall,15.89444825272221
pa work maggi,15.89444825272221
song jingle-jangl morn,15.89444825272221
