NGRAM,VALUE,
lordi lord lordi,289.26112352647465
play knick-knack paddywhack,278.79394169986506
knick-knack paddywhack give,274.76126447647204
boogi woogi boogi,269.97463393284283
lord lordi lord,267.97851677808035
man play knick-knack,227.57964261037552
burn ring fire,224.79927198571116
babe blood eye,219.01976818336053
old man play,212.26894768311595
blood eye babe,211.66886228516378
good babi honey,209.35875316563715
god know god,180.52206054066684
weari hard time,179.98308928856187
woogi boogi woogi,172.963539279908
know god know,171.93806810709916
boogi woogi countri,169.10040214125965
burn burn ring,165.39159155409524
hard time mani,155.98308928856187
burn ring ring,154.0165563165959
knick-knack paddywhack dog,153.3366679349258
boogi woogi girl,152.5582626622149
boogi countri girl,148.69512552356653
woogi countri girl,148.69512552356653
burn burn fire,146.64690037493384
paddywhack dog bone,146.64690037493384
god know know,146.3291309524094
black jack davey,143.16766734073076
god god know,142.77989052512598
knick-knack give dog,140.11869546205963
eye babe care,138.31339906902832
knick-knack paddywhack bone,138.02193561243317
wiggl wiggl like,137.48682969043185
knick-knack dog bone,136.64690037493384
paddywhack give bone,136.00559700073669
paddywhack give dog,136.00559700073669
bone came roll,135.94300709601987
dog bone came,135.94300709601987
burn fire ring,135.27186513743447
give dog bone,134.63056176323732
play knick-knack knick-knack,132.8492066961751
play play knick-knack,132.8492066961751
sigh weari hard,131.30902618660534
paddywhack bone old,130.3665881488034
paddywhack dog old,130.3665881488034
knick-knack knick-knack paddywhack,129.39697084993253
bone old roll,128.99155291130407
dog bone old,128.99155291130407
friend ever gone,128.78968261816004
knick-knack give bone,126.00559700073669
man done wrong,124.46336972408966
came roll home,122.98844826075815
bone man roll,121.03975083018906
dog bone man,121.03975083018906
lordi lordi lord,119.79947774590813
paddywhack give old,119.72528477460625
bone old came,119.66269486988942
dog old came,119.66269486988942
old came roll,119.66269486988942
blood blood eye,119.23200765097057
blood eye blood,119.23200765097057
give bone old,118.35024953710692
give dog old,118.35024953710692
knick-knack knick-knack give,117.38063223823602
old roll home,116.03699407604236
closer million mile,112.99297324904545
blood eye eye,112.03308684289793
eye blood eye,112.03308684289793
old play play,111.74162338630276
bone man came,111.7108927887744
dog man came,111.7108927887744
man came roll,111.7108927887744
closer still million,111.63357323750695
stand pat swear,110.43338846897262
give bone man,110.3984474559919
give dog man,110.3984474559919
time mani day,110.20958682168299
roll home play,109.95507954469946
went burn burn,108.74192156491495
man roll home,108.08519199492734
closer still mile,107.30902618660532
babe blood blood,107.2690207381384
roll old play,106.96190149291763
twenti cold iron,106.8313762591643
old came home,106.7081360346277
pat swear step,106.33865096392451
came roll old,106.32839754189504
cold iron bound,105.48286071356753
stand pat step,104.99013541832777
stand swear step,104.99013541832777
bone old man,104.75943860405863
dog old man,104.75943860405863
old man roll,104.75943860405863
man play play,103.78982130518776
still million mile,103.63357323750694
roll home old,103.06526682743268
twenti mile iron,102.08487292337584
babe eye blood,101.50988409168026
eye babe blood,101.50988409168026
higher burn burn,100.81316136745991
mile iron bound,100.73635737777907
twenti mile cold,99.8313762591643
twenti town iron,99.8313762591643
roll man play,99.80527961991412
higher burn ring,99.23495493245716
came roll man,99.17177566889154
man came home,98.75633395351271
mile cold bound,98.48286071356755
mile cold iron,98.48286071356755
town iron bound,98.48286071356755
uh-huh next black,98.25152514465996
fire ring fire,97.64206735084869
twenti town cold,97.57787959495278
babi honey wrong,97.23046422088058
lordi lord lord,96.61598195213323
town cold bound,96.22936404935601
town cold iron,96.22936404935601
roll home man,95.90864495442915
john b. stetson,95.81306058391664
came old man,95.430580562644
old man came,95.430580562644
home old play,95.30279854118209
came home old,94.66929459015948
babi honey world,94.54716374402003
give old man,94.11813522986148
walk dirt road,93.63764010760838
man roll old,92.91546690264731
roll old man,92.91546690264731
twenti mile town,92.8313762591643
worri sittin top,92.481769639954
old man home,91.80487976879691
ring fire went,91.64189337491545
closer 'm million,91.5009690315797
mile town bound,91.48286071356755
mile town iron,91.48286071356755
babi honey gone,91.39253388095308
mean mean boogi,91.14741511193529
mean mean woogi,91.14741511193529
woogi mean mean,91.14741511193529
went higher burn,90.31303088550999
mile town cold,89.22936404935601
countri mean mean,89.21584654261113
mean mean countri,89.21584654261113
good good honey,88.65283026245369
home man play,88.14617666817855
came home man,87.51267271715597
closer 'm mile,87.17642198067807
mean boogi woogi,86.481769639954
like babi honey,86.43277358007525
good good babi,86.11483970676072
closer 'm still,85.81702196913957
good honey world,85.52061742365512
boogi woogi mean,85.14741511193529
mean boogi woogi,85.14741511193529
honey world wrong,85.07170506171713
countri mean boogi,84.55020107062983
mean boogi countri,84.55020107062983
mean woogi countri,84.55020107062983
woogi countri mean,84.55020107062983
man came old,84.51949466537415
lord sittin top,84.3599479122658
wiggl wiggl wiggl,84.2906630283785
'm million mile,83.5009690315797
went higher burn,83.48800974301038
worri lord sittin,83.34039790361192
boogi countri mean,83.21584654261113
countri mean boogi,83.21584654261113
mean boogi countri,83.21584654261113
mean woogi countri,83.21584654261113
woogi countri mean,83.21584654261113
good babi world,82.98262686796217
lordi lordi lordi,82.74132551746345
babi world wrong,82.53371450602415
good honey gone,82.36598756058817
'm still million,82.1415690200412
sittin top world,82.05997607495675
honey gone wrong,81.91707519865017
home old man,81.25636395091178
man home old,81.25636395091178
b. stetson hat,80.95617925994608
john stetson hat,80.95617925994608
girl mean mean,80.94477680308876
worri lord top,80.85017290793884
boogi boogi woogi,80.481769639954
boogi boogi boogi,80.481769639954
boogi boogi woogi,80.481769639954
boogi woogi boogi,80.481769639954
boogi woogi woogi,80.481769639954
boogi woogi woogi,80.481769639954
woogi boogi boogi,80.481769639954
woogi boogi woogi,80.481769639954
woogi boogi woogi,80.481769639954
woogi woogi boogi,80.481769639954
woogi woogi woogi,80.481769639954
john b. hat,79.84421715326386
good babi gone,79.82799700489522
babi gone wrong,79.3790846429572
honey world gone,79.23377472178964
stand doorway cri,79.14332886302255
fire fell burn,78.83537129112534
boogi boogi countri,78.55020107062983
boogi woogi countri,78.55020107062983
boogi woogi countri,78.55020107062983
woogi boogi countri,78.55020107062983
woogi woogi countri,78.55020107062983
gone worri sittin,78.3364576122455
'm still mile,77.81702196913957
eight gate nine,77.65451309330267
like broke-down engin,77.59500950153429
fire went higher,77.48800974301038
good like honey,77.40622725971035
like good honey,77.40622725971035
babi world gone,76.69578416609667
lord lordi lordi,76.35654349294516
girl mean boogi,76.27913133110745
girl mean woogi,76.27913133110745
mean boogi girl,76.27913133110745
mean woogi girl,76.27913133110745
woogi girl mean,76.27913133110745
left doorway cri,75.95617925994608
uh-huh wed supper,75.79361135880605
boogi girl mean,74.94477680308876
friend ever delia,74.94477680308876
girl mean boogi,74.94477680308876
girl mean woogi,74.94477680308876
woogi girl mean,74.94477680308876
good like babi,74.86823670401739
like good babi,74.86823670401739
countri girl mean,74.34756276178327
mean countri girl,74.34756276178327
like honey world,74.2740144209118
uh-huh uncl rat,74.05657165563612
'm closer still,73.74137867740035
burn burn burn,73.32345018746692
left stand doorway,73.0313667563403
countri girl mean,73.01320823376457
lord sittin world,72.91860433861468
burn ring fire,72.69579577704764
alright til fell,72.64135419633395
burn burn ring,72.00827815829795
uh-huh miss mousey,71.96903183511428
like babi world,71.73602386521885
left stand cri,71.71619472717134
'm sittin top,71.38231648550857
lord top world,70.42837934294161
worri 'm sittin,70.36276647685469
believ lawd day,70.33421309907192
lawd day quit,70.33421309907192
girl boogi woogi,70.27913133110745
woogi boogi girl,70.27913133110745
woogi woogi girl,70.27913133110745
gone lord sittin,70.21463588455728
heaven close door,69.99295387023412
lord lord lordi,69.97176146842686
friend gone delia,69.15336931205282
countri girl boogi,68.34756276178327
woogi countri girl,68.34756276178327
alright til love,68.0313667563403
song sigh weari,67.99436309618729
worri 'm top,67.87254148118161
blood babe care,67.7561599385505
good world gone,67.66923784573179
burn burn ring,67.63593256871724
done wrong franki,67.37514408994903
world gone wrong,67.22032548379377
day linger cabin,67.1047934108415
ring fire ring,67.00827815829795
ring ring fire,67.00827815829795
gone worri lord,66.70486088023036
till wiggl till,66.55020107062983
bad man stack-a-le,66.11451711259436
black jack black,65.8963160516157
good like good,65.8416903836525
ever gone delia,64.30923977970718
jack black jack,64.15669953451416
go-yeah pat swear,63.87537372261109
babe care world,63.6590211667596
lord lord lord,63.586979443908575
rosi face cannonbal,63.5055473264674
much longer wait,63.31466309041804
burn ring flame,63.20877424497327
flame burn burn,63.20877424497327
go-yeah stand pat,63.104793410841495
go-yeah stand swear,63.104793410841495
like good world,62.70947754485397
burn burn fire,62.63593256871724
burn ring fire,62.63593256871724
good lawd good,62.33421309907192
mani linger cabin,62.33421309907192
sigh weari time,62.33421309907192
time sigh weari,62.33421309907192
lord 'm sittin,62.24094474916648
till wiggl till,62.068141366628325
ring fire fire,62.008278158297955
black uh-huh next,61.99124175877971
next black uh-huh,61.99124175877971
linger around cabin,61.984361734070546
dark yet get,61.81708103129205
handi dandi like,61.731872362885944
hard sigh weari,61.65451309330267
linger cabin hard,61.65451309330267
