NGRAM,VALUE,
troubl troubl,195.3040097665288
readi readi,102.38021206698532
hard hard,99.90696794438124
wiggl wiggl,93.27004973769802
shine light,86.10953924803597
wake strengthen,79.54732178330296
mrs. henri,69.98985479874321
serv somebodi,68.66872460655259
god know,68.16259626124155
cri cri,66.81736075111682
far shore,66.33612740155235
wan nobodi,64.81484519185885
troubl nothin,62.25360249432166
need shot,61.53125894045091
suckl tree,61.33088945268357
wake wake,61.00909487417143
work maggi,58.99486957089089
shine shine,58.761363816269096
stop cri,58.156969776844726
locust sang,58.10609566759094
wan wan,57.66318521778719
weekend weekend,57.38442846461751
'm 'm,55.57872271016884
narrow work,55.48163471579424
shore driftin,54.57724433258379
let let,54.34930590877049
light shine,52.414958202504245
appl suckl,52.38290135074067
handi dandi,52.33050699180552
nobodi wan,52.31861030387552
cri stop,51.99667423025516
stop cri,51.99667423025516
anim begin,51.499537037058815
one weekend,49.67727119401913
long narrow,49.63384753837289
name begin,48.36888282861321
henri pleas,47.92592980108155
serv may,47.013871968805255
neighborhood bulli,46.97611168324523
ten thousand,46.28368766029038
somebodi may,45.46426801311784
work someday,45.29682505940145
pleas cri,44.966559050494965
mrs. pleas,44.62636361981499
wake remain,44.24590805194961
wake thing,44.12074374584917
light light,43.33254434886788
gave begin,42.70527648810873
hard a-gonna,42.28333970706803
appl tree,42.27453455153266
rememb end,41.32494262725994
henri henri,41.20547218820909
jack heart,40.80202615605455
love love,40.189000032307646
stop babi,39.696797967830136
shot love,39.41468916105804
rose dead,39.09168511412724
pleas mrs.,39.02759783052547
anybodi seen,38.882711998691406
stop stop,38.62483509590514
behold lo,38.12890514854246
lo behold,38.12890514854246
forev young,37.37598348041097
may may,37.28621814582387
work work,36.34417721569464
diseas conceit,36.10688020831939
driftin far,35.927532326557255
thank lord,35.910820081591176
cri babi,35.866281945808836
tree appl,35.82324952705192
glad glad,35.195926980385
death end,35.19151727364244
true love,35.08732394477548
new morn,34.872676361676085
hard rain,34.77335246372497
tree underneath,34.76068781718981
ya tell,34.57617096787071
pleas stop,34.07105987973135
name anim,33.275536911630425
rainin leve,32.87455708114031
way work,32.41277092767176
sad-ey prophet,31.952827736865707
dead believ,31.85995655036089
slow train,31.69741167587025
tree tree,31.640494489319874
weekend one,31.344266489346733
may serv,31.236223324438093
beyond horizon,31.173326440434256
tell henri,31.10154257376815
heavi bottl,31.025304375508714
end end,30.95644919340819
sang locust,30.93130934956399
rainin break,30.637154230268933
lamb save,30.50655414571591
wo let,30.14334536293599
live polit,30.08947687792962
want want,30.03217265586224
tweedle-de dee,29.837736257278543
franki lee,29.766204979400047
bash ooh,29.716951923152187
ooh ooh-e,29.716951923152187
gave anim,29.6561862135876
wiggl wiggl,29.575689530868743
street joey,29.549020158191617
mr. man,29.346047746873808
broken broken,29.32670065644771
begin name,29.25347531023219
slow comin,29.13033008630458
mrs. mrs.,29.07364646534092
sara sara,28.82626744344791
ooh babi,28.529154234724945
shore shore,28.407136874141216
mr. tambourin,28.37118160737399
roman king,28.32426300900415
leve break,28.2952065525126
stone stone,28.290417790291738
bottl bread,28.236758355488092
scarlet town,28.198679676441003
'm glad,28.16349413598347
clay joey,28.14496121269554
babi babi,28.114307906560803
tambourin man,27.99294241467641
end rememb,27.937506487988323
gave name,27.71544649769945
press press,27.70869528490504
summertim summertim,27.70869528490504
may call,27.645968890072922
dollar bash,27.641442064490484
babi stop,27.440539355717508
lay lay,27.36706170173822
queen jane,27.33743312038102
treat unkind,27.300880459040947
goin goin,27.30072313745276
father father,27.19566578645836
'm go,27.124360138541007
dream late,27.060086067660365
babi ooh-e,27.025633773836798
tambourin play,27.00517182135006
ya henri,26.932124144633047
wiggl till,26.922887857306442
lo behold,26.736008190167237
mobil memphi,26.685426679610547
shelter storm,26.60792151397129
lay brass,26.459350110905
cri pleas,26.397751158132476
new york,26.25001993577139
long way,26.197106563079636
pleas henri,26.00951612257404
alberta treat,25.8976914287118
roll john,25.726370066404435
joey king,25.664136865533727
narrow sure,25.662771405712455
begin gave,25.64096514241988
keep rainin,25.45239992044173
save glad,25.282960583898415
tambourin song,25.259903850261885
henri mrs.,25.18681475245823
peggi day,25.185023208626436
earli roman,25.16051952938375
clean-cut kid,25.151762576421376
mr. play,25.117237595170167
behold lookin,25.100841363019516
forev forev,25.04431925261952
right ya,24.967875695081506
true tend,24.958977841640564
hang low,24.86308094941773
man play,24.739454307884596
know know,24.68363217458496
desol row,24.56383388172167
knock knockin,24.56383388172167
stuck mobil,24.56383388172167
million bash,24.48272876527045
ooh-e million,24.48272876527045
tree suckl,24.442162419777674
henri appl,24.37187439303428
bird fli,24.098733104186746
clean-cut killer,24.026883370741423
wiggl wiggl,23.963581707148244
somebodi devil,23.834805931024167
worri anymor,23.782103854207396
young young,23.74036853222027
sad-ey ladi,23.740026908881752
burn roll,23.694112846397694
mama stuck,23.668164182360808
strengthen remain,23.668164182360805
stuck memphi,23.668164182360805
work sure,23.633425921512615
joey blow,23.5763044569082
hair hang,23.509735921369753
broken broken,23.373565520326704
mr. song,23.373565520326704
knock knock,23.28610187389673
lo lookin,23.28610187389673
driftin shore,23.226306235493965
one one,23.199633981813307
right unto,23.18599937292246
stay forev,23.140201507356352
keep leve,23.119291707196453
god god,23.098380832874405
heart yearn,23.088099804987003
man song,22.996181235556858
worri po,22.984476956735666
broken broken,22.878707733957206
shot shot,22.878707733957206
knock knockin,22.74932228360779
rememb death,22.743856463855384
mobil blue,22.709990469867208
stuck insid,22.616997637906778
slow around,22.57127506742779
burn yearn,22.554454174941746
leopard-skin pill-box,22.430384203580807
shore far,22.407234521497227
maggi farm,22.327774148624325
hair low,22.313646838222578
brand new,22.282053075061274
gate eden,22.276555090948722
babi cri,22.27641574912167
young forev,22.19591553775431
know god,22.112038905096714
insid mobil,22.080332002856693
henri ya,22.070795558999343
spend peggi,22.06544053554271
heaven knock,22.044293092008402
knock heaven,22.044293092008402
play song,22.010975512102046
locust locust,21.97076553131278
maggi work,21.913989372696058
road narrow,21.897737809087804
like like,21.894852267765053
million dollar,21.869728897155966
oxford town,21.791447832315978
babi pleas,21.785953997047216
kid killer,21.783753724425154
may somebodi,21.76534268960367
shot need,21.734948190962854
memphi blue,21.68854542126088
till till,21.6749047330955
'd unto,21.617515899511947
heaven knockin,21.50774141872188
knockin heaven,21.50774141872188
morn morn,21.475135081646712
father father,21.472273987757944
lo lo,21.472273987757944
brand leopard-skin,21.436808506338238
brand pill-box,21.436808506338238
iron bound,21.43680850633823
maggi maggi,21.385766970507532
sang sang,21.385766970507532
dog run,21.31115747192997
earli king,21.249626485342294
joey street,21.243222397084896
want honey,21.23352473185806
insid memphi,21.185346025232676
mama insid,21.185346025232676
blood lamb,21.134687211873782
alberta unkind,21.098986837936774
may lord,21.05385374180851
stay young,21.020692075010576
sure someday,20.98713595385703
child joey,20.984396670149973
joey child,20.984396670149973
bright john,20.98152252580458
bright roll,20.98152252580458
babe babe,20.965093390729727
want thank,20.948810787444007
ah-a summertim,20.91486008283589
happen jone,20.904772407980047
mister jone,20.904772407980047
keep break,20.89905452720158
heart burn,20.852691291242024
twenti iron,20.664767449347245
odd end,20.617363650846432
odd lost,20.617363650846432
long long,20.600675763356293
save blood,20.520886360413922
burn john,20.507218263697197
talk walk,20.49760033204308
polit world,20.449648402315184
happen mister,20.443460685505244
idiot blow,20.354982412415463
unto wan,20.288934008309436
winterlud winterlud,20.262376228971352
knock heaven,20.231376912776337
heaven knock,20.231376912776334
want bad,20.196695512888923
stuck blue,20.165546806065443
broken broken,20.135205136411386
littl girl,20.11773209002252
chime freedom,20.036210737580603
live world,19.99433677690234
soccer fun,19.982734311324947
give shelter,19.8880136925473
joey joey,19.86151966052751
po anymor,19.84601241513741
dead aris,19.79295496325672
leopard-skin hat,19.755605260469828
pill-box hat,19.755605260469828
move burn,19.731206256241858
acapulco goin,19.726997476509265
goin soccer,19.726997476509265
