NGRAM,VALUE,
troubl troubl troubl,4603.499355243959
wiggl wiggl wiggl,2860.830958654304
troubl troubl nothin,2763.323900604325
hard hard hard,2669.451164834793
nothin troubl troubl,2424.4019652308357
readi readi readi,2411.055684992247
shine light shine,2305.5237743233974
invit troubl troubl,2266.992431253925
solut troubl troubl,2266.992431253925
wake wake wake,2252.1803635765245
troubl troubl drought,2248.240668972189
troubl troubl nightclub,2248.240668972189
curs troubl troubl,2242.0718793897217
none troubl troubl,2215.514268965934
infin troubl troubl,2213.625741979628
light shine light,2192.1215838028083
help troubl troubl,2190.9503376338766
troubl troubl air,2180.3069958979877
wall troubl troubl,2178.5395170946413
troubl troubl put,2178.312569942178
see troubl troubl,2174.9104151969027
troubl troubl water,2168.627413009221
even troubl troubl,2159.4603942156186
man troubl troubl,2148.6049228420097
wake wake strengthen,2147.746801104271
troubl troubl 'm,2134.826745775056
cri stop cri,2078.896736287118
troubl nothin troubl,1972.8555730174448
hard hard a-gonna,1896.2800677866462
serv somebodi may,1888.1109208613511
stop cri stop,1880.555464375632
henri mrs. henri,1866.3843417209564
wake wake remain,1859.3057829021764
mrs. henri pleas,1853.2454828615037
shine shine light,1823.3063294490066
pleas stop cri,1816.223700500103
cri stop cri,1794.3928659850553
wake strengthen remain,1789.6005595696756
name anim begin,1756.4070391636685
shine light light,1756.0772569880623
hard hard rain,1750.826051603386
gave anim begin,1718.5662078472803
mrs. henri mrs.,1670.0519691547831
stop cri stop,1661.392205101633
wake wake thing,1660.7458947134523
wiggl wiggl wiggl,1652.361589380173
hard hard fall,1650.4412839914621
shine light bright,1640.7135173807433
pleas mrs. henri,1636.820477881342
shine light burn,1630.1464798043933
wake strengthen thing,1628.7472853342188
wiggl wiggl wiggl,1622.3783311526154
shine light move,1608.2896913548834
appl suckl tree,1592.1166326941193
wan nobodi wan,1572.5316284585185
weekend one weekend,1530.7376302382622
mrs. henri henri,1530.5221549746316
may serv somebodi,1524.2321513946458
cri cri cri,1500.7272078229946
wan wan nobodi,1495.2712515123708
gave name begin,1473.7913072327672
stop cri babi,1471.442249093738
mrs. mrs. henri,1467.0124647248495
somebodi serv somebodi,1432.497732013099
wiggl wiggl like,1420.9040065127756
hatr hard hard,1413.103251383025
shine light make,1412.7858565190488
graveyard hard hard,1407.040443267395
babi stop cri,1406.1397602365896
serv somebodi serv,1405.2952107614708
sing hard hard,1402.5459142978646
christ shine light,1397.8922641398601
'm go 'm,1396.3211358702713
shine light littl,1386.8057700206164
children hard hard,1381.9866965719782
start hard hard,1380.9005081725895
wound hard hard,1380.9005081725895
alley hard hard,1380.8393816425337
serv serv somebodi,1379.1410952229726
locust sang locust,1377.3406187715686
serv somebodi devil,1373.9353656494075
devil serv somebodi,1373.8840869674327
pleas mrs. henri,1373.7078816208646
stop cri cri,1370.9520379270527
sang locust sang,1367.3028525323666
wiggl wiggl till,1361.91237644264
cri babi cri,1361.3408795903517
lord serv somebodi,1358.7371280563693
mouth hard hard,1358.1218190206198
cri hard hard,1357.115962620164
believ shine light,1356.542725185805
serv somebodi somebodi,1355.0851009760822
death shine light,1351.8492427894175
work work maggi,1347.5240656251813
'm glad 'm,1346.9347528012852
young hard hard,1343.2428805198153
shine light 'm,1328.3344849438927
mrs. henri knee,1319.559394257121
know god know,1319.2299558962864
like wiggl wiggl,1317.425979641498
god know god,1315.8922259626102
anim begin ago,1315.1976745149082
weekend weekend weekend,1314.5592194354813
one weekend one,1313.2662716662194
let let let,1301.7098924004335
rainin leve break,1300.0805623377803
gave name anim,1297.9447034135615
man anim begin,1297.3137962418919
nobodi wan wan,1297.025880383344
love true love,1296.0764494567147
hoop wiggl wiggl,1295.9508696695661
pail wiggl wiggl,1295.9508696695661
satin wiggl wiggl,1295.9508696695661
soup wiggl wiggl,1295.9508696695661
wiggl wiggl pail,1295.9508696695661
narrow way work,1292.3241751981282
anim begin gave,1287.7368729406721
pleas stop cri,1285.9458357988424
shine shine shine,1285.6299028039384
'm press 'm,1283.8584408933816
cri pleas cri,1278.738053135533
wiggl wiggl rattl,1271.0266383198896
god know know,1270.2776106999927
'm 'm 'm,1269.1752629180846
keep rainin leve,1263.157342582515
god god know,1262.8837598392279
bowl wiggl wiggl,1261.6372397110322
wiggl wiggl ton,1261.6372397110317
need shot love,1258.1969608626537
rememb death end,1256.0208186480709
cri cri stop,1255.3912698228314
stop cri cri,1255.3912698228312
narrow work work,1254.6426010075159
roll wiggl wiggl,1251.0309251233662
silk wiggl wiggl,1251.0309251233662
teardrop wiggl wiggl,1251.0309251233662
wiggl wiggl roll,1251.0309251233662
milk wiggl wiggl,1247.435603148426
anim begin man,1246.0238507580689
green wiggl wiggl,1244.4506288944476
wiggl wiggl green,1244.4506288944476
pleas cri stop,1244.224990512409
dress wiggl wiggl,1239.6726305434415
wiggl wiggl dress,1239.6726305434413
queen wiggl wiggl,1237.6975686382136
wiggl wiggl shake,1237.6975686382134
hope readi readi,1235.644956954924
fall wiggl wiggl,1234.3140815520687
gypsi wiggl wiggl,1232.8414168653683
wiggl wiggl gypsi,1232.8414168653683
babi pleas stop,1223.3390036717112
ill wake wake,1219.3474615749442
seduc wake wake,1219.3474615749442
suckl tree tree,1219.2346251986241
wiggl wiggl moon,1213.7893028577223
approv wake wake,1213.5494660352651
light shine shine,1212.2583781821327
far shore shore,1210.9943045420903
one weekend weekend,1210.3360719153302
shore far shore,1208.4982123866864
mr. tambourin man,1208.4980881686465
stop cri stop,1205.9445455373425
chief serv somebodi,1203.7059157211313
heir serv somebodi,1203.7059157211313
pleas mrs. henri,1202.2330828630015
far far shore,1200.9041501942825
handi dandi candi,1200.8820924093718
far shore driftin,1200.1710113805846
anim begin begin,1199.4556026265684
cure wake wake,1194.4139920423893
desir wake wake,1194.4139920423893
knot wake wake,1194.4139920423893
tree appl suckl,1192.524083395393
tree suckl tree,1189.3596443868742
locust sang melodi,1188.1666821025199
power wake wake,1183.0238981273908
bank serv somebodi,1179.978597860516
asleep wake wake,1178.918819760268
tie wake wake,1178.918819760268
wander wake wake,1178.918819760268
work maggi work,1178.3336646772211
long narrow way,1170.1809014554833
mrs. henri 'm,1169.5870465576447
cri stop pleas,1169.261439129831
ill wake strengthen,1164.4060201885918
rule wake wake,1162.9953096099525
babi cri stop,1160.3272165926232
suckl tree underneath,1160.1235199968366
way work someday,1157.5060292010908
suckl tree appl,1156.214177877904
begin gave name,1153.7546118869006
make wake wake,1152.312957716143
narrow sure work,1147.9264705957935
melodi locust sang,1146.898519322623
shot need shot,1145.3544354346263
locust sang singin,1143.8230275717692
believ wake wake,1142.8756613402293
name serv somebodi,1141.6950163515748
distanc locust sang,1141.3160208595327
desir wake strengthen,1139.4651122331788
knot wake strengthen,1139.4651122331788
locust sang distanc,1138.2405291086795
love shot love,1137.8936159868551
handi dandi sugar,1137.4050860706875
light light shine,1137.238750158145
young wake wake,1135.5180829889835
wake thing remain,1133.0807637228604
anim begin long,1132.5527731280833
readi readi lay,1132.4386533203283
candi handi dandi,1131.2840869626425
stop pleas stop,1128.7361497315298
depart readi readi,1128.4899209846203
pack readi readi,1128.4899209846203
cri stop babi,1128.473325066695
still serv somebodi,1127.9858193018704
need shot shot,1126.8788739360573
readi readi jesus,1124.931171638466
readi readi judgment,1124.8702690635855
driftin far shore,1124.4984613708414
asleep wake strengthen,1123.9550624691394
need need shot,1121.4518803963456
still wake wake,1119.8805995735934
readi readi terribl,1119.1107928801082
suckl suckl tree,1119.0442999542774
stop stop cri,1118.8612526361508
long long narrow,1115.6615080747258
tambourin man play,1114.4767740631326
maggi work maggi,1112.691677370638
locust sang sang,1111.5620141253905
locust locust sang,1110.8013491913223
work maggi maggi,1109.0290179207118
rule wake strengthen,1107.9943549034483
tree readi readi,1106.9829596790123
live polit world,1105.1745074657833
readi readi meet,1103.7070859454561
mr. tambourin play,1101.7451587303672
stop cri tear,1100.1578905110657
stop stop cri,1098.456861658745
cri stop stop,1098.4568616587449
suckl readi readi,1097.6395586324068
power wake strengthen,1097.2599177204593
mr. tambourin song,1096.1756236869815
cri babi pleas,1095.8485954645496
far shore far,1094.6233292899622
dandi handi dandi,1089.4437502796463
handi dandi handi,1088.6852696423914
sugar handi dandi,1085.7155135623261
'm closer 'm,1083.6743709577067
pleas cri cri,1081.9015019783346
locust sang sweet,1080.5128314737271
young wake strengthen,1080.2789392066877
anim begin time,1079.0572247108125
work work someday,1078.8796136080866
handi handi dandi,1076.8520253010652
handi dandi dandi,1075.030258821733
readi readi life,1071.9160245230544
keep rainin break,1068.6888112402783
true love tend,1065.537366727653
tonight diseas conceit,1065.0648224552554
sweet locust sang,1064.3883233454897
work sure work,1063.5350625419164
mr. man play,1059.6573619185588
tambourin man song,1056.9676872450113
work maggi farm,1056.2589315811017
stop cri shine,1056.1421856265233
serv may may,1053.7003450951793
hit handi dandi,1053.4510235387131
million dollar bash,1052.1527306115008
man name anim,1051.091438810626
hair hang low,1049.196178922984
lo behold lo,1049.1413921966925
underneath appl suckl,1049.1377066972018
need shot need,1048.2456316127152
suckl tree suckl,1047.4043014137767
'm sleepi 'm,1045.3350454985216
stop cri pleas,1043.5634002403908
'm tryin 'm,1039.4238518386624
name begin begin,1037.2787034972107
long narrow sure,1036.7318425176627
handi dandi like,1036.3032827581433
ten thousand dress,1036.0132868259518
keep leve break,1032.16021335065
insid mobil memphi,1031.826977504049
stop cri caus,1031.5158981439304
stop cri mind,1030.280011096053
stuck mobil memphi,1028.8978500582698
forev young forev,1028.278601786577
one one weekend,1026.9049169326424
tomorrow handi dandi,1026.3624341921031
ten thousand women,1025.4259371846692
mobil memphi blue,1023.3631249393669
stop cri sun,1022.6944667399232
handi dandi clear,1022.3093360985777
diseas conceit lot,1022.04908674092
long narrow work,1021.9747881513044
shine stop cri,1021.3898322432149
pleas stop stop,1019.0272343630603
rainin leve rainin,1017.6030328246827
sure work someday,1017.5587213050924
shore shore driftin,1016.5176359205609
