NGRAM,VALUE,
rainin break,21.44770336232581
rainin leve,21.44770336232581
beyond horizon,20.428739188488414
leve break,19.947661702310377
tweedle-de dee,19.61226434804924
keep rainin,18.680010384951032
heart burn,18.502005021430517
talk walk,18.38584449222153
burn yearn,17.963754075548763
heart yearn,17.963754075548763
babi worri,17.884629335492228
high water,17.483954547717975
worri anymor,17.483954547717975
keep break,17.1906508245159
keep leve,17.1906508245159
worri po,15.649918959662
po anymor,14.638086909378796
burn still,14.588580952558386
heart still,14.588580952558386
turn cri,14.27722786347227
still yearn,14.055217540367344
meet moonlight,12.577590638258808
moonlight alon,12.577590638258808
babi anymor,12.541295842243946
someday worri,12.190724492008375
dum dee,11.899053461863812
meet alon,11.610132785603467
someday anymor,11.542060215499507
tweedle-de dee,11.264328746556629
wo moonlight,11.264328746556629
understand honest,11.22777622990012
po boy,11.132257230117737
water risin,11.12739436441609
went might,10.801233500376512
babi po,10.74285738093627
fill earli,10.65653008102034
say tweedle-de,10.497864558373985
summer night,10.43759804161246
without might,10.43759804161246
someday po,10.35866768189303
wo alon,10.300420533681793
wo meet,10.300420533681793
honest knew,10.120697576583682
anywher belong,10.058362573467077
belong bodi,10.058362573467077
belong christ-forsaken,10.058362573467077
freddi po,10.058362573467077
comin barren,10.035827845000378
water everywher,9.85275070931855
behind boot,9.840261298977454
behind bring,9.840261298977454
behind hang,9.840261298977454
bit blue,9.840261298977454
bit workingman,9.840261298977454
boot fight,9.840261298977454
boot hang,9.840261298977454
bottom behind,9.840261298977454
bottom boot,9.840261298977454
bottom bring,9.840261298977454
bottom lag,9.840261298977454
bring boot,9.840261298977454
bring hang,9.840261298977454
fight frontlin,9.840261298977454
fight littl,9.840261298977454
frontlin bit,9.840261298977454
frontlin littl,9.840261298977454
frontlin workingman,9.840261298977454
hang fight,9.840261298977454
hang frontlin,9.840261298977454
lag behind,9.840261298977454
lag boot,9.840261298977454
lag bring,9.840261298977454
littl bit,9.840261298977454
littl blue,9.840261298977454
littl workingman,9.840261298977454
miss moor,9.840261298977454
miss netti,9.840261298977454
miss winter,9.840261298977454
moor winter,9.840261298977454
netti moor,9.840261298977454
netti winter,9.840261298977454
roll tumbl,9.840261298977454
workingman blue,9.840261298977454
might goin,9.839901165368598
tweedle-de tweedle-de,9.606602189535336
understand knew,9.606602189535336
year might,9.587842065762288
went without,9.497846499003298
behind shoe,9.336246535853295
boot shoe,9.336246535853295
bring shoe,9.336246535853295
deal goe,9.336246535853295
lag shoe,9.336246535853295
nohow might,9.336246535853295
shoe fight,9.336246535853295
shoe hang,9.336246535853295
sugar nohow,9.336246535853295
winter love,9.336246535853295
winter rise,9.336246535853295
gutter thank,9.264980205161823
walk heart,9.216198822409119
rainin rainin,8.997812289796366
someday babi,8.984423518396309
best bit,8.934864874281269
best frontlin,8.934864874281269
best littl,8.934864874281269
brain nohow,8.934864874281269
fight best,8.934864874281269
hang best,8.934864874281269
roll whole,8.934864874281269
tumbl whole,8.934864874281269
tweedle-de dee,8.84643875398842
love shall,8.832674740616284
rise love,8.832674740616284
rise shall,8.832674740616284
cri turn,8.65075201483942
went year,8.65075201483942
'd honest,8.611977078327193
miss happi,8.601299828347376
moor happi,8.601299828347376
netti happi,8.601299828347376
nohow went,8.601299828347376
happi winter,8.601299828347374
without goin,8.540505958934746
lay shade,8.537775402728014
pick gutter,8.537775402728014
care stay,8.454860382991612
shoe best,8.431736145066884
sugar brain,8.431736145066884
comin field,8.315934902389067
sing bit,8.315934902389067
sing blue,8.315934902389067
sing littl,8.315934902389067
sing workingman,8.315934902389067
fight sing,8.315934902389065
frontlin sing,8.315934902389065
lover comin,8.315934902389065
nohow without,8.315934902389065
break rainin,8.301793755311694
leve rainin,8.301793755311694
year without,8.28977804802351
high everywher,8.225823649745713
cri night,8.13508774936231
understand 'd,8.100988488031513
day night,8.09861426332856
happi rise,8.09861426332856
moor river,8.066609249947994
winter river,8.066609249947994
cri cri,7.9755396653675685
belong belong,7.811013200574129
freddi freddi,7.811013200574129
stay mississippi,7.811013200574129
brain went,7.698562094388779
year goin,7.69740592721523
shade nobodi,7.685801984930612
love ever,7.685272226085896
might keep,7.685272226085896
nohow year,7.646252702804376
roll cri,7.646252702804376
tumbl cri,7.646252702804376
'm 'm,7.624664344059447
break break,7.609777444581379
break leve,7.609777444581379
leve leve,7.609777444581379
river love,7.564810308021837
river rise,7.564810308021837
river shall,7.564810308021837
tweedle-de dum,7.564810308021837
sugar babi,7.4745221250612675
mind paid,7.465513628134025
best sing,7.414083791522903
brain without,7.414083791522903
readi unload,7.392204407926357
dream keep,7.366326835746728
love left,7.34390181163951
love one,7.34390181163951
rise one,7.34390181163951
shall left,7.34390181163951
shall one,7.34390181163951
shall tell,7.34390181163951
meet behind,7.325399480168595
meet bottom,7.325399480168595
meet bring,7.325399480168595
meet lag,7.325399480168595
door freddi,7.325399480168594
year keep,7.27173767776412
day summer,7.082291991862991
dream live,7.082291991862991
keep live,7.082291991862991
'd knew,7.008556167079826
rainin keep,7.001564292761948
dum dee,6.965045358251311
dawn lay,6.959925277288374
feel honest,6.959925277288374
let let,6.959925277288374
summer night,6.959925277288374
happi river,6.8342967164167945
went keep,6.75884588617923
compani tweedle-de,6.752059823621799
brain year,6.747062640977962
cri whole,6.747062640977962
understand feel,6.666770594600046
stop readi,6.666770594600045
left black,6.614275433094879
tell black,6.614275433094879
brand new,6.5879722238635825
spent woman,6.5879722238635825
babi went,6.549875837503288
keep keep,6.442799200104504
summer day,6.422012226071381
back fight,6.419621136384047
back frontlin,6.419621136384047
boot back,6.419621136384047
bring back,6.419621136384047
hang back,6.419621136384047
without keep,6.4032055521921905
break keep,6.320233648656987
leve keep,6.320233648656987
summer summer,6.2119394634316905
feel knew,6.0279552820220506
freddi boy,6.0279552820220506
everybodi lift,6.02795528202205
high risin,6.02795528202205
thing mississippi,6.02795528202205
thing stay,6.02795528202205
wrong mississippi,6.02795528202205
wrong stay,6.02795528202205
babi nohow,5.969691632922501
shoe back,5.922705659723103
summer gone,5.913902399468542
left tell,5.866217818179512
one left,5.866217818179512
one tell,5.866217818179512
shall world,5.824441531725971
ever tell,5.821504254315757
keep goin,5.821504254315757
tweedle-de dum,5.818340331608758
dum tweedle-de,5.818340331608757
moor gone,5.742641663737418
netti gone,5.742641663737418
winter gone,5.742641663737418
hot summer,5.728540705331735
travel care,5.728540705331735
last hour,5.716971567458465
wrong long,5.7096019115551915
road went,5.650576976800565
ever shall,5.6417833351236455
rise ever,5.6417833351236455
roll night,5.6048898274760734
tumbl night,5.6048898274760734
mississippi long,5.582995604038473
stay long,5.582995604038473
night day,5.574468242386134
woke morn,5.544999810896944
back best,5.528424859962121
fill fill,5.526514920644984
one gone,5.336655693137843
night gone,5.249285302701821
gone love,5.2492853027018205
gone rise,5.2492853027018205
kill last,5.23490296514985
look see,5.23490296514985
dum tweedle-de,5.182184446285465
feel 'd,5.143301048344104
man comin,5.133959955714687
black eye,5.104587506899618
world black,5.104587506899618
tumbl long,5.101370583655615
babi brain,5.082943260956618
one mississippi,5.0512299611944895
one stay,5.0512299611944895
say dum,5.019427002322241
man freddi,4.964598818346779
way belong,4.964598818346779
back sing,4.92370134052821
summer day,4.8318012833053015
'm go,4.809963342924828
night fill,4.72259431143769
whole night,4.72259431143769
'd like,4.66345134015517
road nohow,4.66345134015517
care care,4.6239454471322485
ever sinc,4.594947076452436
day gone,4.535662502112441
gone black,4.535662502112441
happi gone,4.535662502112441
sometim give,4.487720657911052
dee tweedle-de,4.45072175074115
whole long,4.450721750741149
wrong care,4.442178683774079
river ever,4.40589762809328
left world,4.371196566496106
one world,4.371196566496106
tell eye,4.371196566496106
tell world,4.371196566496106
break peopl,4.361554199036414
sugar road,4.30374242761588
'm paintin,4.303737275873139
summer gone,4.300429988235354
thing wrong,4.26085569919795
