NGRAM,VALUE,
rainin leve break,954.4712193555943
keep rainin leve,941.5876894403071
keep rainin break,830.7512589568596
keep leve break,807.0252957670365
heart burn yearn,778.9622707868396
heart burn still,762.8056427068551
rainin leve rainin,703.1792588192576
worri po anymor,694.7037538268826
babi worri po,684.6784264283962
leve rainin leve,672.6820979286886
burn still yearn,665.7877269611538
heart still yearn,656.1544141736324
break rainin leve,653.3230920918966
rainin keep rainin,647.751483671054
break leve break,640.940795316559
leve break leve,640.940795316559
rainin leve keep,628.7024647547277
leve break rainin,627.1238071489834
babi worri anymor,624.7443037061644
leve break keep,616.4164998180988
someday po anymor,595.5590464731777
break keep rainin,592.3265639829181
leve keep rainin,586.0446526326596
someday worri po,585.2606635486111
keep rainin keep,578.3001585234703
someday worri anymor,575.7543619196331
babi po anymor,571.4731026758831
meet moonlight alon,564.4282417290809
high water everywher,562.0154142121816
rainin leve peopl,553.9872463541179
rainin break rainin,543.9729115494752
leve break peopl,531.4780292319712
someday babi worri,530.6094003404305
break rainin break,518.2705968593193
cri turn cri,517.3616900760095
wo meet moonlight,512.1574163961113
heart burn walk,501.4197119125884
keep rainin peopl,495.9509275088548
wo moonlight alon,493.32048322058745
someday babi anymor,488.965856083493
rainin break keep,484.1731577108476
high water risin,464.40018449381444
wo meet alon,450.888014526402
leve keep leve,449.1807855740539
understand honest knew,438.52297491045624
break keep leve,438.1785545073593
nohow without might,437.77316078264016
someday babi po,437.4524810547964
behind bring boot,432.5954915405479
behind bring hang,432.5954915405479
bit workingman blue,432.5954915405479
bottom bring boot,432.5954915405479
bottom lag behind,432.5954915405479
bottom lag boot,432.5954915405479
frontlin bit workingman,432.5954915405479
lag behind bring,432.5954915405479
littl bit workingman,432.5954915405479
miss netti moor,432.5954915405479
miss netti winter,432.5954915405479
went without might,431.8962834109682
'd honest knew,425.3776584202053
behind shoe hang,421.94698005880355
bring boot shoe,421.94698005880355
lag behind shoe,421.94698005880355
boot shoe fight,421.9469800588035
year without might,418.04831200299964
keep leve keep,414.54631440199853
without might keep,414.31191765512386
best littl bit,413.7904449929732
fight best littl,413.7904449929732
hang best frontlin,413.7904449929732
without might goin,412.8930606374281
behind boot hang,409.68098148193474
boot hang fight,409.68098148193474
bottom behind boot,409.68098148193474
bottom behind bring,409.68098148193474
bottom lag bring,409.68098148193474
bring boot hang,409.68098148193474
fight frontlin littl,409.68098148193474
frontlin littl bit,409.68098148193474
frontlin littl workingman,409.68098148193474
hang fight frontlin,409.68098148193474
lag behind boot,409.68098148193474
lag bring boot,409.68098148193474
littl bit blue,409.68098148193474
littl workingman blue,409.68098148193474
miss moor winter,409.68098148193474
netti moor winter,409.68098148193474
boot shoe hang,407.76556498116133
lag boot shoe,407.7655649811612
miss happi winter,407.1679556182147
netti moor happi,407.1679556182146
still yearn walk,407.0699550574422
tweedle-de dum dee,406.7371993107766
nohow went might,405.4103442891528
sugar brain nohow,403.14990958316685
frontlin sing workingman,401.5896150995293
sing littl bit,401.5896150995293
sing workingman blue,401.58961509952917
fight sing littl,401.5896150995291
behind bring shoe,399.0324700001903
went year might,398.15945972345946
burn still walk,397.45432731632104
winter rise love,397.1210410935962
behind boot shoe,393.34284530969023
bring shoe hang,393.34284530969023
shoe hang fight,393.34284530969023
lag bring shoe,393.3428453096901
understand 'd honest,391.2471745353682
best frontlin bit,390.87593493436
fight best frontlin,390.87593493436
roll tumbl whole,390.8759349343599
shoe hang best,388.96849450552463
roll tumbl cri,388.7341695901058
brain nohow went,388.3868425899116
miss netti happi,384.25344555960146
went year without,383.42717338404975
nohow went year,383.35748840217985
best frontlin sing,382.81648344816125
best frontlin littl,381.3500379545993
hang fight best,381.3500379545993
sugar babi nohow,381.22797235347093
nohow year might,381.1515301270196
tweedle-de tweedle-de dee,381.01828394459517
shoe fight best,380.2353995245536
sing bit workingman,378.6751050409159
moor happi winter,377.8901002491989
rainin break peopl,375.0556110092518
meet behind bring,374.9556606822199
meet bottom lag,374.9556606822199
rise love ever,374.5839512778741
break keep break,374.5188746397414
miss moor happi,371.827253567735
netti happi winter,371.827253567735
moor happi river,371.40174513403235
nohow went without,371.07489875596764
year might goin,370.91227959634955
frontlin sing littl,367.2958556599158
sing littl blue,367.2958556599158
happi winter rise,367.25355420112334
rise love shall,366.368161321819
boot back fight,365.72770742674396
bring boot back,365.7277074267439
hang back frontlin,365.7277074267439
year without goin,364.49589466733437
fight frontlin sing,363.91574874848175
frontlin sing bit,363.91574874848175
sing bit blue,363.91574874848175
sing littl workingman,363.91574874848175
understand 'd knew,363.7455799142955
river rise love,361.3348749531999
went year keep,360.71725514843854
brain nohow without,359.9019733895481
meet lag behind,359.42082876982386
understand feel knew,359.26956546875
winter river love,357.53672793685644
say tweedle-de dee,357.4890432734974
moor winter river,357.143409995631
rise love one,357.0987870976513
shoe hang back,355.1431037012868
feel honest knew,353.65100602556555
dum tweedle-de dee,353.37946755505476
netti moor gone,353.19706844606264
brain year without,351.7542748329346
roll tumbl night,350.6555058039055
best sing bit,350.37607640978734
fight best sing,350.37607640978734
day summer night,349.8009920791351
back fight best,347.05049057616674
nohow year without,346.6804924021802
happi river rise,346.6037440902928
went might keep,346.1442441625077
love ever left,345.5521748450064
best sing littl,345.1426170971138
year might keep,344.82048877447994
babi nohow went,343.5540672967828
winter gone love,342.64450388816965
tweedle-de tweedle-de dee,341.5653107613191
winter river rise,340.825220634012
keep break keep,340.5461213950174
brain went without,340.3014563601191
understand feel honest,340.0192528117243
burn yearn walk,338.0375982447752
brain went year,337.8103227696264
brain nohow year,337.5445856537698
river rise shall,337.07979869691553
meet bottom behind,336.36751448183537
meet lag bring,336.3675144818353
happi winter river,336.0610430835527
tweedle-de dee tweedle-de,331.38080951474075
meet bottom bring,331.1752578387557
river love shall,330.2006479788843
rise shall one,329.31389815715886
happi winter gone,328.05743724834775
might keep goin,327.32106157129033
boot shoe back,326.5389689521735
tumbl cri whole,324.9431969231557
love shall left,324.28619592470636
love shall one,324.28619592470636
summer night gone,324.1580859058487
year keep goin,323.8432601973849
went without keep,321.8802737036069
summer summer night,321.8568235288812
dream keep live,321.58837930387176
year without keep,318.4934112652182
roll cri whole,317.6826633166312
love ever shall,316.88765435021116
feel 'd honest,314.7429803990463
back best frontlin,314.61008353779283
back fight frontlin,314.40268270404374
boot hang back,314.4026827040437
sugar babi brain,313.5419632918404
tumbl cri night,310.8926717483271
keep leve peopl,309.12734447163143
say tweedle-de dum,306.3323335271599
babi brain nohow,306.3138033967396
wrong stay mississippi,304.48625043574765
bring shoe back,303.81807897858664
shoe back fight,303.81807897858664
bring hang back,303.0893526938536
hang back fight,303.0893526938536
river love ever,301.8002016092564
back frontlin sing,300.68378770296073
river ever shall,300.31346137032085
love one left,300.0320242775436
shall one left,300.0320242775436
shall one world,299.4950828363566
summer day summer,298.4732428090252
shoe back best,298.34385956890674
gone rise love,297.80218879937183
love ever one,297.6341332921464
moor winter gone,297.38950689262015
road nohow went,296.3899357273632
ever shall one,296.14939761917276
roll cri night,296.11427571613956
hang back best,295.7254658534666
summer day night,295.65117718227486
shall one tell,295.00432204509093
without keep goin,294.8132538926468
dum tweedle-de dee,292.88904527918623
sugar road nohow,292.79415355299125
moor happi gone,292.71673519786805
heart still walk,289.9669128054019
road brain nohow,288.7737781658914
tumbl cri long,287.5410734084243
thing stay mississippi,287.3003678917877
winter gone rise,286.83694233472704
one stay mississippi,286.2516266221481
babi brain went,286.13373672955066
left tell black,285.3488507937509
cri whole night,284.33757092969546
tweedle-de dum tweedle-de,283.7609735940882
shall left tell,282.30407523411714
netti winter gone,281.4478136634757
rise ever shall,280.4556199492882
anywher belong belong,280.21695967723394
belong belong bodi,280.21695967723394
belong belong christ-forsaken,280.21695967723394
freddi freddi po,280.21695967723394
comin barren field,279.9307315792
moor gone river,279.41446078800743
stay mississippi long,278.9448411139702
understand feel 'd,277.9540508845603
happi gone rise,276.48657535519317
road went year,275.3962623771482
back fight sing,272.3391924096836
netti happi gone,272.2498756949052
belong bodi christ-forsaken,271.91304820408027
one left tell,270.85010599377745
'm go 'm,270.07882199503103
river rise ever,269.1792343960052
gone river rise,268.88194970820365
stay mississippi day,266.32938061810466
tumbl whole night,265.8244858499879
wrong stay long,265.25499495420155
rise ever one,263.3368064462278
left gone black,259.3576630368388
roll whole night,258.48510637797057
feel 'd knew,257.03514297689094
tumbl whole long,256.8691321241654
day night gone,256.0197158522301
shall left world,256.0010569175173
ever shall tell,255.00023271526786
ever shall left,251.4338618844668
ever left tell,250.9358775433368
back best sing,250.24797774924593
gone love ever,249.93464448032552
shall tell world,249.69136754964808
wrong mississippi long,248.77475854776128
day summer gone,247.38355179463076
summer day gone,246.79198950193359
winter gone river,246.10169733934708
left world black,245.3508390117451
say dum dee,244.57013985367792
one left gone,243.23348721216666
left tell world,242.74856946977368
door freddi freddi,239.772647504146
road brain went,239.31385545690125
gone dream keep,237.23555466619268
tell black eye,235.0962821993479
