NGRAM,VALUE,
lay brass,1514.3748355681707
lay lay,1514.3748355681707
corrina gal,1345.7776775764457
work maggi,1344.5200956076962
hard hard,1296.3092214482122
stay ahead,1212.1999918429492
bird bird,1183.3399006285435
fennario march,1136.6250232283494
found march,1136.6250232283494
juggler believ,1136.6250232283494
march fennario,1136.6250232283494
a-run stair,1135.5938431199115
corrina corrina,1129.155481549582
hang pictur,1029.838805203248
hang frame,1009.9166942622637
pictur frame,1009.9166942622637
sad-ey prophet,1007.9168403302099
hard a-gonna,893.8314392437197
bird whistl,852.1641424291533
whistl bird,852.1641424291533
peggi day,767.492993391874
cassius clay,757.3126391981416
dear landlord,757.3126391981416
eatin eatin,757.3126391981416
fifteen juggler,757.3126391981416
march march,757.3126391981416
suppos sooner,757.3126391981416
tom pain,757.3126391981416
a-run a-run,756.9377475449347
bird sing,756.9377475449347
complet unknown,756.9377475449347
lieuten lieuten,756.9377475449347
philosoph fear,756.9377475449347
a-gonna fall,756.5628869164533
jingle-jangl followin,756.5628869164533
lowland prophet,756.5628869164533
pledg hopin,756.5628869164533
prophet warehous,756.5628869164533
warehous arabian,756.5628869164533
william zanzing,756.5628869164533
brand leopard-skin,755.8132588562364
brand pill-box,755.8132588562364
happen jone,755.8132588562364
happen mister,755.8132588562364
leopard-skin pill-box,755.8132588562364
mister jone,755.8132588562364
mama stuck,755.43849148583
mobil memphi,755.0637552628071
franki lee,691.0544190549043
spend peggi,685.5634248928875
five believ,681.4876397313246
sport car,681.4876397313246
allow chanc,679.1641316594571
desol row,671.1124375409727
lay big,671.1124375409727
mama insid,671.1124375409727
plow hold,671.1124375409727
stuck insid,671.1124375409727
stuck memphi,671.1124375409727
stuck mobil,671.1124375409727
factori daddi,647.7865236852716
older younger,647.7865236852716
arabian drum,630.1047641877792
warehous drum,630.1047641877792
mr. tambourin,628.179477160012
queen jane,628.179477160012
alon stone,605.2004166711123
complet roll,605.2004166711123
fear rag,605.2004166711123
god almighti,605.2004166711123
piti immigr,605.2004166711123
unknown roll,605.2004166711123
insid memphi,596.1498829632673
insid mobil,596.1498829632673
mr. man,583.9905891534364
tambourin man,579.5220564280987
chime freedom,577.9457553544164
throw troubl,576.3337262851752
direct complet,567.6565167821219
direct unknown,567.6565167821219
hors follow,567.6565167821219
mountain rang,567.6565167821219
stop beat,567.6565167821219
world war,567.6565167821219
gaze chime,566.4854431269268
gaze freedom,566.4854431269268
arabian gate,539.7776000122739
pretti peggy-o,539.7776000122739
tambourin play,537.8157622881283
gate eden,536.1799292990609
pictur hang,524.7144237394893
stay awhil,504.2085948190163
bid farewel,504.0422579901252
critic fear,504.0422579901252
disgrac fear,504.0422579901252
philosoph critic,504.0422579901252
philosoph disgrac,504.0422579901252
stair a-run,504.0422579901252
a-gonna blue-ey,483.80066006555796
dyin blanket,483.80066006555796
fall blue-ey,483.80066006555796
stay stay,483.80066006555796
brand hat,479.8599221543506
highway 51,479.8599221543506
leopard-skin hat,479.8599221543506
pill-box hat,479.8599221543506
blue-ey darl,472.03228494686005
oxford town,467.24707165593617
hard rain,461.7648290499581
fifteen five,453.8628990255479
juggler five,453.8628990255479
mind hate,453.8628990255479
daddi alley,452.66409764490487
daddi food,452.66409764490487
food tombston,452.66409764490487
51 run,449.435697846572
drum gate,449.435697846572
pawn game,449.435697846572
mr. play,447.4228582530808
believ fix,446.2252238718836
new york,430.18165203222935
fix die,428.72007095928393
mornin callin,424.185472027537
end memphi,423.00400107997416
end mobil,423.00400107997416
man play,412.6565370694785
feel direct,411.5462859653347
daddi lookin,411.27459354001377
lookin tombston,411.27459354001377
critic rag,402.8675770402224
disgrac rag,402.8675770402224
hard fall,395.5945555169888
tambourin song,395.13707025230156
chime flash,392.9767310699651
freedom flash,392.9767310699651
kitchen tombston,392.9767310699651
sweet mari,392.9767310699651
tonight sweet,392.9767310699651
vision johanna,392.9767310699651
factori alley,387.60214997743753
thousand mile,387.60214997743753
peggi night,378.06288934877125
bottom rambl,378.00053361017615
earli mornin,377.59469896334434
tambourin jingle-jangl,377.18898326017114
end stuck,375.9725510272407
lay across,375.9725510272407
mama end,375.9725510272407
jesus make,353.0826675526467
answer blowin,352.1226249774195
factori lookin,352.1226249774195
brand new,351.08239285926396
new leopard-skin,351.08239285926396
new pill-box,351.08239285926396
along cove,347.59856216624763
shoe daddi,347.59856216624763
blowin wind,345.33607501800645
rag tear,345.05830750796514
ticket throw,345.05830750796514
blue-ey son,342.7005733063222
highway 61,342.7005733063222
captain arab,340.0506776908205
gettin fill,340.0506776908205
street gettin,340.0506776908205
william philosoph,340.0506776908205
zanzing philosoph,340.0506776908205
easi jesus,337.56236133296306
big brass,335.44557456348923
gal corrina,335.44557456348923
disgrac critic,335.4179043917103
gaze flash,335.4179043917103
stair stair,335.4179043917103
alley lookin,334.9378668487755
keep plow,333.8100824875743
end insid,333.78251768531254
mr. song,328.50550455836134
dog barkin,323.8131695424768
hate cri,323.8131695424768
morn mile,323.8131695424768
stop turn,323.8131695424768
three o'clock,323.8131695424768
new orlean,322.58303822624566
sleepi mr.,313.96027042725245
lieuten gone,307.9367278835752
man song,302.8782529986065
babi blue,301.7263122213091
factori shoe,297.53890527825155
maggi farm,297.3713529879534
keep hold,296.30191608687767
tonight mari,294.15764150519175
man jingle-jangl,289.64158838378796
man sleepi,289.64158838378796
babe light,287.4768179747626
cove spi,287.2396650825875
day stole,287.2396650825875
spend day,287.2396650825875
throw suitcas,287.2396650825875
rise head,285.61602183482677
juda priest,285.1917698059772
buri ground,283.1726813256881
march captain,283.1726813256881
orlean rise,283.1493268815531
somehow older,283.1493268815531
freight train,281.9329165413893
play song,280.91220686963163
maggi work,279.4756533390188
maggi pa,276.821840894456
church bell,274.1378586567102
gettin gettin,271.76346413399693
jump jump,271.76346413399693
alley food,270.4913605845467
jesus jesus,269.22119543656873
play followin,268.797037005093
play jingle-jangl,268.797037005093
play sleepi,268.797037005093
wo jane,266.72834557896437
memphi blue,258.80136938945395
mobil blue,258.80136938945395
babe babe,257.59609909705983
lord plow,252.18795448157744
plow lord,252.18795448157744
fix hate,251.56344368383333
arabian sad-ey,250.73179016589057
lowland sad-ey,250.73179016589057
sad-ey lowland,250.73179016589057
much older,250.31627939196227
throw throw,245.9407561152803
lookin food,245.64989516908534
gate wait,244.11425698092174
beat turn,242.50556716035967
brother hand,242.50556716035967
church toll,242.50556716035967
fear take,242.50556716035967
philosoph take,242.50556716035967
somehow younger,242.50556716035967
stone stone,241.42917685967407
answer wind,241.24977949045442
babe lookin,241.00193952116675
bound blanket,241.00193952116675
dyin bound,241.00193952116675
tonight stay,241.00193952116675
stone stone,240.82774558481725
arabian put,234.92472827222525
blue-ey young,234.92472827222525
countri pie,234.92472827222525
sleepi go,234.92472827222525
time a-changin,234.92472827222525
warehous put,234.92472827222525
alley kitchen,234.86656422160465
food kitchen,234.86656422160465
mama shoe,232.43555395874606
ladi lay,230.02669197046217
stuck blue,230.02669197046217
favor ask,226.42081522929635
morn thousand,226.2760814513292
sooner later,226.2760814513292
stop cold,226.2760814513292
suppos later,226.2760814513292
two follow,226.2760814513292
blame game,226.23875449070368
zanzing disgrac,226.23875449070368
mama daddi,225.0230814726778
funni believ,224.94877357281166
hold lord,223.63367007435917
peggi stole,223.0022421056495
jesus die,222.22242809838298
new hat,222.22242809838298
wo queen,221.48269201209084
jingle-jangl morn,220.9773481051923
morn followin,220.9773481051923
rain a-gonna,220.9773481051923
rain fall,220.9773481051923
a-gonna son,218.92947276701793
fall son,218.92947276701793
anyth almighti,215.01990331361162
lovin honey,215.01990331361162
gaze upon,214.18317945241384
much younger,214.1478065381594
lookin kitchen,213.3063008720715
son darl,213.3063008720715
call rise,212.0228018826948
give lay,212.0228018826948
darl young,210.73769824676216
someth happen,209.42893640462714
someth jone,209.42893640462714
someth mister,209.42893640462714
maggi maggi,208.680537793831
drum sad-ey,208.5452665973877
chanc allow,208.51084184681974
ten thousand,208.51084184681974
shoe alley,207.43253186020112
shoe food,207.43253186020112
die hate,205.5864467955336
insid blue,204.04336204984276
woman break,200.784330930085
meet middl,200.53579455980162
stay stay,200.53579455980162
feel funni,200.51924734363325
song followin,197.48709714794543
song jingle-jangl,197.48709714794543
