NGRAM,VALUE,
fennario march fennario,18413339.123186883
found fennario march,18413339.123186883
juggler five believ,13094602.576243527
fennario march march,12280163.506800078
found march march,12280163.506800078
march march fennario,12280163.506800078
bird whistl bird,12279221.881285662
hang pictur frame,12276450.447356105
back-io a-run stair,9214667.530230012
fifteen juggler five,8729774.575996937
five believ dress,7366610.983187372
a-run stair a-run,6400126.212624759
lay big brass,5464450.141480217
complet unknown roll,4919924.0263561485
direct complet unknown,4616432.07429454
march fennario captain,4605604.09589928
stair a-run stair,4269021.351193544
warehous arabian drum,4100942.2379378527
philosoph critic fear,4099257.408628229
philosoph disgrac fear,4099257.408628229
a-hurtin throw away,3683068.0432894663
throw away guilti,3683068.0432894663
happen mister jone,3522317.696785409
brand leopard-skin pill-box,3518268.0260777273
bird sing bird,3459190.1234864737
critic fear rag,3280480.9478672864
disgrac fear rag,3279670.413704088
a-gonna fall blue-ey,3154036.3906611092
lay across brass,3079247.163593544
frame hang pictur,3074998.4841792574
march march captain,3074249.1022171946
pictur frame hang,3073149.502915293
lay lay across,3071646.9460864007
want fifteen juggler,3071635.833200844
arabian drum gate,2931165.246533828
stay still ahead,2812602.1861602794
corrina gal corrina,2742222.4014377967
gal corrina gal,2742105.7154557416
mama stuck insid,2741369.473456386
disgrac critic fear,2735978.011590216
philosoph disgrac critic,2735978.011590216
stop beat turn,2637185.40887629
hard a-gonna fall,2588146.0277608293
seen-io lieuten gone,2513446.297130162
suppos sooner later,2464816.369442672
stuck insid mobil,2437568.730565771
stuck mobil memphi,2436593.0635988098
stuck insid memphi,2434569.270259931
gaze chime freedom,2311032.735715465
leopard-skin pill-box hat,2244410.0455390457
brand pill-box hat,2241457.066147621
brand leopard-skin hat,2239619.520858668
william zanzing philosoph,2222533.182277961
disgrac critic rag,2189497.075231161
insid mobil memphi,2170059.7210910786
rodeo captain dead,2125553.2153001544
factori daddi alley,2111294.6826404063
never come back-io,2084349.3071920963
philosoph fear take,1977518.9649723966
factori daddi lookin,1919039.0727587347
lay ladi lay,1890621.7503291226
stop beat cold,1849215.341431202
zanzing philosoph disgrac,1849022.2574813114
two hors follow,1847847.7893745394
play jingle-jangl followin,1758687.6222021454
lieuten gone lieuten,1746301.6011850007
hard rain a-gonna,1712715.2084096104
new leopard-skin pill-box,1648054.5697831272
brand new leopard-skin,1643722.10889159
brand new pill-box,1642917.2442934064
sad-ey lowland prophet,1641574.9922423773
lowland sad-ey prophet,1641569.9901839232
fix mind hate,1640502.6454234552
peggi day stole,1633715.9102771797
factori shoe daddi,1625128.510949755
chime freedom flash,1610137.7648113768
tonight sweet mari,1606263.3726251936
mr. tambourin man,1586228.0273533354
fear take rag,1582531.134573563
dyin bound blanket,1575264.7955705577
lay lay brass,1552133.6709407826
end mobil memphi,1546563.0828469186
lay lay lay,1544035.6647834326
suppos sooner us,1543545.6177012369
us suppos sooner,1542785.9910870248
mama end stuck,1540988.5634556278
afternoon hang pictur,1540890.0976633397
warehous arabian put,1539101.462050542
daddi alley food,1479354.1971924235
mr. tambourin play,1470255.0238487318
rain a-gonna fall,1454170.3614740325
wound hatr hard,1453673.629173013
jingle-jangl morn followin,1448439.9918842753
a-gonna fall son,1439576.5606873538
fall blue-ey son,1434742.3386113215
a-gonna blue-ey son,1434268.1162842049
anyth god almighti,1410769.5570610238
blue-ey son darl,1399725.3815666114
end stuck insid,1374720.6636297223
arabian drum sad-ey,1372929.67190442
end stuck memphi,1372582.443991708
mama end insid,1372580.4331226975
gaze freedom flash,1372345.690104703
gaze chime flash,1371290.482196725
end stuck mobil,1370717.5308547136
lay across big,1366420.7347122089
tambourin man play,1359155.2402395727
daddi alley lookin,1347143.156929838
lookin food tombston,1345744.4692713977
daddi lookin food,1343646.084621857
mind die hate,1342223.1665118644
highway 51 run,1336325.3834069418
a-run stair pretti,1325112.89536124
critic fear take,1324220.5267646038
philosoph disgrac take,1324220.5267646038
somehow older younger,1322045.8755155697
disgrac fear take,1319929.6996641706
philosoph critic take,1319929.6996641706
song jingle-jangl followin,1296401.1020718347
arabian drum put,1287118.6064291075
food kitchen tombston,1284757.9424684811
warehous drum put,1282890.4713540934
window throw troubl,1248643.5959562606
mind hate children,1230067.5118900484
corrina corrina gal,1228869.432911872
corrina gal long,1226701.8596473264
keep plow hold,1220868.3379870018
end insid mobil,1220670.8755049321
end insid memphi,1219535.6719019364
stay night ahead,1197693.0349793353
much older younger,1173697.6185875852
arabian gate sad-ey,1173311.0753266565
lookin kitchen tombston,1171450.6102566463
stop beat hand,1157653.0510382848
factori alley lookin,1154823.829425406
orlean call rise,1154229.0111243434
shoe daddi alley,1141326.2560963563
shoe daddi food,1138699.8443226076
mr. man play,1131240.9681277708
hard hard hard,1125105.9521791614
follow god almighti,1114439.2165271246
god almighti follow,1114073.3950155333
arabian put gate,1099527.995375097
piti poor immigr,1094013.3877523562
white hors follow,1091250.237384037
mr. tambourin song,1086709.9910048167
blame pawn game,1060840.3655144353
morn thousand mile,1060749.1687699321
disgrac take rag,1059370.4071084713
mama factori daddi,1056236.8142297054
critic take rag,1056025.0613922873
stop turn cold,1055293.4502803897
spend peggi day,1051357.4997969079
brand new hat,1050123.8225386862
new pill-box hat,1047885.4099188414
new leopard-skin hat,1046852.178909503
shoe daddi lookin,1035097.0932765161
hang pictur hang,1030867.7112564578
pictur hang pictur,1030867.7112564578
hang hang pictur,1030530.2943424094
hang pictur pictur,1030530.2943424094
tambourin man song,1001718.2177467573
someth happen mister,992067.3009414235
someth mister jone,990931.7077311863
someth happen jone,986545.684382674
dyin put blanket,985016.9440196397
drum gate sad-ey,977594.9056263607
heart stop beat,976145.5084023881
factori shoe alley,975704.5776160577
bodi highway 51,963080.7491217382
blue-ey darl young,962083.7461806125
die hate cri,959355.5420450218
tambourin man jingle-jangl,957705.5569311617
mobil memphi blue,954838.4576787972
home complet unknown,952714.1092236782
bottom rambl shoe,949865.96431627
ladi lowland prophet,947908.7308876357
plow hold lord,928307.8376002889
tambourin play song,928175.0843681645
rain a-gonna blue-ey,928072.9325222442
rain fall blue-ey,927996.71084731
prophet say warehous,917060.9329304468
drum put gate,916942.2318172005
lowland prophet say,912875.1562146228
hard hard rain,906587.1361602884
god almighti world,900411.9242428518
feel alon stone,896142.5959161723
factori shoe lookin,889626.9089733235
complet unknown stone,885785.3849571608
tambourin play jingle-jangl,884527.1776141259
disgrac critic take,881935.9467922419
gaze upon freedom,880770.4355301355
gaze upon chime,880547.3252394585
hate children cri,878757.5522540071
mind hate leav,869064.6126852523
stuck insid blue,848743.5119806877
stuck memphi blue,844642.8447673033
stuck mobil blue,844193.0398816128
ladi lay big,841032.6909871621
feel direct complet,840273.1721363722
hous orlean rise,839365.503459429
mr. man song,834226.8459130647
fear rag face,821318.3524636695
wish vain sit,818694.1815216577
alley lookin food,809446.7706335424
pretti peggy-o mother,809290.7680914499
beat turn cold,791008.9971340564
dyin blanket bed,787940.0103597249
hard hard a-gonna,777273.2626310044
mr. play song,775433.9587774741
alley food kitchen,771091.5737856197
hold earli mornin,770137.534514278
give wan lay,769796.2663596957
hard rain fall,763446.2015815248
insid mobil blue,753632.322415507
insid memphi blue,751079.9951617554
ticket window throw,749300.1489362875
fix die hate,748620.7695718366
mama daddi alley,742576.7573096014
captain dead captain,738606.6448752908
wo queen jane,738484.4740080994
51 run right,734392.7980091311
alon everybodi stone,730910.090777946
along cove spi,727354.5686556491
start sing hard,726949.3421015296
church bell toll,722994.4421263607
answer blowin wind,721078.8036914874
man play song,717192.398145574
direct home unknown,713190.241184377
direct home complet,710261.1012952509
mama realli stuck,705529.1396388494
unknown roll stone,704041.3749854123
alley lookin kitchen,703881.2010148283
complet roll stone,703283.9058090184
blue-ey son young,702567.335282373
die easi jesus,702163.4600048099
lookin food kitchen,701527.8946882761
fifty-four work maggi,696159.885072275
lay lay big,687341.0295914586
across big brass,686225.4506604897
man play sleepi,684281.3609714899
shoe alley food,683147.3040360309
man play jingle-jangl,682667.1681662899
upon chime freedom,666228.6220131296
new orlean rise,663879.373755969
pair die easi,659562.2667719991
stop hand turn,659279.8541786183
tambourin song jingle-jangl,652288.6930858745
warehous eye arabian,647966.9884379414
throw troubl door,646587.6053626143
sleepi go mr.,643539.2436362291
mama factori alley,634606.343910288
mama realli insid,632344.4048769693
hous call rise,631436.392730752
realli stuck insid,631363.9935761716
ladi stay awhil,630015.9380008399
realli stuck mobil,627854.719302082
shoe lookin food,622723.561627421
shoe alley lookin,622506.0936479485
hate leav cri,621162.8731574945
honey allow chanc,619256.0261907878
mama bottom rambl,618215.9558467501
lay brass bed,615976.6281703501
must suppos sooner,607307.533059448
stay ladi stay,605990.4404042044
corrina gal mind,588646.4722050404
babe babe lookin,587889.9964302022
babe lookin babe,587114.0267436891
mama shoe daddi,571318.6235381516
food tombston blue,569327.1495888644
drum gate ladi,564633.4057516644
realli insid mobil,562750.5156224698
die hate children,560630.2039947805
man jingle-jangl morn,558536.3789562047
heart stop turn,555602.9217184305
hand plow hold,554201.3312091959
sad-ey sad-ey prophet,550776.7101490434
big brass bed,550602.0908628443
feel funni believ,549600.3004324334
corrina corrina corrina,549251.0277690243
sad-ey lowland sad-ey,548970.9592499923
easi jesus make,547979.7218484597
eye arabian drum,546030.4389508145
seen wish vain,545926.1178758946
warehous eye drum,541173.430906436
gate sad-ey wait,534093.996018113
prophet come warehous,532537.6139431039
die mind hate,528042.5317137119
come warehous arabian,527558.2949956823
gaze upon flash,526152.1736626498
jane queen jane,523843.2151975847
god almighti let,523551.055548048
day stole poor,521675.0210154778
play morn followin,520861.28769070946
play jingle-jangl morn,518898.02757983684
somehow much older,516509.668742608
arabian put sad-ey,514827.2397418612
priest franki lee,510204.5113181513
man song sleepi,502275.3101012846
man song jingle-jangl,501535.30776336306
