NGRAM,VALUE,
babi round,8.357185419673693
crowd room,8.357185419673693
dot moonbeam,8.357185419673693
dot pug-nos,8.357185419673693
enchant even,8.357185419673693
folsom prison,8.357185419673693
moonbeam pug-nos,8.357185419673693
clown chang,8.205182326228641
dream titan,7.942147920394849
nothin heaven,7.942147920394849
nothin roll,7.942147920394849
roll heaven,7.942147920394849
somebodi need,7.942147920394849
somebodi unless,7.942147920394849
meet round,7.7722229189525365
melancholi mood,7.620219825507488
dot dream,7.620219825507486
dream sink,7.620219825507486
lean year,7.620219825507486
moonbeam dream,7.620219825507486
pug-nos dream,7.620219825507486
titan sink,7.620219825507486
cold grow,7.527110421116005
deep lot,7.527110421116005
deep rememb,7.527110421116005
grow cold,7.527110421116005
grow grow,7.527110421116005
lot rememb,7.527110421116005
wrong along,7.482716301757551
across crowd,7.3571854196736926
across room,7.3571854196736926
clown tri,7.3571854196736926
meet mine,7.3571854196736926
lucki nothin,7.357185419673692
rememb today,7.357185419673692
soon midnight,7.298291730620124
someday deep,7.205182326228642
someday lot,7.205182326228642
dream dream,7.134792998337245
watchman dream,7.134792998337245
watchman lay,7.134792998337245
roman king,7.112072921837161
tri chang,7.035257324786332
year know,7.03525732478633
around heaven,6.942147920394849
burn roll,6.942147920394849
move burn,6.942147920394849
nothin around,6.942147920394849
roll around,6.942147920394849
would need,6.942147920394849
lot today,6.942147920394848
rather noth,6.942147920394848
roll john,6.924226012397587
earli roman,6.790144826949799
pay blood,6.772222918952537
whistl blow,6.772222918952537
burn bright,6.7722229189525365
burn john,6.7722229189525365
mine round,6.7722229189525365
move bright,6.7722229189525365
move john,6.7722229189525365
move roll,6.7722229189525365
round love,6.7722229189525365
round spin,6.7722229189525365
shine burn,6.7722229189525365
shine move,6.7722229189525365
bright john,6.772222918952536
bright roll,6.772222918952536
listen blow,6.772222918952536
tear cloud,6.772222918952536
whistl blow,6.772222918952536
dream deep,6.719755499058401
dream lot,6.719755499058401
dream rememb,6.719755499058401
dream titan,6.719755499058401
lay dream,6.719755499058401
put fire,6.719755499058401
fight em,6.620219825507488
earli king,6.620219825507487
girl someday,6.620219825507486
see stranger,6.620219825507486
sun nothin,6.620219825507486
sun roll,6.620219825507486
shine bright,6.602297917510223
magic call,6.57957784101014
even may,6.549830497616088
black magic,6.482716301757551
duquesn whistl,6.482716301757551
need wrong,6.482716301757551
wrong without,6.482716301757551
duquesn blow,6.48271630175755
light burn,6.48271630175755
light move,6.48271630175755
listen whistl,6.409652839567827
someday dream,6.397827404171038
love spin,6.357185419673694
spin love,6.357185419673694
fool want,6.357185419673693
sure someday,6.357185419673693
call spin,6.3571854196736926
fade tear,6.3571854196736926
lip mine,6.3571854196736926
round round,6.3571854196736926
scarlet born,6.3571854196736926
want want,6.3571854196736926
call love,6.357185419673692
need good,6.357185419673692
scarlet town,6.357185419673692
work someday,6.357185419673691
lay dream,6.32743807627964
light bright,6.312791300315239
light roll,6.312791300315239
listen duquesn,6.312791300315239
shine light,6.312791300315239
full moon,6.298291730620126
black call,6.290071223815154
narrow sure,6.241708202253758
narrow work,6.241708202253756
love black,6.219681895923759
dead lost,6.205182326228642
magic love,6.1872604182313795
duquesn blow,6.160788206870191
wrong right,6.160788206870189
comin gone,6.134792998337247
mayb nevertheless,6.134792998337244
town born,6.134792998337244
duquesn whistl,6.120146222372843
fade left,6.067678802478707
blow blow,6.03525732478633
lot thing,6.03525732478633
lucki sun,6.03525732478633
rememb said,6.03525732478633
rememb thing,6.03525732478633
whistl blow,6.035257324786329
would word,5.942147920394849
let love,5.897753801036397
em fight,5.88325423134128
full empti,5.88325423134128
listen blow,5.865332323344017
hear blow,5.772222918952537
good-by love,5.7722229189525365
love vain,5.7722229189525365
alway tri,5.772222918952536
right wrong,5.745750707591345
gone dawn,5.7197554990584
love old,5.694220406951264
old nothin,5.6942204069512625
old roll,5.6942204069512625
old magic,5.694220406951262
king earli,5.620219825507487
sun around,5.620219825507487
blow blow,5.620219825507486
deep thing,5.620219825507486
full arm,5.620219825507486
lot said,5.620219825507486
road narrow,5.613676979640715
wrong wrong,5.608247183841411
� long,5.584595915776764
spin old,5.568689524867405
spin magic,5.509188513118743
old call,5.501575329008866
spin black,5.482716301757553
bed head,5.482716301757551
sure work,5.482716301757551
tell someon,5.482716301757551
work sure,5.482716301757551
night call,5.48271630175755
said today,5.450294824065174
thing today,5.450294824065174
old black,5.404713789756278
empti arm,5.357185419673693
spin spin,5.357185419673693
next one,5.3571854196736926
long narrow,5.343587816272969
call day,5.298291730620123
earli earli,5.298291730620123
heaven day,5.298291730620123
nothin day,5.298291730620123
roll day,5.298291730620123
sure way,5.2697225784233535
roman earli,5.205182326228643
magic spin,5.1872604182313795
saw saw,5.1872604182313795
much long,5.16955841649792
year may,5.134792998337246
lucki old,5.1092579062301064
blow like,5.03525732478633
good year,5.03525732478633
sad moon,5.03525732478633
mayb mayb,4.912400577000799
black spin,4.897753801036395
left tear,4.897753801036395
em em,4.8832542313412794
side side,4.8832542313412794
road work,4.8546850791445095
unless way,4.8546850791445095
way sure,4.8546850791445095
need way,4.854685079144509
way work,4.854685079144508
comin time,4.772222918952537
time comin,4.772222918952537
call love,4.7722229189525365
love fade,4.772222918952536
nevertheless love,4.772222918952536
time time,4.772222918952536
duquesn like,4.745750707591345
fool hold,4.745750707591345
way someday,4.729154197060652
must wrong,4.675361379699947
whistl like,4.672687245401621
narrow way,4.613676979640715
hold kiss,4.608247183841409
magic love,4.602297917510224
comin long,4.584595915776767
long comin,4.584595915776767
gentl long,4.584595915776765
long sure,4.584595915776765
time gone,4.549830497616089
town scarlet,4.549830497616088
love way,4.492114999759801
work work,4.482716301757552
never let,4.482716301757551
blow like,4.450294824065175
arm moon,4.450294824065174
old sun,4.372292312063901
young heart,4.357185419673694
deep love,4.357185419673692
love lot,4.357185419673692
love rememb,4.357185419673692
scarlet scarlet,4.357185419673692
black love,4.312791300315238
like earli,4.298291730620125
night day,4.298291730620125
around day,4.298291730620124
moon empti,4.298291730620124
wrong must,4.260323880421103
'd went,4.241708202253756
went would,4.241708202253756
road way,4.226653856531467
long road,4.197572792667518
love love,4.1872604182313795
want love,4.1872604182313795
love spin,4.187260418231379
love 'm,4.187260418231379
spin 'm,4.187260418231379
someday mayb,4.134792998337244
thing said,4.128366729177811
home long,4.099169088606523
like hear,4.03525732478633
like king,4.03525732478633
like lucki,4.03525732478633
like roman,4.03525732478633
moon arm,4.03525732478633
someday love,4.03525732478633
time leav,4.03525732478633
nevertheless 'm,3.964867996894932
road long,3.956564693163724
long way,3.9565646931637204
town town,3.9124005770007972
like duquesn,3.897753801036396
may see,3.8128649034498823
long time,3.8069883371132143
girl time,3.7722229189525356
time girl,3.7722229189525356
blow blow,3.7133292298989673
may road,3.63229265780806
away would,3.620219825507487
'm magic,3.6022979175102243
love tear,3.6022979175102243
hand long,3.584595915776765
long work,3.584595915776765
'm call,3.549830497616089
'm weak,3.549830497616088
dream love,3.549830497616088
home time,3.549830497616088
never never,3.5271104211160047
noth love,3.509188513118742
went away,3.5047426080875503
mayb 'm,3.4794411697246908
long long,3.474971424602268
like listen,3.450294824065173
alon long,3.4146709143344527
'm want,3.379905496173775
long gone,3.362203494440317
old love,3.331650327566555
'm black,3.3127913003152383
love left,3.3127913003152383
way good,3.2697225784233535
'm fool,3.227902402728727
one day,3.1283667291778112
saw long,2.9996334150556088
tear long,2.9996334150556088
'm lucki,2.964867996894931
away old,2.957254812785056
time time,2.924226012397588
love thing,2.865332323344017
time said,2.865332323344017
'm love,2.7949429954526206
like old,2.787329811342744
heart never,2.7722229189525347
