NGRAM,VALUE,
meet babi round,18.129408338626234
dot moonbeam pug-nos,18.129408338626227
dot moonbeam dream,17.39244274446002
dot pug-nos dream,17.39244274446002
moonbeam pug-nos dream,17.39244274446002
grow cold grow,17.299333340068543
nothin roll heaven,17.299333340068543
fight em whiskey,17.240439651014967
babi round love,17.129408338626234
mine babi round,17.129408338626234
across crowd room,17.129408338626227
dream titan sink,16.97740524518118
cold grow weari,16.884295840789694
deep lot rememb,16.884295840789694
wrong along without,16.839901721431247
clown tri chang,16.80748024373887
someday deep lot,16.562367745902332
meet mine round,16.544445837905073
tri chang fairi,16.39244274446002
nothin around heaven,16.299333340068543
nothin roll around,16.299333340068543
roll around heaven,16.299333340068543
would need word,16.299333340068543
lost grow cold,16.299333340068536
lot rememb today,16.299333340068536
high fight em,16.240439651014967
babi round spin,16.129408338626234
alway clown tri,16.129408338626227
fool hold seek,16.102936127265036
dream deep lot,16.07694091873209
dream deep rememb,16.07694091873209
dream dream titan,16.07694091873209
dream lot rememb,16.07694091873209
sun nothin roll,15.977405245181181
gentl pray long,15.941781335450454
someday dream deep,15.755012823844728
someday dream lot,15.755012823844728
watchman lay dream,15.684623495953334
roll john roll,15.54444583790507
need wrong right,15.517973626543885
good lean year,15.392442744460027
lucki sun nothin,15.392442744460027
lay dream dream,15.269585996674484
hear whistl blow,15.222517743017713
lean year may,15.170050323123577
move burn bright,15.12940833862623
move burn john,15.12940833862623
move burn roll,15.12940833862623
shine move burn,15.12940833862623
burn bright roll,15.129408338626227
bright roll john,15.111486430628961
old nothin roll,15.051405826624958
must wrong along,15.032546799373641
earli roman king,14.977405245181181
sun nothin around,14.977405245181181
sun roll around,14.977405245181181
deep lot thing,14.977405245181178
deep rememb thing,14.977405245181178
lot rememb said,14.977405245181178
lot rememb thing,14.977405245181178
burn bright john,14.959483337183919
burn roll john,14.959483337183919
listen whistl blow,14.959483337183919
move bright john,14.959483337183919
move bright roll,14.959483337183919
move roll john,14.959483337183919
shine burn bright,14.959483337183919
shine move bright,14.959483337183919
light move burn,14.839901721431247
rememb said today,14.807480243738869
rememb thing today,14.807480243738869
duquesn whistl blow,14.669976719988934
duquesn whistl blow,14.669976719988934
light burn bright,14.669976719988934
light burn roll,14.669976719988934
light move bright,14.669976719988934
light move roll,14.669976719988934
listen duquesn blow,14.669976719988934
shine light burn,14.669976719988934
shine light move,14.669976719988934
nothin heaven day,14.65547715029382
nothin roll day,14.65547715029382
roll heaven day,14.65547715029382
year may know,14.585087822402421
magic call love,14.544445837905073
mine round spin,14.544445837905073
round love spin,14.544445837905073
round round spin,14.544445837905073
round spin love,14.544445837905073
light bright roll,14.500051718546622
shine light bright,14.500051718546622
black magic call,14.477331642046536
lucki old nothin,14.466443325903803
lot said today,14.39244274446002
lot thing today,14.39244274446002
saw dug long,14.3568188347293
listen duquesn whistl,14.307406640604224
fade left tear,14.254939220710085
listen blow blow,14.222517743017711
whistl blow blow,14.222517743017711
night day strip,14.19604553165652
call love spin,14.12940833862623
call spin love,14.12940833862623
spin love spin,14.129408338626227
wrong right wrong,14.058542007906588
love spin black,13.991904814876296
away would need,13.977405245181181
magic spin love,13.959483337183919
duquesn blow blow,13.933011125822727
scarlet town born,13.90701591728978
listen whistl blow,13.859947663633001
listen duquesn blow,13.763086124380415
old sun nothin,13.729477731737596
old sun roll,13.729477731737596
deep love lot,13.714370839347382
deep love rememb,13.714370839347382
love lot rememb,13.714370839347382
old magic call,13.688835747240248
around heaven day,13.65547715029382
nothin around day,13.65547715029382
roll around day,13.65547715029382
full empti arm,13.655477150293812
old black magic,13.591974207987658
duquesn whistl blow,13.570441046438017
roman king earli,13.562367745902332
magic call spin,13.544445837905073
round spin spin,13.544445837905073
rememb thing said,13.485552148851507
love spin old,13.4664433259038
sure love way,13.456982996654737
spin black magic,13.406942314155138
old black call,13.399329130045263
someday deep love,13.39244274446002
someday love lot,13.39244274446002
hear duquesn blow,13.348048625101573
full moon empti,13.33354905540645
love old black,13.328939802153865
black call spin,13.254939220710089
sure work someday,13.254939220710089
work sure someday,13.254939220710089
earli king earli,13.24043965101497
earli roman earli,13.24043965101497
whistl blow like,13.222517743017711
spin love old,13.203408920070007
lucki old sun,13.144515231016438
narrow sure work,13.139462003290152
narrow work sure,13.139462003290152
call spin spin,13.12940833862623
black magic spin,13.085014219267777
full moon arm,13.070514649572658
lot thing said,13.070514649572658
love fade tear,12.959483337183919
magic call love,12.959483337183919
duquesn blow like,12.933011125822727
dream deep love,12.90701591728978
dream love lot,12.90701591728978
dream love rememb,12.90701591728978
thing said today,12.90058964813035
black call love,12.669976719988934
love fade left,12.669976719988934
way sure someday,12.62690799809705
way work someday,12.62690799809705
spin old magic,12.61844641934885
spin old black,12.591974207987658
someday dream love,12.585087822402414
wrong must wrong,12.573115180736345
duquesn whistl like,12.570441046438017
call love love,12.544445837905077
call love spin,12.544445837905077
narrow way sure,12.511430780677113
narrow way work,12.511430780677113
road narrow work,12.511430780677113
black magic love,12.500051718546622
blow blow like,12.485552148851504
whistl blow like,12.4855521488515
like roman king,12.392442744460027
work sure work,12.380470102793947
magic love love,12.374520836462764
duquesn blow like,12.348048625101566
comin time gone,12.322053416568625
time comin gone,12.322053416568625
work work someday,12.254939220710089
long narrow sure,12.241341617309367
spin spin old,12.203408920070007
night call day,12.196045531656523
narrow work work,12.139462003290152
comin long gone,12.134426413392855
whistl blow like,12.122982069466797
like earli king,12.070514649572662
like earli roman,12.070514649572662
blow like blow,12.070514649572658
moon empti arm,12.070514649572658
love love spin,11.959483337183919
love spin love,11.959483337183919
love spin 'm,11.959483337183915
spin love 'm,11.959483337183915
scarlet scarlet town,11.90701591728978
scarlet town scarlet,11.90701591728978
road narrow way,11.88339955806407
deep love thing,11.807480243738862
love lot said,11.807480243738862
love lot thing,11.807480243738862
love rememb said,11.807480243738862
love rememb thing,11.807480243738862
time 'd leav,11.807480243738862
way sure work,11.752438880180907
way work sure,11.752438880180907
'm magic call,11.737090915847467
old call love,11.688835747240248
scarlet town town,11.684623495953328
town scarlet town,11.684623495953328
long narrow way,11.613310394696324
long road narrow,11.613310394696324
road long narrow,11.613310394696324
love 'm black,11.599587392097533
old magic love,11.518910745797935
love left tear,11.500051718546622
'm black magic,11.500051718546619
time said leav,11.4855521488515
long work sure,11.482349716813161
'm black call,11.447584298652483
'm fool want,11.41516282096011
magic love spin,11.374520836462764
like listen duquesn,11.348048625101566
love 'm old,11.296518324461488
went away would,11.27696552704009
long narrow work,11.241341617309367
old black love,11.229404128602951
round spin 'm,11.152128415126313
like lucki old,11.144515231016435
road way work,11.124407657567861
mayb nevertheless 'm,11.099660995232174
black love spin,11.085014219267777
spin 'm black,11.085014219267773
spin 'm old,11.07412590312504
blood night day,11.026120530214211
love spin spin,10.959483337183919
time comin time,10.959483337183919
spin spin 'm,10.959483337183915
spin 'm magic,10.88909400929252
long way sure,10.854318494200118
road long work,10.854318494200118
comin long time,10.771856334008145
long comin time,10.771856334008145
long time comin,10.771856334008145
time comin long,10.771856334008145
way work work,10.752438880180907
'm old magic,10.711555823740333
'm old call,10.659088403846198
sure 'm way,10.649628074597132
long comin long,10.584229330832375
'm old black,10.42204920654535
long long narrow,10.343221231328581
long road way,10.22628727158708
road long way,10.22628727158708
time said 'd,10.222517743017708
nevertheless 'm love,10.152128415126313
'm fool hold,10.125656203765118
long road long,9.956198108219333
love thing said,9.900589648130346
long way work,9.854318494200118
time time gone,9.737090915847467
love love 'm,9.567165914405159
love spin 'm,9.567165914405159
long time gone,9.549463912671698
time long gone,9.549463912671698
home long time,9.549463912671694
'm love way,9.064665573875978
long long way,8.95619810821933
long time time,8.409286254623435
long long time,8.221659251447665
time long time,8.186893833286987
long time long,7.9992668301112175
'm love mayb,7.929735993789862
