NGRAM,VALUE,
rainin break,15.70852105506868
rainin leve,15.70852105506868
beyond horizon,14.939569969022587
leve break,14.742736770406593
tweedle-de dee,14.275262183388262
keep rainin,13.858506973723198
talk walk,13.470441946169856
heart burn,13.439563378175473
babi worri,13.168965447142096
burn yearn,13.097556417924112
heart yearn,13.097556417924112
keep break,12.892722689061106
keep leve,12.892722689061106
high water,12.78817348948676
worri anymor,12.78817348948676
worri po,11.571894631420676
po anymor,10.920504742731959
burn still,10.847556417924112
heart still,10.847556417924112
still yearn,10.505549457672748
turn cri,10.452993738580924
babi anymor,9.47182831573883
meet moonlight,9.214596420947117
moonlight alon,9.214596420947117
someday worri,8.95970891878365
dum dee,8.731704278616075
meet alon,8.59204017202885
someday anymor,8.525448992991173
po boy,8.36586485218173
tweedle-de dee,8.337152669865382
wo moonlight,8.337152669865382
babi po,8.255549457672748
understand honest,8.19762722488782
water risin,8.025747820200401
went might,7.919636698217259
say tweedle-de,7.85426052753434
someday po,7.714596420947117
wo alon,7.714596420947117
wo meet,7.714596420947117
summer night,7.678830350789266
without might,7.678830350789266
fill earli,7.558101779910256
honest knew,7.466424098986374
water everywher,7.420000601741862
might goin,7.276420232180062
behind boot,7.143064280631412
behind bring,7.143064280631412
behind hang,7.143064280631412
bit blue,7.143064280631412
bit workingman,7.143064280631412
boot fight,7.143064280631412
boot hang,7.143064280631412
bottom behind,7.143064280631412
bottom boot,7.143064280631412
bottom bring,7.143064280631412
bottom lag,7.143064280631412
bring boot,7.143064280631412
bring hang,7.143064280631412
comin barren,7.143064280631412
fight frontlin,7.143064280631412
fight littl,7.143064280631412
frontlin bit,7.143064280631412
frontlin littl,7.143064280631412
frontlin workingman,7.143064280631412
hang fight,7.143064280631412
hang frontlin,7.143064280631412
lag behind,7.143064280631412
lag boot,7.143064280631412
lag bring,7.143064280631412
littl bit,7.143064280631412
littl blue,7.143064280631412
littl workingman,7.143064280631412
miss moor,7.143064280631412
miss netti,7.143064280631412
miss winter,7.143064280631412
moor winter,7.143064280631412
netti moor,7.143064280631412
netti winter,7.143064280631412
roll tumbl,7.143064280631412
workingman blue,7.143064280631412
tweedle-de tweedle-de,7.137631091694131
understand knew,7.137631091694131
year might,7.104540827492643
went without,7.072046816826463
walk heart,6.976816776452605
anywher belong,6.857298210473558
belong bodi,6.857298210473558
belong christ-forsaken,6.857298210473558
freddi po,6.857298210473558
rainin rainin,6.837152669865382
behind shoe,6.821136185744049
boot shoe,6.821136185744049
bring shoe,6.821136185744049
deal goe,6.821136185744049
lag shoe,6.821136185744049
nohow might,6.821136185744049
shoe fight,6.821136185744049
shoe hang,6.821136185744049
sugar nohow,6.821136185744049
winter love,6.821136185744049
winter rise,6.821136185744049
someday babi,6.748812136285029
tweedle-de dee,6.618834217595576
best bit,6.558101779910255
best frontlin,6.558101779910255
best littl,6.558101779910255
brain nohow,6.558101779910255
fight best,6.558101779910255
hang best,6.558101779910255
roll whole,6.558101779910255
tumbl whole,6.558101779910255
gutter thank,6.546020086014426
love shall,6.499208090856686
rise love,6.499208090856686
rise shall,6.499208090856686
cri turn,6.49775729352984
went year,6.49775729352984
'd honest,6.428830350789264
without goin,6.428830350789264
break rainin,6.354260527534339
leve rainin,6.354260527534339
happi winter,6.335709358573808
miss happi,6.335709358573808
moor happi,6.335709358573808
netti happi,6.335709358573808
nohow went,6.335709358573808
cri night,6.2721697297756
year without,6.2569509461018455
shoe best,6.2361736850228935
sugar brain,6.2361736850228935
high everywher,6.216424098986374
comin field,6.143064280631412
fight sing,6.143064280631412
frontlin sing,6.143064280631412
lover comin,6.143064280631412
nohow without,6.143064280631412
sing bit,6.143064280631412
sing blue,6.143064280631412
sing littl,6.143064280631412
sing workingman,6.143064280631412
lay shade,6.107298210473558
pick gutter,6.107298210473558
understand 'd,6.100037343497022
cri cri,6.044544694298955
day night,6.013781263686444
happi rise,6.013781263686444
moor river,5.973139279189099
winter river,5.973139279189099
break break,5.871368385203296
break leve,5.871368385203296
leve leve,5.871368385203296
year goin,5.8545408274926425
care stay,5.796020086014424
love ever,5.774377905717999
might keep,5.774377905717999
brain went,5.7507468578526515
nohow year,5.683632661994115
roll cri,5.683632661994115
tumbl cri,5.683632661994115
belong belong,5.668576334932692
freddi freddi,5.668576334932692
stay mississippi,5.668576334932692
river love,5.6512111843017365
river rise,5.6512111843017365
river shall,5.6512111843017365
tweedle-de dum,5.6512111843017365
sugar babi,5.624010113570858
year keep,5.617549809987386
best sing,5.558101779910255
brain without,5.558101779910255
mind paid,5.558101779910255
shade nobodi,5.554574014848903
dream keep,5.528354436516204
love left,5.499208090856686
love one,5.499208090856686
rise one,5.499208090856686
shall left,5.499208090856686
shall one,5.499208090856686
shall tell,5.499208090856686
rainin keep,5.429253486861597
'd knew,5.368834217595577
door freddi,5.357298210473559
meet behind,5.357298210473559
meet bottom,5.357298210473559
meet bring,5.357298210473559
meet lag,5.357298210473559
readi unload,5.357298210473559
day summer,5.335709358573808
dream live,5.335709358573808
keep live,5.335709358573808
dum dee,5.2361736850228935
went keep,5.167594371755197
happi river,5.1657843571314945
dawn lay,5.115852139308037
feel honest,5.115852139308037
let let,5.115852139308037
summer night,5.115852139308037
brain year,5.098670161272958
cri whole,5.098670161272958
keep keep,5.080766758506232
babi went,5.017226579608057
left black,5.013781263686446
tell black,5.013781263686446
break keep,4.946361344530553
leve keep,4.946361344530553
without keep,4.926788024327201
compani tweedle-de,4.918576334932691
stop readi,4.918576334932691
understand feel,4.918576334932691
back fight,4.82113618574405
back frontlin,4.82113618574405
boot back,4.82113618574405
bring back,4.82113618574405
hang back,4.82113618574405
brand new,4.804574014848903
spent woman,4.804574014848903
summer day,4.7517820189303555
summer summer,4.607298210473559
summer gone,4.572046816826462
ever tell,4.524377905717998
keep goin,4.524377905717998
babi nohow,4.499208090856686
left tell,4.499208090856686
one left,4.499208090856686
one tell,4.499208090856686
shoe back,4.499208090856686
everybodi lift,4.479854459391825
feel knew,4.479854459391825
freddi boy,4.479854459391825
high risin,4.479854459391825
thing mississippi,4.479854459391825
thing stay,4.479854459391825
wrong mississippi,4.479854459391825
wrong stay,4.479854459391825
shall world,4.428818762965289
wrong long,4.388176778467943
dum tweedle-de,4.365852139308037
tweedle-de dum,4.365852139308037
moor gone,4.335709358573808
netti gone,4.335709358573808
road went,4.335709358573808
winter gone,4.335709358573808
ever shall,4.297574229687036
rise ever,4.297574229687036
hot summer,4.296020086014425
travel care,4.296020086014425
last hour,4.262724496495586
back best,4.236173685022893
roll night,4.236173685022893
tumbl night,4.236173685022893
night day,4.199057823305701
one gone,4.16963669821726
fill fill,4.168576334932691
mississippi long,4.168576334932691
stay long,4.168576334932691
woke morn,4.168576334932691
gone love,4.013781263686445
gone rise,4.013781263686445
night gone,4.013781263686445
man comin,3.9731392791890983
kill last,3.9514463720364525
look see,3.9514463720364525
black eye,3.943391935795047
world black,3.943391935795047
dum tweedle-de,3.92713026376717
babi brain,3.914245590135531
feel 'd,3.8572982104735587
tumbl long,3.8572982104735587
back sing,3.8211361857440487
say dum,3.813127943683382
one mississippi,3.7917010795358035
one stay,3.7917010795358035
'm 'm,3.7847882195496734
man freddi,3.7298544593918246
way belong,3.7298544593918246
'm go,3.6912688652300125
summer day,3.6905038944712234
night fill,3.6512111843017374
whole night,3.6512111843017374
'd like,3.5460200860144253
care care,3.5460200860144253
road nohow,3.5460200860144253
day gone,3.528354436516203
gone black,3.528354436516203
happi gone,3.528354436516203
ever sinc,3.4646267434307996
river ever,3.449577323132086
sometim give,3.4490578233057008
break peopl,3.428818762965289
left world,3.428818762965289
one world,3.428818762965289
tell eye,3.428818762965289
tell world,3.428818762965289
dee tweedle-de,3.418576334932691
whole long,3.418576334932691
wrong care,3.418576334932691
peopl road,3.3357093585738076
sugar road,3.3045740148489036
ever left,3.2975742296870356
ever one,3.2975742296870356
