NGRAM,VALUE,
rainin leve break,154.64861843189556
keep rainin break,147.24856210651362
keep rainin leve,147.24856210651362
keep leve break,143.38542496786528
heart burn yearn,127.88381667790793
worri po anymor,119.17560997713932
heart burn still,118.88381667790793
burn still yearn,117.51578883690247
heart still yearn,117.51578883690247
babi worri anymor,113.3809042691668
babi worri po,108.51578883690247
babi po anymor,105.91022928214761
meet moonlight alon,88.20699636325
wo meet moonlight,84.69722135892306
wo moonlight alon,84.69722135892306
someday worri anymor,84.43085664277234
wo meet alon,82.20699636325
someday worri po,81.18744635459612
someday po anymor,79.4504066514262
say tweedle-de dee,79.25587778527196
someday babi worri,77.32430921594778
someday babi anymor,75.58726951277787
understand honest knew,74.731392791891
went without might,74.46905569242031
rainin break rainin,73.25587778527196
rainin leve rainin,73.25587778527196
someday babi po,72.34385922460164
went year might,72.17189759923383
without might goin,71.89618982827153
break rainin break,71.32430921594778
break rainin leve,71.32430921594778
leve break rainin,71.32430921594778
leve rainin leve,71.32430921594778
year without might,71.20867220952184
understand 'd honest,70.58101779910255
year might goin,69.59903173508505
rainin keep rainin,69.555849622581
break leve break,69.39274064662361
leve break leve,69.39274064662361
went year without,68.78153807367065
cri turn cri,67.93191306645907
'd honest knew,67.65620529549676
break keep rainin,67.62428105325681
leve keep rainin,67.62428105325681
rainin break keep,67.62428105325681
rainin leve keep,67.62428105325681
went might keep,66.85124591213525
behind boot hang,66.80466424216667
behind bring boot,66.80466424216667
behind bring hang,66.80466424216667
bit workingman blue,66.80466424216667
boot hang fight,66.80466424216667
bottom behind boot,66.80466424216667
bottom behind bring,66.80466424216667
bottom bring boot,66.80466424216667
bottom lag behind,66.80466424216667
bottom lag boot,66.80466424216667
bottom lag bring,66.80466424216667
bring boot hang,66.80466424216667
comin barren field,66.80466424216667
fight frontlin littl,66.80466424216667
frontlin bit workingman,66.80466424216667
frontlin littl bit,66.80466424216667
frontlin littl workingman,66.80466424216667
hang fight frontlin,66.80466424216667
lag behind boot,66.80466424216667
lag behind bring,66.80466424216667
lag bring boot,66.80466424216667
littl bit blue,66.80466424216667
littl bit workingman,66.80466424216667
littl workingman blue,66.80466424216667
miss moor winter,66.80466424216667
miss netti moor,66.80466424216667
miss netti winter,66.80466424216667
netti moor winter,66.80466424216667
understand 'd knew,66.34103326632781
year without goin,66.20867220952184
without might keep,65.88802052242328
break keep break,65.69271248393264
break keep leve,65.69271248393264
leve break keep,65.69271248393264
leve keep leve,65.69271248393264
behind boot shoe,65.51695186261722
behind bring shoe,65.51695186261722
behind shoe hang,65.51695186261722
boot shoe fight,65.51695186261722
boot shoe hang,65.51695186261722
bring boot shoe,65.51695186261722
bring shoe hang,65.51695186261722
lag behind shoe,65.51695186261722
lag boot shoe,65.51695186261722
lag bring shoe,65.51695186261722
shoe hang fight,65.51695186261722
high water everywher,65.35904720231028
summer night gone,64.46905569242031
best frontlin bit,64.46481423928205
best frontlin littl,64.46481423928205
best littl bit,64.46481423928205
fight best frontlin,64.46481423928205
fight best littl,64.46481423928205
hang best frontlin,64.46481423928205
hang fight best,64.46481423928205
roll tumbl whole,64.46481423928205
might keep goin,64.27838004798646
winter rise love,64.22923948306777
keep rainin keep,63.92425289056584
year might keep,63.59086242923678
miss happi winter,63.575244553936244
miss moor happi,63.575244553936244
miss netti happi,63.575244553936244
moor happi winter,63.575244553936244
netti happi winter,63.575244553936244
netti moor happi,63.575244553936244
went without keep,63.460886386572064
shoe fight best,63.17710185973259
shoe hang best,63.17710185973259
sugar brain nohow,63.17710185973259
rise love shall,62.94152710351831
fight frontlin sing,62.804664242166666
fight sing littl,62.804664242166666
frontlin sing bit,62.804664242166666
frontlin sing littl,62.804664242166666
frontlin sing workingman,62.804664242166666
sing bit blue,62.804664242166666
sing bit workingman,62.804664242166666
sing littl bit,62.804664242166666
sing littl blue,62.804664242166666
sing littl workingman,62.804664242166666
sing workingman blue,62.804664242166666
happi winter rise,62.28753217438681
nohow went might,62.28753217438681
moor winter river,62.12496423639742
belong bodi christ-forsaken,62.103498181625
keep break keep,61.99268432124167
keep leve keep,61.99268432124167
nohow without might,61.51695186261722
brain nohow went,61.23539455105163
went year keep,61.163728293385574
roll tumbl cri,60.96693776761748
without keep goin,60.888020522423275
winter river love,60.83725185684797
winter river rise,60.83725185684797
best frontlin sing,60.46481423928205
best sing bit,60.46481423928205
best sing littl,60.46481423928205
brain nohow without,60.46481423928205
fight best sing,60.46481423928205
year without keep,60.20050290367359
nohow year might,59.67922538806803
nohow went without,59.57524455393625
river love shall,59.54953947729852
river rise love,59.54953947729852
river rise shall,59.54953947729852
love shall left,58.941527103518325
love shall one,58.941527103518325
rise love one,58.941527103518325
rise shall one,58.941527103518325
happi winter river,58.895544548166995
moor happi river,58.895544548166995
brain nohow year,58.627087764732856
roll cri whole,58.627087764732856
tumbl cri whole,58.627087764732856
year keep goin,58.59086242923678
day summer night,58.287532174386804
man comin barren,58.12496423639741
nohow went year,57.73751807938706
happi river rise,57.607832168617556
back fight frontlin,57.51695186261722
boot back fight,57.51695186261722
boot hang back,57.51695186261722
bring boot back,57.51695186261722
bring hang back,57.51695186261722
hang back fight,57.51695186261722
hang back frontlin,57.51695186261722
anywher belong belong,57.34861067946154
belong belong bodi,57.34861067946154
belong belong christ-forsaken,57.34861067946154
freddi freddi po,57.34861067946154
brain went without,57.23539455105163
nohow year without,56.96693776761747
dream keep live,56.345824865705836
boot shoe back,56.229239483067765
bring shoe back,56.229239483067765
shoe back fight,56.229239483067765
shoe hang back,56.229239483067765
moor winter gone,55.57524455393625
netti moor gone,55.57524455393625
netti winter gone,55.57524455393625
brain went year,55.39766807650244
back best frontlin,55.17710185973259
back fight best,55.17710185973259
hang back best,55.17710185973259
roll tumbl night,55.17710185973259
love one left,54.941527103518325
shall left tell,54.941527103518325
shall one left,54.941527103518325
shall one tell,54.941527103518325
sugar babi nohow,54.941527103518325
brain year without,54.627087764732856
dum tweedle-de dee,54.497401853963346
tweedle-de dum dee,54.497401853963346
winter gone love,54.287532174386804
winter gone rise,54.287532174386804
love ever shall,54.134991658839716
rise ever shall,54.134991658839716
rise love ever,54.134991658839716
lover man comin,54.12496423639741
babi brain nohow,53.88938948018315
shoe back best,53.88938948018315
back fight sing,53.51695186261722
back frontlin sing,53.51695186261722
tweedle-de dee tweedle-de,53.44526423062817
babi nohow went,52.99981979483735
gone rise love,52.99981979483735
left tell black,52.99981979483735
roll whole night,52.83725185684797
tumbl whole night,52.83725185684797
sugar babi brain,52.601677100633694
freddi po boy,52.59372317729806
happi winter gone,52.34582486570583
moor happi gone,52.34582486570583
netti happi gone,52.34582486570583
door freddi freddi,51.34861067946154
back best sing,51.17710185973259
day night gone,51.05811248615639
happi gone rise,51.05811248615639
one left tell,50.941527103518325
moor gone river,50.895544548166995
winter gone river,50.895544548166995
river ever shall,50.74300403261992
river love ever,50.74300403261992
river rise ever,50.74300403261992
babi brain went,50.659969791952726
shall left world,50.659969791952726
shall one world,50.659969791952726
shall tell world,50.659969791952726
keep mind paid,50.37056641505399
ever shall left,50.134991658839716
ever shall one,50.134991658839716
ever shall tell,50.134991658839716
love ever left,50.134991658839716
love ever one,50.134991658839716
rise ever one,50.134991658839716
meet behind bring,50.103498181625
meet bottom behind,50.103498181625
meet bottom bring,50.103498181625
meet bottom lag,50.103498181625
meet lag behind,50.103498181625
meet lag bring,50.103498181625
gone river love,49.607832168617556
gone river rise,49.607832168617556
anywher way belong,49.59372317729806
man freddi po,49.59372317729806
way belong bodi,49.59372317729806
roll cri night,49.3393753851834
tumbl cri night,49.3393753851834
care care stay,48.85838568378846
left world black,48.71826248327176
tell black eye,48.71826248327176
tell world black,48.71826248327176
day summer gone,48.34582486570583
freddi freddi boy,47.838835675134604
thing stay mississippi,47.838835675134604
wrong stay mississippi,47.838835675134604
happi gone river,47.66612485993658
understand feel honest,47.38282639479944
care long stay,47.103498181625
left gone black,47.05811248615639
tell gone black,47.05811248615639
cri whole night,46.99952538229878
summer day night,46.71564913079011
left tell world,46.659969791952726
one left world,46.659969791952726
one tell world,46.659969791952726
stay mississippi long,46.59372317729806
summer summer night,46.137713896962914
ever left tell,46.134991658839716
ever one left,46.134991658839716
ever one tell,46.134991658839716
feel honest knew,45.62793889263598
one stay mississippi,45.08622215571051
left tell gone,44.99981979483735
one left gone,44.99981979483735
one tell gone,44.99981979483735
man freddi freddi,44.8388356751346
understand feel knew,44.8388356751346
way belong belong,44.8388356751346
summer day summer,44.68143341545219
world black eye,44.436705171706166
gone love ever,44.19328435015874
gone rise ever,44.19328435015874
door man freddi,43.59372317729806
feel 'd honest,43.137713896962914
thing wrong mississippi,43.08394817297113
thing wrong stay,43.08394817297113
travel care care,42.85838568378847
gone black eye,42.7765551745908
world gone black,42.7765551745908
tell world eye,42.378412480387134
travel wrong care,42.34861067946153
